row,cid,smiles,resolved_cid,status,file,reason
2,12921515,CC(COP(=O)(C(O)/C(=C/C1=CC=CC=C1)/Br)C(O)/C(=C/C2=CC=CC=C2)/Br)C,12921515,ok,CMPD_0016CCD8E311_scabiostellatoside_B.png,
3,10115040,C1COCCC1(C(=O)NO)S(=O)(=O)C2=CC=C(C=C2)OCCCC(=O)C3=CC=CS3,10115040,ok,CMPD_002B15F423F6_16-epoxy-9-hydroxy-labda-13_16_14-diene.png,
4,9798666,C1[C@H](C([C@@H](CC1(C(=O)O)O)O)OC(=O)/C=C/C2=CC(=C(C=C2)O)O)O,9798666,ok,CMPD_003F6EA7728C_4-O-CQA.png,
5,119205,COC1=C(C=CC(=C1)C[C@H]2COC(=O)[C@@H]2CC3=CC(=C(C=C3)O)OC)O,119205,ok,CMPD_004AC0A6CBCF_matairesinol.png,
6,23994,[Zn],23994,ok,CMPD_005856946616_Zn.png,
7,101998420,C1[C@@H]2[C@H]([C@H]3[C@@H]4[C@H](C5=C(C(=C(C(=C5C(=O)O4)C6=C(C(=C(C(=C6C(=O)O3)C7=C(C(=C(C=C7C(=O)O2)O)O)O)O)O)O)O)O)O)C8=C(C(=C(C9=C8C(=O)OC[C@@H]2[C@H]([C@H]3[C@@H]4[C@H](C5=C(C(=C(C(=C5C(=O)O4)C4=C(C(=C(C(=C4C(=O)O3)C3=C(C(=C(C=C3C(=O)O2)O)O)O)O)O)O)O)O)O)O)OC(=O)C2=CC(=C(C(=C29)O)O)O)O)O)O)OC(=O)C2=CC(=C(C(=C2C2=C(C(=C(C=C2C(=O)O1)O)O)O)O)O)O,101998420,ok,CMPD_0066C3AC0318_Roburins_D.png,
8,10091881,COC1=C(C=C(C=C1)CCNC(=O)CNC2=C(C=CC(=C2)Cl)C(=O)N)OC,10091881,ok,CMPD_0066C3AC0318_Roburins_D.png,
9,125203,C(C[C@H](C(=O)O)N)CNP(=O)(O)OS(=O)(=O)N,125203,ok,CMPD_00763E24CFF9_p-Cymen-7-ol.png,
10,643107,CC(=O)[C@@H]1CCCC1=O,643107,ok,CMPD_0077FA216F22_Î_-guaiene.png,
11,5365002,C/C=C(\CO)/C1CC2C3=C(CCN2C=C1C(=O)OC)C4=CC=CC=C4N3,5365002,ok,CMPD_007823A683D6_dihydrovallesiachotamine.png,
12,11451554,CC(=O)NC/C(=C/C1=CC(=C(C(=C1)OC)OC)OC)/C2=CC=C(C=C2)OC,11451554,ok,CMPD_0082A72AAC73_Stemmin_C.png,
13,5318605,COC1=CC2=C(CC(=CO2)C3=C(C(=C(C=C3)OC)OC)O)C=C1,5318605,ok,CMPD_008CB9E826B0_Mesembrenol.png,
14,25310,C[C@H]1[C@@H]([C@H]([C@H](C(O1)O)O)O)O,25310,ok,CMPD_009814501ACC_Rhamnose.png,
15,5487855,COC1=C(C=C(C=C1)C2=C(C(=O)C3=C(C=C(C=C3O2)O)O)O)OC,5487855,ok,CMPD_00984F777B3D_dillenetin.png,
16,1742210,C[C@@]12CC[C@@H]3[C@H](CC3(C)C)C(=C)CC[C@H]1O2,1742210,ok,CMPD_009AD39057EA_trans-caryophyllene_oxide.png,
17,1742247,C[C@H]1CC[C@]2([C@@H]([C@H]3[C@@H](O2)C[C@@H]4[C@@]3(CC[C@H]5[C@H]4CC=C6[C@@]5(CC[C@H](C6)OC(=O)C)C)C)C)N(C1)C(=O)C,1742247,ok,CMPD_009AD39057EA_trans-caryophyllene_oxide.png,
18,525,C(C(C(=O)O)O)C(=O)O,525,ok,CMPD_00A8A5C3F7BA_2S-2-hydroxybutanedioic_acid.png,
19,131752125,COC1=CC=CC2=C1C(=CN2OC)C/C(=N\OS(=O)(=O)O)/SC3C(C(C(C(O3)CO)O)O)O,131752125,ok,CMPD_00B09933146F_euphelionolides_M.png,
20,163105813,C/C=C(/C)\C(=O)O[C@H]1[C@@H]([C@]23[C@@H](C[C@]4([C@@]5(CC[C@@H]6[C@@]([C@H]5CC[C@@]4([C@@H]2CC1(C)C)O[C@@H]3O)(CC[C@@H](C6(C)C)O[C@H]7[C@@H]([C@H]([C@@H]([C@H](O7)C(=O)O)O)O[C@H]8[C@@H]([C@H]([C@H]([C@H](O8)CO)O)O)O[C@H]9[C@@H]([C@@H]([C@H]([C@@H](O9)O)O)O)O)O[C@@H]1C[C@@H]([C@@H]([C@@H]([C@@H]1O)O)O)CO)C)C)C)O)OC(=O)C,163105813,ok,CMPD_00B766BCA9A2_maesasaponin_III.png,
21,104278,C1=CC(=CC=C1N)OP(=S)(OC2=CC=C(C=C2)N)OC3=CC=C(C=C3)N,104278,ok,CMPD_00EF35B419A3_ligstral.png,
22,45598211,CCN1CC2(CC[C@H](C34[C@H]1C([C@H](C23)OC)([C@]5(CC([C@H]6CC4C5[C@H]6OC)OC)O)O)OC)COC(=O)C7=CC=CC=C7NC(=O)C(C)CC(=O)N,45598211,ok,CMPD_00FCF576C594_delsemine_A.png,
23,101297594,CN1CC[C@]2([C@H]1NC3=CC=CC=C32)[C@]45CCN([C@H]4N(C6=CC=CC=C56)C)C,101297594,ok,CMPD_01042129FEEA_1-_4-isopropylbenzyl_-1_3-dihydro-2H-benzo_d_imidazol-2-one.png,
24,127406,C1[C@H](C([C@@H](CC1(C(=O)O)O)OC(=O)C2=CC(=C(C(=C2)O)O)O)OC(=O)C3=CC(=C(C(=C3)O)O)O)OC(=O)C4=CC(=C(C(=C4)O)O)O,127406,ok,CMPD_0126D3C86787_tri-galloylquinic_acid.png,
25,12921525,CC(C)OP(=O)(OC(C)C)SCCN1CCOCC1,12921525,ok,CMPD_012BC44AE439_nilotinin_D4.png,
26,12921511,CC(C)OP(=O)(C(O)P(=O)([O-])OC)OC(C)C.[Na+],12921511,ok,CMPD_0149B5E6E5D9_Alaternosides_C.png,
27,131752114,CC1C(C(C(C(O1)OC2C(C(OC(C2OC3C(C(C(C(O3)CO)O)O)O)OC4CCC5(C(C4(C)C=O)CCC6(C5CC=C7C6(CC(C8(C7CC(CC8)(C)C)C(=O)OC9C(C(C(C(O9)C)OC(=O)C)OC1C(C(C(C(O1)C)O)O)O)OC1C(C(C(C(O1)C)OC1C(C(C(CO1)O)O)O)OC1C(C(C(C(O1)CO)O)O)O)O)O)C)C)C)C(=O)O)O)O)O)O,131752114,ok,CMPD_0151C4078372_euphelionolides_B.png,
28,129845814,COC1=C(C=CC(=C1)/C=C/CO)OS(=O)(=O)O,129845814,ok,CMPD_01599A2A2C0E_Coniferyl_alcohol_4-O-sulphate.png,
29,10967759,CO/C(=C\1/C=CC(=C1[N+]#N)I)/[O-],10967759,ok,CMPD_015B37BF1C8E_Soyaserebroside_I.png,
30,6441280,C1[C@H]([C@H]([C@@H](C[C@@]1(C(=O)O)O)OC(=O)/C=C/C2=CC=C(C=C2)O)O)O,6441280,ok,CMPD_015B9202D9E6_o-coumaroylquinic_acid.png,
31,131752178,COC(=O)C12C(C3=C(O1)C=CC(=C3)O)C(=O)C(=C2C4=CC(=C(C=C4)O)O)O,131752178,failed,,"('Connection aborted.', RemoteDisconnected('Remote end closed connection without response'))"
32,11016480,CC(C)(C)[Si](C1=CC=CC=C1)(C2=CC=CC=C2)OC[C@@H]3[C@H]([C@@H]3COS(=O)(=O)C)COCOC,11016480,failed,,"('Connection aborted.', RemoteDisconnected('Remote end closed connection without response'))"
33,6475682,COC1=CC(=O)C(=C(C1=O)CCCCCCC/C=C\C/C=C\CC=C)O,6475682,failed,,"('Connection aborted.', RemoteDisconnected('Remote end closed connection without response'))"
34,104996,C1CN2C(=N[C@H]([C@H]3[C@]2(C1(O)O)N=C(N3)N)COC(=O)NS(=O)(=O)O)N,104996,ok,CMPD_01929B2BDC55_alpha-Campholenol.png,
35,14340,COC1=C(C=CC(=C1)CCC(=O)O)O,14340,ok,CMPD_01A2916AA59C_Hydroferulic_acid.png,
36,637234,C[C@@]12CC[C@@]3(C(=CC[C@H]4[C@]3(CC[C@@H]5[C@@]4(CC[C@H]([C@]5(C)C(=O)O)O)C)C)[C@@H]1CC(CC2)(C)C)C,637234,ok,CMPD_01AC405D2702_Alpha-boswellic_acid.png,
37,5363404,CCCCCCCCCCCCCC/C=C\CCOC(=O)C,5363404,ok,CMPD_01B71313B5C8_phytol_acetate.png,
38,6428538,CC(C)CCCC(C)CCCC(C)CCC/C(=C/COC(=O)C)/C,6428538,ok,CMPD_01B71313B5C8_phytol_acetate.png,
39,338,C1=CC=C(C(=C1)C(=O)O)O,338,ok,CMPD_01EC40215EDD_2-hydroxybenzoic_acid.png,
40,13594,C1CC=CC(=O)C1,13594,ok,CMPD_01F0A2761184_2-cyclohexen-1-one.png,
41,72303,C=CCC1=CC(=C(C=C1)O)C2=CC(=C(C=C2)O)CC=C,72303,ok,CMPD_01F7F26FB330_3_5-diallyl-_1_1_-biphenyl_-2_4_-diol.png,
42,157140,COC(C[C@H]1[C@H]([C@@H](OC=C1C(=O)OC)O[C@H]2[C@@H]([C@H]([C@@H]([C@H](O2)CO)O)O)O)C=C)OC,157140,ok,CMPD_0219C0892F1D_secologanin_dimethyl_acetal.png,
43,14235244,C=CC(CN=C=S)O,14235244,ok,CMPD_022D89F85584_2-hydroxy-3-butenyl_isothiocyanate.png,
44,101287955,CCCC[Si]1(N([Si](N1N(C)C)(C)C)N(C)C)C(C)(C)C,101287955,ok,CMPD_02440644F835_Jaeschkeanadiol_angelate.png,
45,12921590,CCOP1(=O)C(OC(=N1)NOC)OC,12921590,ok,CMPD_02440644F835_Jaeschkeanadiol_angelate.png,
46,69150,C1=CC(=CC=C1C(=O)C2=CC=C(C=C2)O)O,69150,ok,CMPD_026B684CFDAB_4_4-dihydroxybenzophenone.png,
47,68257,COC1=CC=CC=C1I,68257,ok,CMPD_026B684CFDAB_4_4-dihydroxybenzophenone.png,
48,160521,COC1=C(C=C2[C@@H]([C@H]([C@@H](CC2=C1)CO)CO)C3=CC(=C(C=C3)O)OC)O,160521,ok,CMPD_027D4F2DEFD1__-isolariciresinol.png,
49,64685,CC1(C2CCC1(C(C2)O)C)C,64685,ok,CMPD_0280481B76CB_borneol.png,
50,23727,CN(C)CCN1CCN(C1=O)C2=CC(=CC=C2)Cl.Cl,23727,ok,CMPD_0280481B76CB_borneol.png,
51,65689,CC(C)CC(=O)OCC1=CO[C@H]([C@H]2[C@@H]1C[C@@H]([C@]23CO3)OC(=O)C)OC(=O)CC(C)C,65689,ok,CMPD_0281176DC11D_didrovaltrate.png,
52,528971,CCCCCCCCCCCCCCCCCCCCCCCCCC=C,528971,ok,CMPD_0291E8051956_heptacos-1-ene.png,
53,98608,CC(=CCOC1=C2C(=C(C3=C1OC(=O)C=C3)OC)C=CO2)C,98608,ok,CMPD_029C984EB798_Phellopterin.png,
54,131752313,C[C@@]12CCC3[C@@](CC(=O)C([C@]3([C@@]14[C@H](O4)C(=O)O[C@H]2C5=COC=C5)C)O)(C)[C@H](CC(=O)OC)O,131752313,ok,CMPD_029E9B17FB5D_Semipapposide_D.png,
55,644020,C1CCN2C[C@@H]3C[C@H]([C@H]2C1)CN4[C@H]3CCCC4,644020,ok,CMPD_02AD03C258D9_sparteine.png,
56,16724,CC1=CC[C@@H](CC1=O)C(=C)C,16724,ok,CMPD_02C56096938D_Carvone.png,
57,171455,CC(C)[C@H]1CC[C@]2(CCCC(=O)[C@]2(C1)C)C,171455,ok,CMPD_02CEFC720571_valeranone.png,
58,92786,CC(=O)[C@H]1CC[C@@H]2[C@@]1(CC[C@H]3[C@H]2CC[C@@H]4[C@@]3(CC[C@H](C4)O)C)C,92786,ok,CMPD_02D2A423E8B9_24-methylenecycloartanol.png,
59,92105,CN1C=C(N=C1)C[C@@H](C(=O)O)N,92105,ok,CMPD_02D2A423E8B9_24-methylenecycloartanol.png,
60,10354321,CC1=CC2=C(C(=C1)OC)NC3=C2C=C(C=C3)OC,10354321,ok,CMPD_02DA1B0FC187_clausenine.png,
61,2353,COC1=C(C2=C[N+]3=C(C=C2C=C1)C4=CC5=C(C=C4CC3)OCO5)OC,2353,ok,CMPD_02DCD8A9DE05_Berberine.png,
62,101707,C1CN2CC3=CC=CC=C3CC2C4=CC=CC=C41,101707,ok,CMPD_02DCD8A9DE05_Berberine.png,
63,68252,CC1=CC(=C(C=C1)C(C)C)OC(=O)C,68252,failed,,"('Connection aborted.', RemoteDisconnected('Remote end closed connection without response'))"
64,6989,CC1=CC(=C(C=C1)C(C)C)O,6989,ok,CMPD_02DF994A58AC_Thymol.png,
65,14104,CC1=CC(=C(C=C1)C(C)C)OC,14104,ok,CMPD_02DF994A58AC_Thymol.png,
66,12314661,CC(C)[C@]12CC[C@@]3([C@H]([C@H]1O2)O3)C,12314661,ok,CMPD_02FE3F586CA4_isoascaridole.png,
67,131752002,CC1C(C(C(C(O1)OC2C(C(COC2OC3C(C(OC(C3OC4C(C(C(C(O4)CO)O)O)O)OC5CCC6(C(C5(C)C)CCC7(C6CC=C8C7(CC(C9(C8CC(C(C9OC(=O)/C=C/C1=CC=CC=C1)OC(=O)C)(C)C)CO)OC(=O)C)C)C)C)C(=O)O)O)O)O)O)O)O,131752002,ok,CMPD_030F905CDC47_luteolin-7-O-glucoside-3-O-rhamnoside.png,
68,21593552,C[C@@H]1CCC[C@@]2([C@]13C[C@@H](CC2)C(O3)(C)C)C,21593552,ok,CMPD_0325CB64B481_Dihydroagarofuran.png,
69,20485945,CCCC/C=C/C=C/O,20485945,ok,CMPD_0336586B1F7B_octadienol.png,
70,12778491,C1=CC=C(C=C1)C2=CC(=O)C3=C(O2)C4=C(C=C3O)OC=C4,12778491,ok,CMPD_033FAD137A57_pongaglabol.png,
71,101416459,COC1C2=C(C=C(C=C2)O)NC3=C1C=CO3,101416459,ok,CMPD_03407330D91B_cis-_-bergamotene.png,
72,11005,CCCCCCCCCCCCCC(=O)O,11005,ok,CMPD_03437A007224_myristic_acid.png,
73,5318714,C[C@H]1[C@@H]([C@H]([C@H]([C@@H](O1)O[C@@H]2[C@H]([C@@H](O[C@@H]([C@@H]2OC(=O)/C=C/C3=CC(=C(C=C3)O)O)CO)OCCC4=CC(=C(C=C4)OC)O)O)O)O)O,5318714,ok,CMPD_034995434748_Patuletin_3-rutinoside.png,
74,6184,CCCCCC=O,6184,ok,CMPD_035190E86082_Hexanal.png,
75,7800,CCCCCCCCCCCC(=O)OCC,7800,ok,CMPD_03604D06A30F_Ethyl_docosanoate.png,
76,22199,CCCCCCCCCCCCCCCCCCCCCC(=O)OCC,22199,ok,CMPD_03604D06A30F_Ethyl_docosanoate.png,
77,14658050,C[C@@]12CC[C@@H]3[C@@]([C@H]1CC=C4[C@]2(CC[C@@]5([C@H]4[C@@H](C(CC5)(C)C)O)C(=O)O[C@H]6[C@@H]([C@H]([C@@H]([C@H](O6)CO)O)O)O)C)(C[C@H]([C@@H]([C@@]3(C)CO)O)O)C,14658050,ok,CMPD_037DAE96714E_arjunglucoside_I.png,
78,332,COC1=C(C=CC(=C1)C=C)O,332,ok,CMPD_03A8D883C528_4-vinyl_guaiacol.png,
79,162464,COC1=C(C=CC(=C1)C2=CC(=O)C3=C(C(=C(C=C3O2)OC)OC)O)O,162464,ok,CMPD_03AB945E84B2_cirsilineol.png,
80,6432240,C/C/1=C/CC/C(=C\C[C@H](CC1)C(C)(C)O)/C,6432240,ok,CMPD_03F8235F25E8_Hedycaryol.png,
81,21768605,C/C/1=C\CC/C(=C\CC(CC1)C(C)(C)O)/C,21768605,ok,CMPD_03F8235F25E8_Hedycaryol.png,
82,92729,CC1=C(C=C2CC[C@@](OC2=C1C)(C)CCC[C@H](C)CCC[C@H](C)CCCC(C)C)O,92729,ok,CMPD_040D246AC420__-tocopherol.png,
83,938,C1=CC(=CN=C1)C(=O)O,938,ok,CMPD_040D246AC420__-tocopherol.png,
84,131752122,COC1=C(C=CC(=C1)C2C(C3C2C(=O)OCC4(C(C(C(O4)CO)OC3=O)O)OC5C(C(C(C(O5)CO)O)O)O)C6=CC(=C(C=C6)O)OC)O,131752122,ok,CMPD_0417D83A43D8_euphelionolides_J.png,
85,73207,COC1=C(C(=C2C(=C1O)C(=O)C=C(O2)C3=CC=C(C=C3)O)OC)OC,73207,ok,CMPD_042501BF7E8D_Xanthomicrol.png,
86,10899521,CC1=CC[C@H]2[C@H]([C@@H]1C2(C)C)OC(=O)C,10899521,ok,CMPD_0443579A64C0_trans-Chrysanthenyl_acetate.png,
87,5318767,C[C@H]1[C@@H]([C@H]([C@H]([C@@H](O1)OC[C@@H]2[C@H]([C@@H]([C@H]([C@@H](O2)OC3=C(OC4=CC(=CC(=C4C3=O)O)O)C5=CC=C(C=C5)O)O)O)O)O)O)O,5318767,ok,CMPD_044FC9F07165_3-O-rutinoside_kaempferol.png,
88,91747180,CC(C)[C@@H]1C2C1[C@H]3C(=C)CC[C@H]([C@]3(C2)C)O,91747180,ok,CMPD_045EB0F475EE_torilenol.png,
89,92776,CC1=CC[C@@H](C=C1)[C@@H](C)CCC=C(C)C,92776,ok,CMPD_0484DCD3E3DD_Zingiberene.png,
90,612,CC(C(=O)O)O,612,ok,CMPD_04872934D466_Lactic_acid.png,
91,457801,CC[C@@H](CC[C@@H](C)[C@H]1CC[C@@H]2[C@@]1(CC[C@H]3[C@H]2CC=C4[C@@]3(CC[C@@H](C4)O)C)C)C(C)C,457801,ok,CMPD_0490A4149EBD_g-sitosterol.png,
92,68171,CCCCCCCCCCCCCCCCCCCCCCCCCCO,68171,ok,CMPD_04916541B679_1-hexacosanol.png,
93,441672,C1[C@H]([C@H]([C@H]([C@H](O1)O[C@@H]2[C@@H]([C@H]([C@@H](O[C@@H]2OC3=C(OC4=CC(=O)C=C(C4=C3)O)C5=CC(=C(C=C5)O)O)CO[C@@H]6[C@@H]([C@@H]([C@H]([C@@H](O6)CO)O)O)O)O)O)O)O)O,441672,ok,CMPD_049868834F70_Pelargonidin-3-monoglucoside.png,
94,643134,C/C(=C(\C1=CC=CC=C1)/Cl)/C=O,643134,ok,CMPD_04C7235C4713_Z-ocimenone.png,
95,442346,C[C@H]1CC[C@]2([C@H](C1=C)CC=C([C@@]2(C=O)O)C=O)C,442346,ok,CMPD_04E9FCFB33DC_canellal.png,
96,11996452,C[C@@H]1CC[C@H]2[C@@H]1[C@H]3[C@H](C3(C)C)CC[C@]2(C)O,11996452,ok,CMPD_05212201D97B_Viridiflorol.png,
97,119964,CCN(CCOC(=O)C)C1=CC=CC(=C1)C,119964,ok,CMPD_05212201D97B_Viridiflorol.png,
98,253193,CCC1=C(C2=NC1=CC3=C(C4=C([C@@H](C(=C5[C@H]([C@@H](C(=CC6=NC(=C2)C(=C6C)C=C)N5)C)CCC(=O)O)C4=N3)C(=O)OC)O)C)C,253193,ok,CMPD_052B735F6ED4_pheophorbide_a.png,
99,5318216,CC(=CCC1=C(C=CC(=C1)C2[C@H](C(=O)C3=C(O2)C(=C(C=C3)O)CC=C(C)C)O)O)C,5318216,ok,CMPD_052ED543EA5C_E-octadecyl_caffeate.png,
100,101625627,C[C@H]1[C@@H]([C@H]([C@H]([C@@H](O1)O[C@@H]2[C@H](O[C@H]([C@@H]([C@H]2O)O)O[C@H]3[C@H]([C@H](O[C@H]([C@@H]3O[C@H]4[C@@H]([C@H]([C@@H]([C@H](O4)CO)O)O)O)O[C@H]5CC[C@]6([C@H]([C@]5(C)CO)CC[C@@]7([C@@H]6C=C[C@@]89[C@]7(CC[C@@]1([C@H]8CC(CC1)(C)C)CO9)C)C)C)C)O)CO)O)O)O,101625627,ok,CMPD_053CCE0A63E7_ilwensisaponin_A.png,
101,5315132,C1=CN(C(=O)NC1=O)[C@@H]2[C@H]([C@H]([C@@H](O2)CO)OP(=O)(O)O)O,5315132,ok,CMPD_0543565E765E_Apigenin_7-O-_6_-acetylglucoside.png,
102,21721966,CC(=O)OC[C@@H]1[C@H]([C@@H]([C@H]([C@@H](O1)OC2=CC(=C3C(=C2)OC(=CC3=O)C4=CC=C(C=C4)O)O)O)O)O,21721966,ok,CMPD_0543565E765E_Apigenin_7-O-_6_-acetylglucoside.png,
103,5317570,C/C/1=C\CCC(=C)/C=C/[C@@H](CC1)C(C)C,5317570,ok,CMPD_0559D1FAF847_D-germacrene.png,
104,13844658,COC(=O)[C@@H]1[C@H]([C@@H]([C@H]([C@@H](O1)OC2=CC(=C3C(=C2)OC(=CC3=O)C4=CC=C(C=C4)O)O)O)O)O,13844658,ok,CMPD_057D7CB6C9B9_Apigenin-7-O-Î²-D-glucuronopyranoside_methyl_ester.png,
105,10887304,CC1=C2C(=CC=C1)C=C3C(=N2)C(=CN(C3=O)CCN(C)CCCN(C)CCN4C=C(C5=NC6=C(C=CC=C6C=C5C4=O)C)C(=O)NCCN(C)C)C(=O)NCCN(C)C,10887304,ok,CMPD_058C14766B91_alpha-Muurolene.png,
106,133323,CN1CCC2=CC(=C(C3=C2[C@@H]1CC4=CC(=C(C=C43)OC)O)O)OC,133323,ok,CMPD_05A7FA00148F_isoboldine.png,
107,73170,C[C@@H]1CC[C@@]2(CC[C@@]3(C(=CC[C@H]4[C@]3(CC[C@@H]5[C@@]4(CC[C@@H](C5(C)C)O)C)C)[C@@H]2[C@H]1C)C)C,73170,ok,CMPD_05BCA8B37376_Alpha-amyrin.png,
108,73145,C[C@@]12CC[C@@]3(C(=CC[C@H]4[C@]3(CC[C@@H]5[C@@]4(CC[C@@H](C5(C)C)O)C)C)[C@@H]1CC(CC2)(C)C)C,73145,ok,CMPD_05BCA8B37376_Alpha-amyrin.png,
109,10091886,C1=CC=C2C(=C1)C(=C3C(=C2Br)OC4=CC=CC=C4O3)Br,10091886,ok,CMPD_05C2B9EFA463_scabiostellatoside_C.png,
110,10183141,CC(C)[C@H]1CN(CCN1C(=O)CC2CCN(CC2)C(=O)C)C(C3=CC=C(C=C3)Cl)C(C)C,10183141,ok,CMPD_05D4F4905DBD_Cis-thujopsenic_acid.png,
111,44257923,C1[C@H]([C@@H](C([C@@H](O1)C2=C(C(=C3C(=C2O)C(=O)C=C(O3)C4=CC(=C(C=C4)O)O)[C@H]5C([C@H]([C@@H](C(O5)CO)O)O)O)O)O)O)O,44257923,ok,CMPD_05FD782079B6_lucenin-1.png,
112,6436208,C/C=C(\C)/C(=O)N[C@@H](C1=CC=CC=C1)[C@H](C(=O)O[C@H]2C[C@]3([C@H]([C@H]4[C@@]([C@H](C[C@@H]5[C@]4(CO5)OC(=O)C)O)(C(=O)[C@@H](C(=C2C)C3(C)C)OC(=O)C)C)OC(=O)C6=CC=CC=C6)O)O,6436208,ok,CMPD_064B66D784D8_cephalomannine.png,
113,158144,C[C@@H]1[C@H](C[C@H]2[C@@H]1[C@@H](OC=C2C(=O)O)O[C@H]3[C@@H]([C@H]([C@@H]([C@H](O3)CO)O)O)O)O,158144,ok,CMPD_065D07776CAD_8-epiloganic_acid.png,
114,5282166,C1=CC(=C(C=C1C2=C(C(=O)C3=C(C=C(C=C3O2)O)O)O[C@H]4[C@@H]([C@H]([C@@H]([C@H](O4)CO)O)O)O[C@H]5[C@@H]([C@H]([C@@H]([C@H](O5)CO)O)O)O)O)O,5282166,ok,CMPD_0667AB972380_quercetin-3-sophoroside.png,
115,5320293,COC1=CC=C(C=C1)C2=COC3=C(C2=O)C=CC(=C3)O[C@@H]4[C@@H]([C@H]([C@@H]([C@H](O4)CO)O)O)O,5320293,ok,CMPD_0667AB972380_quercetin-3-sophoroside.png,
116,10032927,C1=CC(=CC=C1/C=C/C(=O)OC[C@@H]2[C@H]([C@@H]([C@H]([C@@H](O2)OC3=C(OC4=CC(=CC(=C4C3=O)O)O)C5=CC=C(C=C5)O)O)OC(=O)/C=C/C6=CC=C(C=C6)O)O)O,10032927,ok,CMPD_066F088F9A63_kaempferol_3-O-_3_6_-di-_E_-p-coumaroyl_-beta-D-glucopyranoside.png,
117,5317287,COC1=C(C=C(C=C1)C2=C(C(=O)C3=C(C(=C(C=C3O2)OC)OC)O)O)O,5317287,ok,CMPD_067311304F82_eupatin.png,
118,442418,C[C@@]12[C@H]3[C@@H](OC=C[C@]3([C@@H]([C@@H]1O2)O)O)O[C@H]4[C@@H]([C@H]([C@@H]([C@H](O4)CO)O)O)O,442418,ok,CMPD_06B4CA277791_antirrhinoside.png,
119,10855476,C1CC(=O)NC1CCO,10855476,ok,CMPD_06B4CA277791_antirrhinoside.png,
120,6338,C=CCl,6338,ok,CMPD_06E06118E7EE_1-2-benzenedicarboxylic_acid_bis-2-methylpropyl-ester.png,
121,442009,CC(C)C1=C(C(=C2C(=C1)[C@@H]3C[C@@H]4[C@@]2(CCCC4(C)C)C(=O)O3)O)O,442009,ok,CMPD_06ECCC7DF363_carnosol.png,
122,5280633,C1[C@H]([C@@H]([C@@H](C[C@]1(C(=O)O)O)OC(=O)/C=C/C2=CC(=C(C=C2)O)O)O)O,5280633,ok,CMPD_0734D77FBBD3_5-O-caffeoylquinic_acid.png,
123,520758,CC(C)C1CCC(C(C1O)C(=C)C)(C)C=C,520758,ok,CMPD_074FB78D4305_Shyobunol.png,
124,12921512,CC(C)OP(=O)(C(O)P(=O)(O)OC)OC(C)C,12921512,failed,,"('Connection aborted.', RemoteDisconnected('Remote end closed connection without response'))"
125,10910653,C[C@@H]1CCC2=C(CC[C@@H]3[C@H]([C@H]12)C3(C)C)C,10910653,ok,CMPD_07557FBC04A8_ledene.png,
126,8417,COC1=C(C=C2C(=C1)C=CC(=O)O2)OC,8417,ok,CMPD_075804CC4BFB_Scoparone.png,
127,25311,CCCCCCCCCCCCC=O,25311,ok,CMPD_075B96F8C910_tridecanal.png,
128,14017925,C[C@]12CCC[C@@]([C@@H]1CC(=O)C3=C2C=CC(=C3)C(C)(C)O)(C)C(=O)O,14017925,ok,CMPD_076F07182628_7-oxo-15-hydroxydehydroabietic_acid.png,
129,101666683,CC1(C=CC2=C(O1)C=C3C(=C2)CC(CO3)C4=C(C=C(C=C4)OC)O)C,101666683,ok,CMPD_076F8009465F_falcarindol-3-acetate.png,
130,439336,C([C@@H]1[C@@H]([C@@H]([C@H]([C@H](O1)OC[C@@H]2[C@H]([C@@H]([C@@H]([C@@H](O2)O)O)O)O[C@H]3[C@H]([C@H]([C@@H]([C@H](O3)CO)O)O)O)O)O)O)O,439336,ok,CMPD_0798628B90A8_Galactomannan.png,
131,102553070,C[C@@H]1CN(CC(O1)C(=O)N)C(=O)NCC2(CCC2)C,102553070,ok,CMPD_07BD0F8139FE_muticin.png,
132,10245246,CC1=C2C=C3CC[C@H]4[C@]([C@@H]3C[C@H]2OC1=O)(CC[C@H](C4(C)C)O)C,10245246,ok,CMPD_07C5B90A50EF_helioscopinolide_A.png,
133,5281416,C1=CC(=O)OC2=CC(=C(C=C21)O)O,5281416,ok,CMPD_07CB36D87691_Aesculetin.png,
134,439215,[C@@H]1([C@H]([C@H](OC([C@@H]1O)O)C(=O)O)O)O,439215,ok,CMPD_07D77B7F08CF_D-galacturonic_acid.png,
135,102303030,CC1=C2CC[C@]([C@H]2[C@H]3[C@H](C3(C)C)CC1)(C)O,102303030,ok,CMPD_07E4522A5F3A_isospathulenol.png,
136,10183139,CC(C)(C1=CC=C(C=C1)Cl)C(=O)NCC2=CC=CC=C2C3=C(N=CC=C3)C(=O)NCC4CC4,10183139,failed,,"('Connection aborted.', RemoteDisconnected('Remote end closed connection without response'))"
137,3085257,CCCC[C@H]1C2=C(C=CCC2)C(=O)O1,3085257,ok,CMPD_0824FFD3B002_Senkyunolide_A.png,
138,9888014,CC(C)C1C2=C(C(=C(C=C2O)O)C(=O)C(C)C)OC3=C1C(=O)C(C(=O)C3(C)C)(C)C,9888014,ok,CMPD_089EC7F54B56_myrtucommulone_B.png,
139,10141642,CC1=CC(NC2=C1C3=C(C=C2)C4=C(C=CC=C4OC(F)(F)Br)OC3C5=CC=CC=C5)(C)C,10141642,ok,CMPD_089EC7F54B56_myrtucommulone_B.png,
140,10091376,C1C(NC(S1)CCCCCOC[C@H]([C@H]([C@@H]([C@H](CO)O)O)O)O)C(=O)O,10091376,ok,CMPD_089EC7F54B56_myrtucommulone_B.png,
141,12315453,CCCC[C@H]1[C@H]2CCCC=C2C(=O)O1,12315453,ok,CMPD_08B1EF7FB2F7_Isocnidilide.png,
142,101231687,CCOP(=O)(CC=C)[C@@H]([C@H](CC1=CC=CC=C1)N(CC2=CC=CC=C2)CC3=CC=CC=C3)O,101231687,ok,CMPD_08F3697929A5_Carissaeduloside_H.png,
143,11869658,C[C@]12CC[C@H](C([C@@H]1CC[C@@]3([C@@H]2CC=C4[C@]3(CC[C@@]5([C@H]4CC(CC5)(C)C)C(=O)O)C)C)(C)C)O,11869658,ok,CMPD_08F6B75D456A_3-epioleanolic_acid.png,
144,637541,C1=CC(=CC(=C1)O)/C=C/C(=O)O,637541,ok,CMPD_0903A8751DE5_m-coumaric_acid.png,
145,160491,C[C@@H]1CC[C@@H]2[C@@H](C2(C)C)C3=C(C(=O)C[C@H]13)C,160491,ok,CMPD_0924D62C38ED_cyclocolorenone.png,
146,637776,C/C=C/C1=CC(=C(C=C1)OC)OC,637776,ok,CMPD_09435A7D3159_Trans-methyl-isoeugenol.png,
147,5319746,C[C@@H]1[C@H]2C3=CC(=O)C4[C@]([C@]3(CC[C@]2(CCC1C)C(=O)OC)C)(CCC5[C@@]4(CC([C@@H]([C@@]5(C)CO)O)O)C)C,5319746,failed,,"('Connection aborted.', RemoteDisconnected('Remote end closed connection without response'))"
148,11526834,CC(C)(C)OC(=O)NCCC1=CC(=C(C=C1)OCCCN2C(=O)C3=CC=CC=C3C2=O)I,11526834,ok,CMPD_095F2E06B995_9_19-Cyclolanostane-3_24-diol.png,
149,157102,CC(=CCC1=C2C(=C(C=C1OC)OC)C(=O)C[C@H](O2)C3=CC=CC=C3)C,157102,ok,CMPD_0960B1694F10_candidone.png,
150,5274596,CC1=CC=C(C=C1)NC(=O)C(=O)NCC2=CC=C(O2)/C=C\3/C(=O)C(=C(N3)C)C(=O)OC,5274596,ok,CMPD_09C3B85D9EFF_miquelianin.png,
151,5274571,CN1C2C=CC(=O)N(C2C3=CC=CC=C31)C4=CC=C(C=C4)C5=NOC(=N5)C6=CC=C(C=C6)OC,5274571,ok,CMPD_09C3B85D9EFF_miquelianin.png,
152,637758,CCOC(=O)/C=C/C1=CC=CC=C1,637758,ok,CMPD_09C3FBEC9C46_trans-ethylcinnamate.png,
153,193679,CC(=CCC1=C(C=CC2=C1O[C@@H](CC2=O)C3=CC=C(C=C3)O)O)C,193679,ok,CMPD_09E857A8DE39_Isobavachin.png,
154,115243,C1=CC2=C(C=CC=N2)C(=C1)F,115243,ok,CMPD_09E857A8DE39_Isobavachin.png,
155,1060,CC(=O)C(=O)O,1060,ok,CMPD_09F5B5E4C3D4_Pyruvic_acid.png,
156,5364555,CCCCCCCC/C=C/CCCCCCC,5364555,ok,CMPD_09FF51B0BBAC_8-heptadecene.png,
157,102220193,CCSC(=S)SC(C)(CCC(=O)OCCSSCCOC(=O)CCCC1=C2C=CC3=CC=CC4=C3C2=C(C=C4)C=C1)C#N,102220193,ok,CMPD_0A0A9890A713_asiaticumines_B.png,
158,7469,CC(=O)C1=CC=C(C=C1)O,7469,ok,CMPD_0A124DE25387_p-hydroxyacetophenone.png,
159,91472,C[C@H]1C(=O)CC[C@@H]2[C@@]1(CC[C@H]3[C@]2(CC[C@@]4([C@@]3(CC[C@@]5([C@H]4CC(CC5)(C)C)C)C)C)C)C,91472,ok,CMPD_0A3261E55E5B_friedelin.png,
160,87839,CC1=C[C@@H]([C@H]2C[C@@H]1C2(C)C)O,87839,ok,CMPD_0A415B8FCF5D_cis-verbenol.png,
161,20843368,CC(C)C/C(=N/OS(=O)(=O)O)/S[C@H]1[C@@H]([C@H]([C@@H]([C@H](O1)CO)O)O)O,20843368,ok,CMPD_0A4974B70153_Isobutyl_glucosinolate.png,
162,5352460,CCC/C=C/COC(=O)CC(C)C,5352460,ok,CMPD_0A50668F2146_E-2-hexen-1-ol.png,
163,6433291,CN1CCN(CC1)CCCN2C3=C(C(=NCC2=O)C4=CC=CC=C4F)C=C(C=C3)Cl.C(=C\C(=O)O)\C(=O)O.C(=C\C(=O)O)\C(=O)O,6433291,ok,CMPD_0A711A155B13_pyroligneous_acid.png,
164,11552,CC(C)CC=O,11552,ok,CMPD_0A73F4B2E95E_Isovaleraldehyde.png,
165,160799,CC1=C[C@H]2[C@@H](CC[C@]([C@@H]2CC1)(C)O)C(C)C,160799,ok,CMPD_0A8515BBE0BD_Cedrelanol.png,
166,12302196,CC(C1C(CC2(C1(CCC34C2C=CC5C3(C4)CCC(C5(C)CO)NC(=O)C6=CC=CC=C6)C)C)OC(=O)C)N(C)C,12302196,ok,CMPD_0A8515BBE0BD_Cedrelanol.png,
167,5310981,C1=CC(=CC(=C1)F)C2=NC=C(N2)CCN,5310981,ok,CMPD_0A8CF805710D_Cytisine.png,
168,139031,COC1=CC=C(C=C1)NC(=O)C2=CC=CC=C2,139031,ok,CMPD_0A9B52132C5F_Delta-thujene.png,
169,101416449,CCCC(/C=C/C=C/C#CC#C/C=C/C)O,101416449,ok,CMPD_0AA7BE2DCB4E_Dremenin.png,
170,45268797,CC(=CCN(CC=C(C)C)C(=N)N)C,45268797,ok,CMPD_0AAFF5AD748A_pterogynine.png,
171,5315459,COC1=C(C=C(C=C1)C2=CC(=O)C3=C(C=C(C=C3O2)O)O)C4=C(C=C(C5=C4OC(=CC5=O)C6=CC=C(C=C6)O)O)O,5315459,ok,CMPD_0AD64642299F_bilobetin.png,
172,101214343,CC1=CN(C(=O)N=C1O)[C@H]2C[C@@H]([C@H](O2)CO[C@@H]3[C@H](O[C@H]([C@@H]3O)N4C=CC(=N)N=C4O)CO[C@H]5C[C@@H](O[C@@H]5CO[C@H]6C[C@@H](O[C@@H]6CO[C@H]7C[C@@H](O[C@@H]7CO[C@H]8C[C@@H](O[C@@H]8CO[C@H]9C[C@@H](O[C@@H]9CO[C@H]1C[C@@H](O[C@@H]1CO[C@H]1C[C@@H](O[C@@H]1CO[C@@H]1[C@H](O[C@H]([C@@H]1O)N1C=NC2=C(N=CN=C21)N)CO[C@H]1C[C@@H](O[C@@H]1CO)N1C=C(C(=NC1=O)O)C)N1C=C(C(=NC1=O)O)C)N1C=C(C(=NC1=O)O)C)N1C=C(C(=NC1=O)O)C)N1C=C(C(=NC1=O)O)C)N1C=C(C(=NC1=O)O)C)N1C=C(C(=NC1=O)O)C)N1C=C(C(=NC1=O)O)C)O,101214343,ok,CMPD_0AE66ACB160C_Quercetin_diglucoside.png,
173,10975,CC(C)(CCCC(=C)C=C)O,10975,ok,CMPD_0AF376F22D32_myrcenol.png,
174,5319562,COC(=O)/C=C/C1=CC=C(C=C1)O,5319562,ok,CMPD_0AFAD346A17D_Methyl_coumarate.png,
175,92203,COC(=O)C=CC1=CC=C(C=C1)O,92203,ok,CMPD_0AFAD346A17D_Methyl_coumarate.png,
176,129068,CCCCCOC(=O)C1=CC=CC=C1C2=C3C=CC(=N)C=C3OC4=C2C=CC(=C4)N,129068,ok,CMPD_0B165ABA7A05_5_7-Dodecadiyn_-1_12-diol.png,
177,5282217,C/C(=C\C=C\C=C(/C)\C=C\C=C(/C)\C=C=C1[C@](C[C@H](CC1(C)C)O)(C)O)/C=C/C=C(/C)\C=C\[C@]23[C@](O2)(C[C@H](CC3(C)C)O)C,5282217,ok,CMPD_0B1C016CD4AA_neoxanthin.png,
178,442538,C[C@H](CCC1=CC=C(C=C1)O)O[C@H]2[C@@H]([C@H]([C@@H]([C@H](O2)CO)O)O)O,442538,ok,CMPD_0B8EE56F9022_Betuloside.png,
179,5360545,[Na],5360545,ok,CMPD_0BC7749A1EA7_Na.png,
180,5460357,C([C@H](COP(=O)(O)OC1C(C(C(C(C1O)O)O)O)O)C(=O)O)C(=O)O,5460357,ok,CMPD_0BC7749A1EA7_Na.png,
181,5282146,C1=CC(=C(C(=C1)O)O)/C=C/C(=O)O,5282146,ok,CMPD_0BDA13A5923B_kaempferol_3-O-_-arabinopyranoside.png,
182,5318215,CCCC(=O)O[C@H]1[C@H]2C(/C=C(/CC/C=C(/C1O)\C=O)\C)OC(=O)C2=C,5318215,ok,CMPD_0BDA13A5923B_kaempferol_3-O-_-arabinopyranoside.png,
183,5319706,CC/C=C\C/C=C\C/C=C\CCCCCCCC(=O)OC,5319706,ok,CMPD_0BDF5657D24E_Methyl_linoleate.png,
184,5284421,CCCCC/C=C\C/C=C\CCCCCCCC(=O)OC,5284421,ok,CMPD_0BDF5657D24E_Methyl_linoleate.png,
185,5281384,C/C/1=C\CC/C(=C/C[C@@H](CC/C(=C/CC1)/C)C(=C)C)/C,5281384,ok,CMPD_0BF195EE643F_cembrene_A.png,
186,5322119,C[C@@]12CCC[C@@]3([C@@H]1CCC45[C@H]3CCC(C4)[C@](C5)(C)O)COC2=O,5322119,ok,CMPD_0BF195EE643F_cembrene_A.png,
187,10887301,CC1=CC(=CC(=C1N)C)C2(CCCCC2)C3=CC(=C(C(=C3)C)NC(=O)/C=C/C4=CC(=CC=C4)C(=O)NC5=C(C=C(C=C5C)C6(CCCCC6)C7=CC(=C(C(=C7)C)N)C)C)C,10887301,ok,CMPD_0C0E72297BF9_2a-hydroxy_helioscopinolide_B.png,
188,101859350,C[S+](C1=CC=C(C=C1)Br)NC(=O)OCC2=CC=CC=C2,101859350,ok,CMPD_0C0E72297BF9_2a-hydroxy_helioscopinolide_B.png,
189,5321317,COC1=C(C=C2C3CC4=C(CN3CCC2=C1)C5=C(C=C4)OCO5)OC,5321317,ok,CMPD_0C1767FEADE7_sinactine.png,
190,12309204,CC1=CC(=CC2=C1C(=O)C3=C(C2=O)C=C(C=C3O)O)O,12309204,ok,CMPD_0C1A0AD3E382_desoxyerythrolaccin.png,
191,5281319,CC(=O)OC(C)(C)/C=C/C(=O)[C@@](C)([C@H]1[C@@H](C[C@@]2([C@@]1(CC(=O)[C@@]3([C@H]2CC=C4[C@H]3C=C(C(=O)C4(C)C)O)C)C)C)O)O,5281319,ok,CMPD_0C1FD1A620BF_Cucurbitacin_E.png,
192,5274558,C1=CC=C2C(=C1)C3C(N2)C=CC(=O)N3C4=CC=C(C=C4)C#N,5274558,ok,CMPD_0C20E0400621_Kaempferol_3-O-glucuronide.png,
193,74315888,C1=CC(=CC=C1C2=C(C(=O)C3=C(C=C(C=C3O2)OC4C(C(C(C(O4)C(=O)O)O)O)O)O)O)O,74315888,ok,CMPD_0C20E0400621_Kaempferol_3-O-glucuronide.png,
194,5318759,C1=CC(=CC=C1C2=C(C(=O)C3=C(C=C(C=C3O2)O)O)O[C@H]4[C@@H]([C@H]([C@@H]([C@H](O4)C(=O)O)O)O)O)O,5318759,ok,CMPD_0C20E0400621_Kaempferol_3-O-glucuronide.png,
195,161313,CN1CCCCC1C2=CN=C(C=C2)C3=CN=CC=C3,161313,ok,CMPD_0C23A2E68D13_Anabasamine.png,
196,5281678,COC1=C(C2=C(C=C1O)OC(=C(C2=O)O)C3=CC(=C(C=C3)O)O)O,5281678,ok,CMPD_0C2F07430DAF_patuletin.png,
197,119093,C=C1C[C@@H]([C@@H]2[C@@H]([C@@H]3[C@H]1C[C@@H](C3=C)O)OC(=O)C2=C)OC(=O)C(=C)CO,119093,ok,CMPD_0C31C3313DDA_Cynaropicrin.png,
198,102142512,C1COC2=C([Se]C=C2O1)C3=CC=C(C4=NSN=C34)C5=C6C(=C[Se]5)OCCO6,102142512,ok,CMPD_0C3E5420B9ED_Armeroside_D.png,
199,439263,C[C@@H]1CC[C@H]([C@H](C1)O)C(C)C,439263,ok,CMPD_0C41C6A39884_neo-menthol.png,
200,7361,C1=COC(=C1)CO,7361,ok,CMPD_0C505F62F256_2-tert-butylphenol.png,
201,5742693,COC1=CC(=C2C(=C1)OC(=CC2=O)C3=CC(=C(C(=C3OC)OC)OC)OC)O,5742693,ok,CMPD_0C546DFA5490_5-hydroxy-7_2_3_4_5_-pentamethoxyflavone.png,
202,131752315,CC(=CCCC1=CCSSSC1)C,131752315,ok,CMPD_0C5EF6E7B978_Semipapposide_F.png,
203,6129,CNC(=O)OC1=CC=CC2=CC=CC=C21,6129,ok,CMPD_0C672CC1EFC7_Carbaril.png,
204,10091888,CC(C)OC(=O)C(CC(CCCOC(=O)C)I)(F)F,10091888,ok,CMPD_0C68A5770AB8_Gallicaside_E.png,
205,521846,CCCCCCCCCCCCCCCCCCCCCCCCCCCCCCCCCCCCCCCCCCCCCCCCCCCCCC,521846,ok,CMPD_0CDF3086DFAA_tetrapentacontane.png,
206,5315892,C1=CC=C(C=C1)/C=C/CO,5315892,ok,CMPD_0CE8C13B7EB0_cis-_-farnesene.png,
207,20224800,CCC(C)CCCCCCC=O,20224800,failed,,"('Connection aborted.', RemoteDisconnected('Remote end closed connection without response'))"
208,1017,C1=CC=C(C(=C1)C(=O)O)C(=O)O,1017,ok,CMPD_0D0E9E04EC9F_Phthalic_acid.png,
209,9891,CN(C)C(=O)F,9891,ok,CMPD_0D0E9E04EC9F_Phthalic_acid.png,
210,92760,C[C@]12CC[C@@H](C[C@@H]1CC[C@@H]3[C@@H]2CC[C@]4([C@@]3(CC[C@@H]4C5=CC(=O)OC5)O)C)O,92760,ok,CMPD_0D1E5186BA66_uzarigenin.png,
211,124075,CN1C(=O)C=C(C2=C1C3=C(C=C2)OCO3)OC,124075,ok,CMPD_0D3A5CD94957_Casimiroin.png,
212,131752317,CCN(CC1=CC(=CC=C1)S(=O)(=O)[O-])C2=CC=C(C=C2)C(=C3C=CC(=[N+](CC)CC4=CC(=CC=C4)S(=O)(=O)O)C=C3)C5=CC(=C(C=C5)O)S(=O)(=O)O,131752317,ok,CMPD_0D4733542099_Semipapposide_H.png,
213,177622408,C[C@H]1[C@@H]([C@H]([C@H]([C@@H](O1)O[C@@H]2[C@H](O[C@H]([C@@H]([C@H]2O)O)O[C@H]3[C@H]([C@H](O[C@H]([C@@H]3OC4C(C(C([C@H](O4)CO)O)O)O)O[C@H]5CC[C@]6([C@H]([C@]5(C)CO)CC[C@@]7([C@@H]6C=CC8=C9CC(CC[C@@]9(CC[C@]87C)CO)(C)C)C)C)C)O)CO)O)O)O,177622408,ok,CMPD_0D474B08AA3C_ilwensisaponin_B.png,
214,93039,C1=CO[C@H]([C@H]2[C@@H]1[C@@H]([C@H]3[C@@]2(O3)CO)OC(=O)C4=CC=C(C=C4)O)O[C@H]5[C@@H]([C@H]([C@@H]([C@H](O5)CO)O)O)O,93039,ok,CMPD_0D5D64F97CB5_catalposide.png,
215,5281788,C1=CC(=C(C=C1CCO[C@H]2[C@@H]([C@H]([C@@H]([C@H](O2)CO)OC(=O)/C=C/C3=CC(=C(C=C3)O)O)O[C@H]4[C@@H]([C@H]([C@@H]([C@H](O4)CO)O)O)O)O)O)O,5281788,ok,CMPD_0D5F4BE6FF77_Dehydrodiconiferyl_alcohol-4-O-Î²-D-glucoside.png,
216,10115046,CC1CCC(CC1)C(=O)NC2=CC=C(C=C2)C3=NC4=C(N3)C=C(C=C4)C(=O)NC5=CC=CC=N5,10115046,ok,CMPD_0D6BF1B48542_ent-trachylobane-6alpha_17_19-triol.png,
217,10639,CC1=CC2=C(C(=C1)O)C(=O)C3=C(C2=O)C=C(C=C3O)OC,10639,ok,CMPD_0D74E752CD74_Physcion.png,
218,103993,CC(=O)C1=CC(=CC(=C1)O)O,103993,ok,CMPD_0DA4F385ED0C_3_5-dimethoxyacetophenone.png,
219,95997,CC(=O)C1=CC(=CC(=C1)OC)OC,95997,ok,CMPD_0DA4F385ED0C_3_5-dimethoxyacetophenone.png,
220,8815,COC1=CC=C(C=C1)CC=C,8815,ok,CMPD_0DA7D72C1827_methylchavicol.png,
221,5491147,C1=CC(=CC(=C1)S(=O)(=O)[O])N=NC2=C3C=CC=NC3=C(C=C2)[O],5491147,ok,CMPD_0DB66ED0DAB5_myricetin-3-O-glucuronide.png,
222,5487413,C1=C(C=C(C(=C1O)O)O)C2=C(C(=O)C3=C(C=C(C=C3O2)O)O)O[C@H]4[C@@H]([C@H]([C@@H]([C@H](O4)C(=O)O)O)O)O,5487413,ok,CMPD_0DB66ED0DAB5_myricetin-3-O-glucuronide.png,
223,5366074,C/C=C/C(=O)C1=C(C=CCC1(C)C)C,5366074,ok,CMPD_0DCB8140FDFF_beta-Damascenone.png,
224,165365640,CC[C@@]1(CC2=C(C[C@@H]1C(=C)C)C(=CO2)C)C,165365640,ok,CMPD_0DED15587851_curzerene.png,
225,10122934,CCN1CCC(CC1)N(CCCCCCCC2=CC=C(C=C2)C(F)(F)F)C(=O)CN3C4=CC=CC=C4C(=O)C=C3SCC5=C(C(=CC=C5)F)F,10122934,ok,CMPD_0E0EFA9B1474_Afrocyclamin_A.png,
226,131752128,CC12CCCC3(C1C(C45C3CC(C(C4)(C(=C)C5)O)O)C(=O)O)OC2=O,131752128,ok,CMPD_0E0F7AB704BB_eupheliotriols_B.png,
227,5317238,CCOC(=O)/C=C/C1=CC(=C(C=C1)O)O,5317238,ok,CMPD_0E218DAF2C15_Ethyl_caffeate.png,
228,5280442,COC1=CC=C(C=C1)C2=CC(=O)C3=C(C=C(C=C3O2)O)O,5280442,ok,CMPD_0E3EB14F06F4_Acacetin.png,
229,17950432,CC(=CCC1=C(C=C(C(=C1O)C(=O)O)CCC2=CC=CC=C2)OC)C,17950432,ok,CMPD_0E412F1882EF_Amorfrutin_A.png,
230,10183134,C1CCN(CC1)C(=N)C2=CC=C(C=C2)C(=O)NC3=CC=CC=C3C(=O)NC4=NC=C(C=C4)Cl,10183134,ok,CMPD_0E554472FB5B_2-hydroxy-1_8-cineole_beta-D-glucoside.png,
231,13849,CCCCCCCCCCCCCCC(=O)O,13849,failed,,"('Connection aborted.', RemoteDisconnected('Remote end closed connection without response'))"
232,5281417,C1=CC(=O)OC2=CC(=C(C=C21)O[C@H]3[C@@H]([C@H]([C@@H]([C@H](O3)CO)O)O)O)O,5281417,ok,CMPD_0E7498F0AD6B_esculin.png,
233,5359327,[Sr],5359327,ok,CMPD_0E85B0601412_Strontium.png,
234,5318214,COC1=CC(=C2C(=C1)OC(=CC2=O)C3=CC(=C(C=C3)O)O)O,5318214,ok,CMPD_0EED656D9E1A_quercetin_3-O-arabinopyranoside.png,
235,5282110,CC(=O)OC/C=C/C1=CC=CC=C1,5282110,ok,CMPD_0EED656D9E1A_quercetin_3-O-arabinopyranoside.png,
236,442402,CC1=CC[C@@]2(CCCC([C@]23[C@H]1C3)(C)C)C,442402,ok,CMPD_0F177E1D500A_thujopsene.png,
237,6431572,C[Si](C)(C)OC[C@H]1[C@@H]([C@@H](C(O1)N2C=CC(=NC2=O)O[Si](C)(C)C)O[Si](C)(C)C)O[Si](C)(C)C,6431572,ok,CMPD_0F2DBF71D488_Î_-Cadinene.png,
238,9106,C1=CC=C2C3=C4C(=CC2=C1)C=CC5=CC6=CC=CC=C6C(=C54)C=C3,9106,ok,CMPD_0F31C607371D_Tropone.png,
239,5319823,C[C@@H]1CC2=C(C(=CC(=C2[C@@H](N1)C)O)O)C3=CC(=C(C4=C3C=C(C=C4OC)C)O)C5=C(C6=C(C=C(C=C6OC)C)C(=C5)C7=C8C[C@H](N[C@H](C8=C(C=C7O)O)C)C)O,5319823,ok,CMPD_0F3889C21D4C_Tricin-7-O-beta-D-glucopyranoside.png,
240,5281814,CC(=CCC1=C(C2=C(C=C1O)OC=C(C2=O)C3=CC=C(C=C3)O)O)C,5281814,ok,CMPD_0F3889C21D4C_Tricin-7-O-beta-D-glucopyranoside.png,
241,10219,CC[C@H]1CN2CCC3=CC(=C(C=C3[C@@H]2C[C@@H]1C[C@@H]4C5=CC(=C(C=C5CCN4)OC)OC)OC)OC,10219,ok,CMPD_0F42EF6B282D_emetine.png,
242,8167,CCCCCCCCCCOC(=O)C,8167,ok,CMPD_0F4A2EF636D0_acetic_acid_decyl_ester.png,
243,588916,CC1=CN=CC2=C1C=NC=C2,588916,ok,CMPD_0F6051523D11_4-methyl-2_6-naphthyridine.png,
244,5281510,C/C/1=C/[C@@H]2[C@@H]([C@@H](C[C@@]3([C@H](O3)C[C@@H]1OC(=O)C)C)OC(=O)C(C)C)C(=C)C(=O)O2,5281510,ok,CMPD_0F68DB0BB4B2_Skimmin.png,
245,5281675,C1=CC(=C(C=C1C2=CC(=O)C3=C(O2)C(=C(C=C3O)O)[C@H]4[C@@H]([C@H]([C@@H]([C@H](O4)CO)O)O)O)O)O,5281675,ok,CMPD_0F6E633D47CC_orientin.png,
246,5317578,C1=CC(=C(C(=C1)O)O)CCCCCCC/C=C\C/C=C\CCC2=C(C(=CC=C2)O)O,5317578,ok,CMPD_0F74A7F1A7B2_4-methoxy-1-methyl-2-1H-quinolinone.png,
247,10091875,CC(C)(C)[Si](C1=CC=CC=C1)(C2=CC=CC=C2)OCC3[C@H]4[C@@H]3CC(C4)N=[N+]=[N-],10091875,ok,CMPD_0F7D1081BBA2_14-hydroxyvaginatin.png,
248,8158,CCCCCCCCC(=O)O,8158,ok,CMPD_0F7D9B179217_Nonanoic_acid.png,
249,131752308,CC(=C)OC1=CC(=O)OC2=CC=CC=C21,131752308,ok,CMPD_0F83A26FD3D6_Preussilides_D.png,
250,11104507,CCCCCCCCCCCCCC[C@H](C(=O)N[C@@H](CO[C@H]1[C@@H]([C@H]([C@@H]([C@H](O1)CO)O)O)O)[C@@H](/C=C/CC/C=C/CCCCCCCCC)O)O,11104507,ok,CMPD_0F8A70F720C0_soyacerebroside_I.png,
251,5318267,COC1=C(C=C(C=C1)C2=COC3=C(C2=O)C=CC(=C3)O[C@H]4[C@@H]([C@H]([C@@H]([C@H](O4)CO)O)O)O)O,5318267,ok,CMPD_0F8E465F10AC_Calycosin-7-O-beta-D-glucoside.png,
252,44437692,CCOC(=O)[C@@H](CC1=CC(=C(C=C1)O)O)OC(=O)/C=C/C2=CC(=C(C=C2)O)O,44437692,ok,CMPD_0F8F87DD51B2_Ethyl_rosmarinate.png,
253,5276890,C1[C@@H]([C@H](OC2=CC(=CC(=C21)O)O)C3=CC(=C(C(=C3)O)O)O)OC(=O)C4=CC(=C(C(=C4)O)O)O,5276890,ok,CMPD_0F9BC574EC29_gallocatechin_gallate.png,
254,101459529,C=CCOC(C1=CC=CO1)C(Cl)(Cl)Cl,101459529,ok,CMPD_0F9BFDA16584_Lirioresinol_beta-dimethyl_ether.png,
255,102146950,CCN(CCN(CCN(CCN(CCN(CCN(CC)C(=O)CCCCCCCCCCC(=O)[O-])C(=O)CCCCCCCCCCC(=O)[O-])C(=O)CCCCCCCCCCC(=O)[O-])C(=O)CCCCCCCCCCC(=O)[O-])C(=O)CCCCCCCCCCC(=O)[O-])C(=O)CCCCCCCCCCC(=O)[O-],102146950,ok,CMPD_0F9BFDA16584_Lirioresinol_beta-dimethyl_ether.png,
256,5282149,C1=CC(=CC=C1C2=C(C(=O)C3=C(C=C(C=C3O2)O)O)O[C@H]4[C@@H]([C@H]([C@H]([C@H](O4)CO)O)O)O)O,5282149,ok,CMPD_0FA1B1B2A3B0_Kaempferol-3-0-galactoside.png,
257,5368821,C/C=C(\C)/C=C/C=C(C)C,5368821,ok,CMPD_0FAD89B38D57_Allo-ocimene.png,
258,101140035,C1CC=C[C@]2(C1)CC[C@]23CCCC=C3,101140035,ok,CMPD_0FAE2D6F8E94_Dihydro-roseoside.png,
259,444679,C[C@H](/C=C/[C@H](C)C(C)C)[C@H]1CC[C@@H]2[C@@]1(CC[C@H]3C2=CC=C4[C@@]3(CC[C@@H](C4)O)C)C,444679,ok,CMPD_0FD3915282FD_3-beta-24S-ergost-5-en-ol.png,
260,5325830,CC1=CC[C@](CC1)(C(C)C)O,5325830,ok,CMPD_0FD52A0651AF_L-4-terpineol.png,
261,129696773,CCCCCCC(=O)C(CC1CCCCC1)C(C(=O)CCCCCC)(C(=O)CCCCCC)C(=O)OCC(CO)(CO)CO,129696773,ok,CMPD_0FDC168D0841_6_8-di-C-methylkaempferol.png,
262,101297595,CC[C@]12CCCN3[C@H]1[C@@]4(CC3)[C@@H]([C@@H](C2)C(=O)OC)NC5=CC=CC=C45,101297595,ok,CMPD_0FDC67411394_desertine.png,
263,129676646,C1=CC(=CC=C1C(=O)N[C@@H](CCC(=O)[O-])C(=O)O)NCC2=CN=C3C(=N2)C(=O)N=C(N3)N.[NH4+],129676646,ok,CMPD_0FED3306E6E8_semiglabin.png,
264,12312886,C[C@@H]1[C@H]([C@H](C[C@@H](O1)O[C@H]2CC[C@@]3([C@H]4CC[C@@]5([C@H](CC[C@@]5([C@@H]4CC[C@@]3(C2)O)O)C6=CC(=O)OC6)C)CO)OC)O,12312886,ok,CMPD_0FF550AA15A4_10-epi-_-muurolol.png,
265,138634,C1CN2CCC1(CC2)Cl,138634,ok,CMPD_1001AA5E9522_1-isocyano-4-methyl_benzene.png,
266,656543,CS(=O)CCCC(=NOS(=O)(=O)O)S[C@H]1[C@@H]([C@H]([C@@H]([C@H](O1)CO)O)O)O,656543,ok,CMPD_103558AC181B_glucoiberin.png,
267,119394,C[C@H](CC[C@@H](C)C(C)C)[C@H]1CC[C@@H]2[C@@]1(CC[C@H]3[C@H]2CC[C@@H]4[C@@]3(CC[C@@H](C4)O)C)C,119394,ok,CMPD_103EC9BF7475_Campestanol.png,
268,120569,C1COCCN1CCNS(=O)(=O)C2=CC=C(C=C2)N,120569,ok,CMPD_1041B1046071_15_-dihydroxykaur-16-en-19-oic_acid.png,
269,5281641,CC(=CCC1=C(C(=CC2=C1C(=O)C3=C(O2)C=C(C4=C3OC(CC4)(C)C)O)O)OC)C,5281641,ok,CMPD_104C8EADBB3B_1_3_5_6-Tetrahydroxyxanthone.png,
270,6748,CN1C=CC(=O)C2=CC=CC=C21,6748,ok,CMPD_104E3A8D3C3D_Echinopsine.png,
271,6432005,CC1=C2C[C@@H](CC[C@]2(CCC1)C)C(C)(C)O,6432005,ok,CMPD_105F8C0081C1_gamma-Eudesmol.png,
272,119438,[Ce+4],119438,ok,CMPD_105F8C0081C1_gamma-Eudesmol.png,
273,5352709,CCCCC/C=C\C/C=C\CCCCCC=C,5352709,ok,CMPD_1062C5BDE065_Dihydroaplotaxene.png,
274,13874240,CC1=CC=CC2(C1CC3=C(C2)OC=C3C)C,13874240,ok,CMPD_1070ADC00CD2_furanoeudesma-1_3-diene.png,
275,643133,CC[C@H](C)/C(=C(\C)/C(=O)/C=C/C)/C,643133,ok,CMPD_107E4F41A42C_E-ocimenone.png,
276,25244964,C/C=C(/CC[C@@H](C)C1CCC2[C@@]1(CCC3C2CC=C4[C@@]3(CC[C@@H](C4)O)C)C)\C(C)C,25244964,failed,,"('Connection aborted.', RemoteDisconnected('Remote end closed connection without response'))"
277,92157,CC(=C)[C@@H]1CC[C@]2([C@H]1[C@H]3CC[C@@H]4[C@]5(CC[C@@H](C([C@@H]5CC[C@]4([C@@]3(CC2)C)C)(C)C)OC(=O)C)C)C,92157,failed,,"('Connection aborted.', RemoteDisconnected('Remote end closed connection without response'))"
278,121530,CC12C(O1)C(=O)C(=C(C2=O)O)OC,121530,ok,CMPD_1093EBE1005A_Fumigatin_oxide.png,
279,68279,C1CCN(CC1)N2CCCCC2,68279,ok,CMPD_10A14F77F095_bipiperidine.png,
280,169853,C1[C@H]([C@H](OC2=C1C(=CC(=C2[C@@H]3[C@H]([C@H](OC4=C(C(=CC(=C34)O)O)[C@@H]5[C@H]([C@H](OC6=CC(=CC(=C56)O)O)C7=CC(=C(C=C7)O)O)O)C8=CC(=C(C=C8)O)O)O)O)O)C9=CC(=C(C=C9)O)O)O,169853,ok,CMPD_10AF9168146F_Procyanidin.png,
281,161041,CCN(CC[N+](C)(C)C)C1=CC=C(C=C1)N=NC2=C(C=C(C=C2)[N+](=O)[O-])Cl.COS(=O)(=O)[O-],161041,failed,,"('Connection aborted.', RemoteDisconnected('Remote end closed connection without response'))"
282,101831154,CCCCCCCCCCCCCCCCCCCC(=O)O[C@@H]1[C@@H](CO[C@@H]([C@H]1O)CO)O,101831154,ok,CMPD_10B408D387E2_beishulenolide_A.png,
283,6478540,C/C=C(\C)/C(=O)O[C@H]1[C@@H]([C@]23[C@@H](C[C@]4([C@@]5(CCC6[C@@](C5CC[C@@]4(C2CC1(C)C)O[C@@H]3O)(CC[C@@H](C6(C)C)O[C@H]7[C@@H]([C@H]([C@@H]([C@H](O7)CO)O)O[C@H]8[C@@H]([C@H]([C@H]([C@H](O8)CO)O)O)O[C@H]9[C@@H]([C@@H]([C@H]([C@@H](O9)C)O)O)O)O[C@H]1[C@@H]([C@H]([C@H]([C@H](O1)CO)O)O)O)C)C)C)OC(=O)C)O,6478540,ok,CMPD_10B45AA192C4_isorhamnetin-3-O-beta-D-glucuronide-6-methyl_ester.png,
284,5283638,CC[C@@H](CC[C@@H](C)[C@H]1CC[C@@H]2[C@@]1(CC[C@H]3[C@H]2CC=C4[C@@]3(CC[C@@H](C4)O)C)C)C(=C)C,5283638,ok,CMPD_10B785D38017_clerosterol.png,
285,174863,CC1=C2[C@@H]([C@@H]3[C@@H]([C@H](C1)O)C(=C)C(=O)O3)C(=CC2=O)COC(=O)CC4=CC=C(C=C4)O,174863,ok,CMPD_10D3BD942326_lactucopicrin.png,
286,5318537,COC1=C(C(=C2C(=C1)OC(=CC2=O)C3=CC=C(C=C3)O)O)OC4=CC=C(C=C4)C5=CC(=O)C6=C(C=C(C=C6O5)O)O,5318537,ok,CMPD_10D99209D4F6_Thesinine.png,
287,10141644,B([C@H](CC(C)C)NC(=O)[C@H](CC1=CC=C(C=C1)OCC2=CC=CC=N2)NC(=O)N3CCOCC3)(O)O,10141644,ok,CMPD_10DB06796566_Anthylloside_A.png,
288,65373,COC1=C(C=CC(=C1)C[C@@H](CO)[C@@H](CC2=CC(=C(C=C2)O)OC)CO)O,65373,ok,CMPD_10DED70E083F_secoisolariciresinol.png,
289,5362793,CCCCC/C=C/C/C=C/CCCCCCCC(=O)OC,5362793,ok,CMPD_10EE1A05C965_Linolelaidic_acid_methyl_ester.png,
290,11034444,C[C@H]1[C@@H]2C[C@@H](C2(C)C)C[C@@H]1OC(=O)C3C4CC5CC(C4)CC3C5,11034444,ok,CMPD_10F2CB768386_3_3_4-tri-O-methylellagic_acid_glucoside.png,
291,10337211,CC(=CCC1=CC2=C(C=C1OC)O[C@@H](CC2=O)C3=CC=C(C=C3)O)C,10337211,ok,CMPD_10F4F97DE591_Bavachinin.png,
292,262,CC(C(C)O)O,262,ok,CMPD_1106A1DDA2D6_2_3-butanediol.png,
293,102553046,CC1=C(C=CC(=C1)Br)S(=O)(=O)N2CCCC(C2)C(=O)NC(C)C,102553046,ok,CMPD_110E32C28BDC_amorfrutin_I.png,
294,5274488,C=CCN1C2C=C(C(=O)N(C2C3=CC=CC=C31)C4=CC=C(C=C4)[N+](=O)[O-])C#N,5274488,ok,CMPD_1124C302D299_3_3-dimethoxy_ellagic_acid.png,
295,159888,CN1CCC2=CC3=C(C=C2[C@]14CC5=C(C4=O)C6=C(C=C5)OCO6)OCO3,159888,ok,CMPD_11447E1292C3_fumariline.png,
296,126,C1=CC(=CC=C1C=O)O,126,ok,CMPD_114D4EEFDE1D_P-hydroxybenzaldehyde.png,
297,102463858,COC(=O)C1C2=C(C(=C(C=C2C(=O)C3=C1C(=C(C(=C3O)O)O)O)O)O)O,102463858,ok,CMPD_1164C96A6465_Rubanthrone_A.png,
298,197775,CN1CCC2=CC3=C(C=C2[C@@H]4[C@H]1C5=C([C@H](O4)OC)C6=C(C=C5)OCO6)OCO3,197775,ok,CMPD_116EEA853072_rhoeadine.png,
299,9895,CC1=C(C(CCC1)(C)C)C=O,9895,ok,CMPD_118A336E1C42_beta-cyclocitral.png,
300,44257763,C1[C@H](C(C([C@@H](O1)OC2=CC=C(C=C2)C3=CC(=O)C4=C(O3)C(=C(C=C4O)O)[C@H]5C([C@H]([C@@H](C(O5)CO)O)O)O)O)O)O,44257763,ok,CMPD_11C375D50DC8_Vitexin_2-O-beta-D-glucopyranoside.png,
301,76956004,CCN1C[C@@]2(CC[C@@H](C34[C@@H]2[C@@H](C(C31)([C@]5(C[C@@H]([C@H]6C[C@@H]4[C@@H]5[C@H]6OC)OC)O)O)OC)OC)CO,76956004,ok,CMPD_11D5A2B096ED_lycoctonine.png,
302,71587192,C[C@]12CC[C@@H](C([C@@H]1CC[C@@]3([C@@H]2CC=C4[C@]3(CC[C@@]5([C@H]4CC(CC5)(C)C)C(=O)O)C)C)(C)C)O[C@H]6[C@@H]([C@H]([C@@H]([C@H](O6)CO)O)O[C@H]7[C@@H]([C@H]([C@H]([C@H](O7)CO)O)O)O)O[C@H]8[C@@H]([C@H]([C@@H]([C@H](O8)CO)O)O)O,71587192,ok,CMPD_11EED8B616DD_Calenduloside_C.png,
303,12281309,CC(C)C1=C(C=CC2=C1CC[C@H]3[C@@]2(CCCC3(C)C)C)O,12281309,ok,CMPD_1210B2D03385_cis-totarol.png,
304,10419339,[2H]C1(CCC(=O)C2=CC=CC=C21)[2H],10419339,ok,CMPD_12286FB4ABFC_Bisabolone_oxide.png,
305,12301826,C1CC2=CC=C(C3=CC=CC1=C23)S(=O)(=O)NC4=CC=CC(=C4)C(=O)NN/C=C/5\C=CC=CC5=O,12301826,ok,CMPD_12286FB4ABFC_Bisabolone_oxide.png,
306,5280708,CC(=CCC/C(=C/CC/C(=C/CC/C(=C/COCC(COP(=O)(O)O)OC/C=C(\C)/CC/C=C(\C)/CC/C=C(\C)/CCC=C(C)C)/C)/C)/C)C,5280708,ok,CMPD_123A4E3ABB47_Tilianin.png,
307,5281553,CC(=CC/C=C(\C)/C=C)C,5281553,ok,CMPD_125B7B539FB7_beta-ocimene.png,
308,5281554,C[C@@H]1C[C@@H]2CC3=C(C=CC(=N3)O)[C@@]4(C1)[C@@H]2CCCN4C,5281554,ok,CMPD_125B7B539FB7_beta-ocimene.png,
309,5320250,CC(=CC/C=C(/C)\C=C)C,5320250,ok,CMPD_125B7B539FB7_beta-ocimene.png,
310,18756,CC(=CCC=C(C)C=C)C,18756,ok,CMPD_125B7B539FB7_beta-ocimene.png,
311,5318763,C[C@@H]1[C@H]([C@@H]([C@@H]([C@H](O1)OC2=C(OC3=CC(=CC(=C3C2=O)O)O)C4=CC=C(C=C4)O)O)O)O,5318763,ok,CMPD_125C729966AB_Myricetin_glucoside.png,
312,5319482,COC1=CC2=C(C=C1)OC(=CC2=O)CCC3=CC=CC=C3,5319482,ok,CMPD_12643C74C59E_myricetin_3-O-beta-galactopyranoside.png,
313,5318764,C[C@H]1[C@@H]([C@H]([C@H]([C@@H](O1)O[C@@H]2[C@H](O[C@H]([C@@H]([C@H]2O)O)OC3=C(OC4=CC(=CC(=C4C3=O)O)O[C@@H]5[C@@H]([C@H]([C@@H]([C@H](O5)CO)O)O)O)C6=CC=C(C=C6)O)CO)O)O)O,5318764,failed,,Response ended prematurely
314,5281672,C1=C(C=C(C(=C1O)O)O)C2=C(C(=O)C3=C(C=C(C=C3O2)O)O)O,5281672,ok,CMPD_12643C74C59E_myricetin_3-O-beta-galactopyranoside.png,
315,519960,CC(C)C1CCC2(C3C1C4C2(C4C3)C)C,519960,ok,CMPD_1281E4A02080_cyclosativene.png,
316,131752113,CC1C(C(C(C(O1)OC2C(C(OC(C2OC3C(C(C(C(O3)C)OC4C(C(C(CO4)O)O)O)OC5C(C(C(C(O5)CO)O)O)O)O)OC(=O)C67CCC(CC6C8=CCC9C1(CCC(C(C1CCC9(C8(CC7O)C)C)(C)C=O)OC1C(C(C(C(O1)C(=O)O)O)OC1C(C(C(CO1)O)O)O)OC1C(C(C(C(O1)CO)O)O)O)C)(C)C)C)OC(=O)C)O)O)O,131752113,ok,CMPD_1292081B0E81_euphelionolides_A.png,
317,522033,CCCCCCCCCCCCCCCCOC(=O)CCC,522033,ok,CMPD_12A12D98C1A1_3-phenyl-1_4-pentadiyne.png,
318,91458,C1=CO[C@H]([C@H]2[C@@H]1[C@@H](C=C2CO)O)O[C@H]3[C@@H]([C@H]([C@@H]([C@H](O3)CO)O)O)O,91458,ok,CMPD_12AD62832301_aucuboside.png,
319,594452,CC1=COC=C2C1=CC=C2C=O,594452,ok,CMPD_12BEFAA10FF6_viburtinal.png,
320,12444466,CC[C@H](CC[C@@H](C)[C@H]1CC[C@@H]2[C@@]1(CC[C@H]3[C@H]2C(=O)C=C4[C@@]3(CCC=C4)C)C)C(C)C,12444466,ok,CMPD_12CA4E0C84FD_tremulone.png,
321,527270,CC(C)C(=O)OCC(CC=C(C)C)C(=C)C,527270,ok,CMPD_12E2615DFC33_lavandulyl_isobutyrate.png,
322,10201,CC1[C@@H]2CC[C@]3(C=CC(=O)C(=C3[C@H]2OC1=O)C)C,10201,ok,CMPD_12EA89A8A4C0_N-Formylcytisine.png,
323,101140036,C[C@]12CCC=CC1=CC3=CC(=C)CCC3C2,101140036,ok,CMPD_12EA89A8A4C0_N-Formylcytisine.png,
324,162350,C1=CC(=CC=C1C2=CC(=O)C3=C(O2)C=C(C(=C3O)[C@H]4[C@@H]([C@H]([C@@H]([C@H](O4)CO)O)O)O)O)O,162350,ok,CMPD_12F27F7D81A0_Isovitexin.png,
325,5282035,CC[C@@H]1[C@@H](/C=C/C(=O)[C@@H](C[C@@H]([C@@H]([C@H](C(=O)[C@H](C(=O)O1)C)C)O)C)C)C,5282035,ok,CMPD_12FA07B01960_Quercetin-3-O-galacturonide.png,
326,442220,CO[C@@H]1C[C@@]23C(=C[C@@H]1O)CCN2CCC4=CC(=C(C=C34)OC)OC,442220,ok,CMPD_12FC784B07D2_plucheoside_B.png,
327,101831551,CC1=C(C(CC(C1O)O[C@H]2[C@@H]([C@H]([C@@H]([C@H](O2)CO)O)O)O)(C)C)/C=C/C(C)O,101831551,ok,CMPD_12FC784B07D2_plucheoside_B.png,
328,101140032,C1=CC2=CC3=C4C5=C2C6=C1C=CC7=C8C=CC9=C1C8=C2C(=C76)C5=C5C6=C7C8=C(C=CC%10=C8C(=C46)C(=C3)C=C%10)C3=C4C7=C6C5=C2C2=C1C(=CC1=C2C6=C2C4=C(C=CC2=C1)C=C3)C=C9,101140032,ok,CMPD_1328DBB364CF_14-O-acetylbicolorine.png,
329,Â 6479298,,Â 6479298,failed,,400 Client Error: PUGREST.BadRequest for url: https://pubchem.ncbi.nlm.nih.gov/rest/pug/compound/cid/%C3%82%C2%A06479298/PNG?image_size=500x500
330,6479298,C1=CC(=CC=C1/C=C/C(=O)OC[C@H]2[C@@H]([C@H]([C@@H]([C@H](O2)OC3=C(OC4=CC(=CC(=C4C3=O)O)O)C5=CC=C(C=C5)O)O)O)O)O,6479298,ok,CMPD_132E051B8770_Tribuloside.png,
331,14030,CCOP(OCC)OP(=O)(OC)OCC,14030,ok,CMPD_13515DBE1149_Cellulose.png,
332,14055602,COC1C(OC(C(C1O)O)OC2C(OC(C(C2O)O)OC)CO)CO,14055602,ok,CMPD_13515DBE1149_Cellulose.png,
333,92783,CC(C)C1=C(C=CC2=C1CC[C@@H]3[C@@]2(CCCC3(C)C)C)O,92783,ok,CMPD_1377F52D2484_totarol.png,
334,16061272,CCCCCCCCC/C=C/C(=O)OC/C(=C\C=C\C(=C\C=C\C=C(/C)\C=C\C=C(/C)\C=C\[C@@H]1C(=C[C@H](CC1(C)C)O)C)\C)/C=C/C2=C(C[C@@H](CC2(C)C)O)C,16061272,ok,CMPD_13A463040CDA_loroxanthin_decenoate.png,
335,613729,C1=CC=C(C=C1)C2=CC(=O)OC3=CC=CC=C32,613729,ok,CMPD_13C015FDD4F4_phenylcoumarin.png,
336,121307,CC1C(C(C(O1)OC2C(C(C(C(C2O)O)N=C(N)N)O)N=C(N)N)OC3C(C(C(C(O3)CO)OC4C(C(C(C(O4)CO)O)O)O)O)NC)(C=O)O,121307,ok,CMPD_13C015FDD4F4_phenylcoumarin.png,
337,160278,CC1C=CC=C(C(=O)NC2=C(C3=C(C4=C(C(=C3O)C)OC(C4=O)(OC=CC(C(C(C(C(C(C1O)C)O)C)OC(=O)C)C)OC)C)C5=C2SC(=N5)N)O)C,160278,failed,,"('Connection aborted.', RemoteDisconnected('Remote end closed connection without response'))"
338,40298,CC1C2=CC(=C(C=C2CCN1C)O)OC,40298,ok,CMPD_13DA4A518809_N-methylsalsoline.png,
339,101456954,CC1=CC(=CC(=C1)C2=CSC3=C2C4=C(C5(C36SC7=CC=CC=C7S6)SC8=CC=CC=C8S5)SC=C4)C,101456954,ok,CMPD_13EC12FD3129_pseudo-columbamine.png,
340,13861214,CN1C(=CC(=N1)CC2=CC=CC=C2)/N=C/C3=CC(=CC=C3)[N+](=O)[O-],13861214,ok,CMPD_13EC12FD3129_pseudo-columbamine.png,
341,182406,COC1=C(C=C2C(=C1)CC[N+]3=CC4=CC(=C(C=C4C=C23)OC)OC)O,182406,ok,CMPD_13EC12FD3129_pseudo-columbamine.png,
342,454,CCCCCCCC=O,454,ok,CMPD_14019988A920_octanal.png,
343,102213697,CC(C(=O)N1[C@@H]([C@@H](N(C1=O)C)COC)C(=O)N2CCCC2)Br,102213697,failed,,"('Connection aborted.', RemoteDisconnected('Remote end closed connection without response'))"
344,102434445,CC(C)C1=C(C(=CC=C1)C(C)C)NC2=C(C3=CC=CC=C3C4=CC=CC=C42)NC5=C(C=CC=C5C(C)C)C(C)C,102434445,ok,CMPD_141FE669C6C3_Stachenone.png,
345,64982,C1=CC=C(C=C1)C2=CC(=O)C3=C(C(=C(C=C3O2)O[C@H]4[C@@H]([C@H]([C@@H]([C@H](O4)C(=O)O)O)O)O)O)O,64982,ok,CMPD_1442E950C52E_Baicalein.png,
346,5281605,C1=CC=C(C=C1)C2=CC(=O)C3=C(O2)C=C(C(=C3O)O)O,5281605,ok,CMPD_1442E950C52E_Baicalein.png,
347,102148419,CC(C)(C)OC(=O)N1C2=CC=CC=C2[C@@](C1=O)(C3=CC=C(C=C3)F)O,102148419,ok,CMPD_144C64095429_Solargin.png,
348,8201,CCCCCCCCCCCCCCCCCC(=O)OC,8201,ok,CMPD_1478E3E53D01_Stearic_acid.png,
349,5281,CCCCCCCCCCCCCCCCCC(=O)O,5281,ok,CMPD_1478E3E53D01_Stearic_acid.png,
350,101736737,C[C@@H](C1=CC=CC=C1)[C@H](C(C)(C)C)O,101736737,failed,,"('Connection aborted.', RemoteDisconnected('Remote end closed connection without response'))"
351,16737250,CC(=CCC1=C(C(=CC(=C1)[C@@H]2CC(=O)C3=C(C=C(C=C3O2)O)O)CC(C(=C)C)O)O)C,16737250,ok,CMPD_14A65DF12BD0_Abyssinoflavanone_VII.png,
352,87630,CCCCCCCC=CCO,87630,ok,CMPD_14C349D4A32A_2-decen-1-ol.png,
353,11386458,C[C@@H]1CC[C@@]2(CC[C@@]3(C(=CC[C@H]4[C@]3(CC[C@@H]5[C@@]4(CC[C@H]([C@]5(C)C(=O)O)OC(=O)C)C)C)[C@@H]2[C@H]1C)C)C,11386458,ok,CMPD_14C5CA668CFE_Acetyl-beta-boswellic_acid.png,
354,15181201,CC(=O)O[C@@H]1CC[C@]2([C@H]([C@@]1(C)C(=O)O)CC[C@@]3([C@@H]2CC=C4[C@]3(CC[C@@]5([C@H]4CC(CC5)(C)C)C)C)C)C,15181201,ok,CMPD_14C5CA668CFE_Acetyl-beta-boswellic_acid.png,
355,11210214,CN(CC=C)[C@@H]1CC2=CC(=C(C=C2[C@H]1C3=CC=CC=C3)OC)F.Cl,11210214,ok,CMPD_14C5CA668CFE_Acetyl-beta-boswellic_acid.png,
356,11440232,CC1=CC=C(C=C1)C2C(C(=O)N=C2NC(C)(C)C)C(C(=O)OC)C(=O)OC,11440232,ok,CMPD_14C5CA668CFE_Acetyl-beta-boswellic_acid.png,
357,73660,CN(C)CC(=O)NC1=C(C2=C(C[C@H]3C[C@H]4[C@@H](C(=O)C(=C(N)O)C(=O)[C@]4(C(=O)C3=C2O)O)N(C)C)C=C1)O,73660,ok,CMPD_14C5CA668CFE_Acetyl-beta-boswellic_acid.png,
358,608115,CC1=C2C=C(C(=CC2=C(C=C1)C(C)C)C)O,608115,ok,CMPD_14CB9786DC55_7-hydroxycadalene.png,
359,23932,[Mo],23932,ok,CMPD_14E3AFA78E16_Molybdenum.png,
360,12020,CCC(C=C)O,12020,ok,CMPD_14F2EC66292F_1-penten-3-ol.png,
361,520895,CCC1SC(SS1)CC,520895,ok,CMPD_14FA5ED75DCF_3_5-diethyl-1_2_4-trithiolane.png,
362,5362590,CC1=CC(=C(C=C1NS(=O)(=O)C(F)(F)F)N=C(C)[O])C,5362590,ok,CMPD_14FA5ED75DCF_3_5-diethyl-1_2_4-trithiolane.png,
363,92123,CC(=O)C1=CC=C(C=C1)O[C@H]2[C@@H]([C@H]([C@@H]([C@H](O2)CO)O)O)O,92123,ok,CMPD_14FFD3F620C5_Picein.png,
364,122754,CC1=CC=C(C=C1)C(=N)N,122754,ok,CMPD_151AB7175820_Proanthocyanidin_B-2.png,
365,91752271,CC1C[C@@]23CC[C@@H]4[C@@]([C@H]2CCC1C3)(CCCC4(C)C)C,91752271,ok,CMPD_152AE41407B9_Phyllocladane.png,
366,9548854,C1CC23CCC4(CC2)[C@@]5([C@H]3N(C1)CC5)C6=CC=CC=C6N4,9548854,ok,CMPD_153EA105FE32_aspidofractinine.png,
367,5319481,COC1=C(C(=C(C(=C1)O)CC2=CC=C(C=C2)O)/C=C/C3=CC=CC=C3)CC4=CC=C(C=C4)O,5319481,ok,CMPD_15499842D67B_isorhamnetin-3-O-_-glucoside.png,
368,11956489,CC1=C(C=CC(=N1)NC(=O)C2=CC(=C(C=C2)CN3C=CN(C=C3)C)C(F)(F)F)NC4=NC=CC(=N4)C5=CN=CC=C5,11956489,ok,CMPD_154A92FC948A_2_3-Dihydro-3_5-dihydroxy-6-methyl-4H-pyran-4-one.png,
369,44560015,C[C@@]12CC[C@@H]([C@@]3([C@@H]1[C@@H]([C@@H](CC3)C(C)(C)O)O[C@H]4[C@@H]([C@H]([C@@H]([C@H](O4)CO)O)O)O)CO2)O,44560015,ok,CMPD_15525B9362E5_Dictamnoside_A.png,
370,131752323,COC1=C(C=CC(=C1)C2=C(C(=O)C3=C(C(=C(C=C3O2)OC)O)O)OC4C(C(C(C(O4)C(=O)O)O)O)O)O,131752323,ok,CMPD_1588BC753035_Tingitanol_A.png,
371,87252445,CCCCCC(C(CCC(CCCCC/C=C/C(=O)O)O)O)O,87252445,ok,CMPD_158F4A17E760_trihydroxyoctadecenoic_acid.png,
372,6449888,CC1=C(C(C[C@@H](C1)O)(C)C)C#C/C(=C/C=C/C(=C/C=C/C=C(\C)/C=C/C=C(\C)/C=C/[C@]23[C@](O2)(C[C@H](CC3(C)C)O)C)/C)/C,6449888,ok,CMPD_15AA0906ADFC_Diadinoxanthin.png,
373,11463132,CC(CNC1=NC2=C(C3=CC=CC=C3N2)N=N1)C4=CC=CC=C4C5=CC=CC=N5,11463132,ok,CMPD_15ACC676F431_sageon.png,
374,101140031,C1=CC2=C3C4=C1C=CC5=CC6=CC7=C8C9=C6C(=C54)C1=C3C(=CC3=C1C9=C1C(=C3)C=CC3=C4C=CC5=C6C4=C4C3=C1C8=C1C4=C3C6=C(C=C5)C=CC3=CC1=C7)C=C2,101140031,ok,CMPD_15B7C9E0D64C_11alpha-H-Himachal-4-en-1beta-ol.png,
375,5742,C(=N)(N)N.Cl,5742,ok,CMPD_15E3FEE13E74_Daucosterol.png,
376,5742591,C1CCC(CC1)N2/C(=C\3/C=C4C=CC=CC4=CC3=O)/NNC2=S,5742591,ok,CMPD_15E3FEE13E74_Daucosterol.png,
377,5742590,CC[C@H](CC[C@@H](C)[C@H]1CC[C@@H]2[C@@]1(CC[C@H]3[C@H]2CC=C4[C@@]3(CC[C@@H](C4)O[C@H]5[C@@H]([C@H]([C@@H]([C@H](O5)CO)O)O)O)C)C)C(C)C,5742590,ok,CMPD_15E3FEE13E74_Daucosterol.png,
378,225683,C1CC2=C(C=CC3=CC=CC=C23)C(=O)C1,225683,ok,CMPD_15F77A4ED4EA_3_4-dihydro-2H-phenanthren-1-one.png,
379,102213135,CCCCCCCCCCCCCCCCOCCOCCOCCOCCOCCOCCOCCOCCOCCOCCOS(=O)(=O)O,102213135,ok,CMPD_16032F9470B7_geranioside_B.png,
380,446925,CC(=CCC/C(=C/C=C/C(=C/C=C/C(=C/C=C/C=C(/C=C/C=C(/C=C/C=C(/CCC=C(C)C)\C)\C)\C)/C)/C)/C)C,446925,ok,CMPD_16117B1E0FBD_Lycopene.png,
381,159516,CC1=C(C(=O)C=C2C1=CC=C3[C@]2(CC[C@@]4([C@@]3(CC[C@@]5([C@H]4C[C@](CC5)(C)C(=O)OC)C)C)C)C)O,159516,ok,CMPD_16128C62AF10_pristimerin.png,
382,66361,CC(C)(CC1=CC=CC=C1Cl)N.Cl,66361,ok,CMPD_16210AE47BAC_Tricyclene.png,
383,107319,CCOC(=O)C1CO1,107319,ok,CMPD_1625ADCD3413_ethyl_oxirane-2-carboxylate.png,
384,892,C1(C(C(C(C(C1O)O)O)O)O)O,892,ok,CMPD_162CDC2A8B56_Cyclitol.png,
385,89899,CCCCCCCCC(=O)OOC(C)(C)C,89899,ok,CMPD_1630740FD3CF_endoborneol.png,
386,609842,CN1CCC2=CC(=C(C=C2C3C1C4=C(C(O3)O)C5=C(C=C4)OCO5)OC)OC,609842,ok,CMPD_164253878245_glaucamine.png,
387,7099,C1=CC(=CC2=NC3=C(C=CC(=C3)N)C=C21)N,7099,ok,CMPD_164532AEEB7E_proflavine.png,
388,442651,C1CC[C@@]2(CCCNC2)[C@@H](C1)O,442651,ok,CMPD_16493B8E682F_Globulin.png,
389,91195,CC1=CC(=O)C2(C1C2)C(C)C,91195,ok,CMPD_165297028D6F_Umbellulone.png,
390,13889352,C[C@H]1[C@@H]2[C@H]3CC[C@@H]4[C@]5(CC[C@@H](C([C@@H]5CC[C@]4([C@@]3(CC[C@]2(CCC1=C)C)C)C)(C)C)OC(=O)C)C,13889352,ok,CMPD_169235E38678_taraxasteryl_acetate.png,
391,104843,CC(C)[C@H]1C(=O)N2CCC[C@H]2[C@]3(N1C(=O)[C@](O3)(C)NC(=O)[C@H]4CN([C@@H]5CC6=CNC7=CC=CC(=C67)C5=C4)C)O,104843,ok,CMPD_16A7418F7B07_Ergovaline.png,
392,6432173,C[C@@]12CCCC(C1=CC(=O)O2)(C)C,6432173,ok,CMPD_16B94F19E269_Dihydroactinidiolide.png,
393,115041,[OH-].[OH-].[Al+3],115041,ok,CMPD_16B94F19E269_Dihydroactinidiolide.png,
394,121336,CN1CCC2=CC3=C(C4=C2[C@@H]1CC45C=CC(=O)C=C5)OCO3,121336,ok,CMPD_16E16F7B3CFD_mecambrine.png,
395,102065501,CC(=C)[C@@H]1CCC(=C[C@H]1O)C=O,102065501,ok,CMPD_171B047068F5_3-hydroxyperiilaldehyde.png,
396,14207905,CC1=C(SC=C1)C2=NC3=C4C=C(SC4=NC=C3N2)C,14207905,ok,CMPD_171B047068F5_3-hydroxyperiilaldehyde.png,
397,5364407,CC/C(=C(\C)/C(=O)O)/C,5364407,ok,CMPD_171BDE7C7FC5_1-O-Î²-glucopyranosyl-3_5-dimethoxybenzene.png,
398,6324921,COC1=C(C=CC(=C1)C2=CC(=O)C3=C(C=C(C=C3O2)O[C@H]4[C@@H]([C@H]([C@@H]([C@H](O4)CO)O)O)O[C@H]5[C@@H](C(CO5)(CO)O)O)O)O,6324921,ok,CMPD_172046F5F183_Chrysoeriol_7-O-apiosyl-glucoside.png,
399,87691,C[C@H]1[C@H](C[C@H]2[C@@H]1[C@@H](OC=C2C(=O)OC)O[C@H]3[C@@H]([C@H]([C@@H]([C@H](O3)CO)O)O)O)O,87691,ok,CMPD_1737C60A9B99_loganin.png,
400,441865,C[C@H]1[C@@H]([C@H]([C@H]([C@@H](O1)O[C@H]2CC[C@@]3([C@@H]4[C@@H](CC[C@@]3(C2)O)[C@]5(CC[C@@H]([C@]5(C[C@H]4O)C)C6=CC(=O)OC6)O)C)O)O)O,441865,ok,CMPD_1737C60A9B99_loganin.png,
401,13969544,C[C@@]1(CC[C@@H]2[C@]3(CCCC([C@@H]3CC[C@]2(C1)O)(C)C)C)C=C,13969544,ok,CMPD_1746A7F40780_Nezukol.png,
402,168849,C[C@H]1[C@@H]([C@H]([C@H]([C@@H](O1)OC[C@@H]2[C@H]([C@@H]([C@H]([C@@H](O2)OC3=C(C(=C4C(=C3)OC(=CC4=O)C5=CC=C(C=C5)OC)O)OC)O)O)O)O)O)O,168849,ok,CMPD_1750A7A1F356_Pectolinarin.png,
403,524254,CC(=CC(C(C)(C)C=C)OC(=O)C)C,524254,ok,CMPD_1765113B6267_artemisyl_acetate.png,
404,14525,CC1(C2CCC(C2)(C1=O)C)C,14525,ok,CMPD_176F4E6F47DD_fenchone.png,
405,14158103,C1[C@@H]([C@@H]([C@H](C[C@]1(C(=O)O)O)OC(=O)/C=C/C2=CC=C(C=C2)O)O)O,14158103,ok,CMPD_1775BC32F0F8_P-coumaroylquinic_acid.png,
406,100605,C1OC2=C(O1)C=C3C(=C2)C4=CC=CC5=C4N(C3=O)C=C5,100605,ok,CMPD_1781B87E534F_hippadine.png,
407,10467,CCCCCCCCCCCCCCCCCCCC(=O)O,10467,ok,CMPD_17AEDAE0D01D_arachidic_acid.png,
408,10115058,CC1=CN=C(C=C1)N(C2CCN(CC2)CCC3(CCCC3)CC(=O)OC)C(=O)C4=CC=CO4,10115058,ok,CMPD_17AFE0087EB9_Silenegallisaponin_C.png,
409,445070,CC(=CCC/C(=C/CC/C(=C/CO)/C)/C)C,445070,failed,,"('Connection aborted.', RemoteDisconnected('Remote end closed connection without response'))"
410,11440788,C[C@@H]1[C@@H]([C@@H](C[C@H](O1)OC(C)C)OCC2=CC=CC=C2)N(C)C(=O)OC(C)(C)C,11440788,failed,,"('Connection aborted.', RemoteDisconnected('Remote end closed connection without response'))"
411,5282152,C[C@H]1[C@@H]([C@H]([C@H]([C@@H](O1)O[C@@H]2[C@H]([C@@H]([C@H](O[C@H]2OC3=CC(=C4C(=C3)OC(=CC4=O)C5=CC(=C(C=C5)O)O)O)CO)O)O)O)O)O,5282152,ok,CMPD_17E1A6E7B4BB_lonicerin.png,
412,636723,COC1=CC2=C(C(=C1)O)C(=O)C3=C(C2=O)C=C(C=C3O)O,636723,ok,CMPD_17EB919491DD_lunatin.png,
413,5281516,CC(=CCC/C(=C/C/C=C(\C)/C=C)/C)C,5281516,ok,CMPD_17F99904272F_farnesene.png,
414,447270,C1=NC(=C2C(=N1)N(C=N2)[C@@H]3[C@@H]([C@@H]([C@H](O3)CO)O)O)N,447270,ok,CMPD_181010D25CD9_Alpha-adenosine.png,
415,439600,C([C@H](C(=O)O)N)C(=O)N,439600,ok,CMPD_181010D25CD9_Alpha-adenosine.png,
416,3000322,CN1[C@@H]2CC(C[C@H]1[C@H]3[C@@H]2O3)OC(=O)[C@H](CO)C4=CC=CC=C4,3000322,ok,CMPD_183F7E7945D2_scopolamine.png,
417,5368212,CCCCC/C=C\C/C=C\C/C=C\C/C=C\CCCC(=O)OCC1=CC=CC=C1,5368212,ok,CMPD_1844FE918EED_Phytene-1-2-diol.png,
418,73641,C[C@@]12CC[C@@H]3[C@@]([C@H]1CC=C4[C@]2(CC[C@@]5([C@H]4CC(CC5)(C)C)C(=O)O)C)(C[C@H]([C@@H]([C@@]3(C)CO)O)O)C,73641,ok,CMPD_184B8A2357F9_arjunolic_acid.png,
419,151152,C([C@H]([C@@H](C(=O)O)O)O)O,151152,ok,CMPD_1878B09E8B00_threonic_acid.png,
420,91617,C[C@H](CC1=C2C3=C(C(=C(C4=C3C5=C6C2=C(C(=O)C=C6OCOC5=CC4=O)C(=C1OC)O)O)OC)C[C@@H](C)O)O,91617,ok,CMPD_1882F3B4D32A_alpha-Conidendrin.png,
421,15586718,CC(C)C1=CC2=C(C=C1)[C@]3(CCC[C@@]([C@@H]3CC2)(C)CO)C,15586718,ok,CMPD_18883CA2F897_dehydroabietol.png,
422,101784918,C1=CC=C(C=C1)C2=CC(=C3C=CC(=O)C=C3)C4=C(N2)C(=C5N4C=CC=C5)C#N,101784918,ok,CMPD_18A9C64E05F9_12-beta-Hydroxyscillirosidin.png,
423,10167806,C[C@H]1[C@@H]([C@H]([C@H]([C@@H](O1)OC2=C(OC3=CC(=CC(=C3C2=O)O)O)C4=CC(=C(C=C4)O)O)O[C@H]5[C@@H]([C@H]([C@@H]([C@H](O5)CO)O)O)O)O)O,10167806,ok,CMPD_18B1865C2A38_3-O-beta-D-glucopyranosyl_quercetin.png,
424,643915,C/C=C(/C)\C(=O)O,643915,ok,CMPD_18C62D614264_Angelic_acid.png,
425,7037179,COC1=C(C=C2[C@@H]3CC4=CC(=C(C=C4CN3CCC2=C1)OC)O)O,7037179,ok,CMPD_18CCA0380FD5_coreximine.png,
426,28495,C1=CC=C2C(=C1)N(C(=O)C(O2)O)O,28495,ok,CMPD_18D0BE5B2EF7_2_4-dihydroxy-1_4-benzoxazin-3-one.png,
427,131752309,CC(CC/C=C(\C)/C(=O)O)C1CC(C2(C1(CC(C34C2CCC5C3(C4)CCC(C5(C)C)O)O)C)C)O,131752309,ok,CMPD_18F100A48A59_Preussilides_E.png,
428,132489956,C[C@@H]1CC2=CC(=C([C@@H]([C@H]2[C@@H](C1=O)C)/C=C(\C)/C=C(\C)/C=C/C(=O)OC)C[C@H](C)O)C,132489956,ok,CMPD_18F100A48A59_Preussilides_E.png,
429,5484006,C1=CC(=C(C=C1C2=C(C(=O)C3=C(C=C(C=C3O2)O)O)O[C@H]4[C@@H]([C@H]([C@H](O4)[C@@H](CO)O)O)O)O)O,5484006,ok,CMPD_1911F3BB54DC_Isoquercetin.png,
430,10813969,C1=CC(=C(C=C1C2=C(C(=O)C3=C(C=C(C=C3O2)O)O)O[C@@H]4[C@H]([C@@H]([C@H]([C@@H](O4)CO)O)O)O)O)O,10813969,ok,CMPD_1911F3BB54DC_Isoquercetin.png,
431,85973,CC1(C2CCC3(C2)C(C1=C)CCC3C(=O)O)C,85973,ok,CMPD_191C8D4C6602_vetivenic_acid.png,
432,957,CCCCCCCCO,957,ok,CMPD_192A0EC9B5D2_octanol.png,
433,22012,CC[C@H](CC[C@@H](C)[C@H]1CC[C@@H]2[C@@]1(CC[C@H]3[C@H]2CC=C4[C@@]3(CCC(C4)O)C)C)C(C)C,22012,ok,CMPD_193D15E3468D_Stigmast-5-en-3-ol.png,
434,10115,CC(C)[C@H]1CC[C@]2([C@H]1CC[C@@]3([C@@H]2CC[C@H]4[C@]3(CC[C@@H]5[C@@]4(CCCC5(C)C)C)C)C)C,10115,ok,CMPD_19469C88586E_shyobunone.png,
435,5321293,CC(C)[C@@H]1CC[C@@]([C@@H](C1=O)C(=C)C)(C)C=C,5321293,ok,CMPD_19469C88586E_shyobunone.png,
436,9576089,C=CC[S@](=O)C[C@@H](C(=O)O)N,9576089,ok,CMPD_1955AC9B7325_Alliin.png,
437,65084,C1[C@@H]([C@H](OC2=CC(=CC(=C21)O)O)C3=CC(=C(C(=C3)O)O)O)O,65084,ok,CMPD_1957D1BF06CA_catechin_gallocatechin.png,
438,101614,C1=CC=C(C=C1)NC2=NC(=NC(=N2)NC3=CC(=C(C=C3)C=CC4=C(C=C(C=C4)NC5=NC(=NC(=N5)NC6=CC=CC=C6)NC7=CC=CC=C7)S(=O)(=O)[O-])S(=O)(=O)[O-])NC8=CC=CC=C8.[Na+].[Na+],101614,ok,CMPD_19642D22EDDA_Beta-turmerone.png,
439,196216,CC(CC(=O)C=C(C)C)C1CCC(=C)C=C1,196216,ok,CMPD_19642D22EDDA_Beta-turmerone.png,
440,634657,CC(CCC=C(C)C)C1CCC2(C1(CCC3(C2CC=C4C3CCC(C4(C)C)O)C)C)C,634657,ok,CMPD_19656D938A51_euferol.png,
441,7568320,C=C[C@H]1CNC(=S)O1,7568320,ok,CMPD_196CF0CDE52F_Goitrin.png,
442,101037627,CCC[C@@H]1C[C@@H](OCN1CC2=CC=CC=C2)[C@H]3[C@@H]4C=C[C@@H]([C@H]3/C=C(\C)/C(=O)OC)O4,101037627,ok,CMPD_196CF0CDE52F_Goitrin.png,
443,18827,CCCCCC(C=C)O,18827,ok,CMPD_1981351C40CC_oct_1_en_3_ol.png,
444,13092557,CC1=CCC(CC1)[C@]2(CC[C@@H](C(O2)(C)C)O)C,13092557,ok,CMPD_1985B18E7BBF_bisabolonoxid.png,
445,197017,CN1CCC2=CC(=C(C3=C2[C@H]1CC4=CC=CC=C43)OC)O,197017,ok,CMPD_1994FB8B915D_N-methylasimilobine.png,
446,156620228,CCC\1=C(C\2=[NH+]/C1=C\C3=C(C4=C([C@@H](C(=C4[N-]3)C5=[NH+]C(=C([C@@H]5CCC(=O)OC/C=C(\C)/CCC[C@H](C)CCC[C@H](C)CCCC(C)C)C)/C=C\6/C(=C(/C(=C2)/[N-]6)C=C)C)C(=O)OC)O)C)C.[Mg+2],156620228,ok,CMPD_199BAE237C5E_Chlorophyll_a.png,
447,12085802,CCC1=C(C2=NC1=CC3=C(C4=C([N-]3)C(=C5[C@H]([C@@H](C(=N5)C=C6C(=C(C(=C2)[N-]6)C=C)C)C)CCC(=O)OC/C=C(\C)/CCC[C@H](C)CCC[C@H](C)CCCC(C)C)[C@H](C4=O)C(=O)OC)C)C.[Mg+2],12085802,ok,CMPD_199BAE237C5E_Chlorophyll_a.png,
448,118431,CC(C)(CCC1=NC2=C(S1)N=C(S2)CCC(C)(C)C(=O)OC)C(=O)OC,118431,ok,CMPD_19C30B5C3E8C_4_-Hydroxy-3_5_7-trimethoxyflavone.png,
449,8615,C1=CC=C(C=C1)CCOC(=O)C2=CC=CC=C2N,8615,failed,,"('Connection aborted.', RemoteDisconnected('Remote end closed connection without response'))"
450,92230,C=CC(=O)NC(C(=O)O)O,92230,ok,CMPD_19FE067D9EB3_allo-aromadendrene.png,
451,42608158,C[C@@H]1CC[C@H]2[C@@H]1C3C(C3(C)C)CCC2=C,42608158,ok,CMPD_19FE067D9EB3_allo-aromadendrene.png,
452,6293,C1=CC=C2C(=C1)C(=O)C3=C(C2=O)C(=C(C=C3)O)O,6293,ok,CMPD_19FE161BE7E9_Alizarin.png,
453,10091375,CCCC1=C(C2=NNC(=O)N2C(=N1)C)CC3=CC=C(C=C3)C4=CC=CC=C4C#N,10091375,ok,CMPD_1A0227170A68_eugeniflorin_D.png,
454,131752117,CC1C(C(C(C(O1)OC2COC(C(C2O)O)OC3CCC4(C(C3(C)C)CCC5(C4CC=C6C5(CCC7(C6CC(CC7)(C)C)C(=O)OC8C(C(C(C(O8)COC9C(C(C(C(O9)CO)OC1C(C(C(C(O1)C)O)O)O)O)O)O)O)O)C)C)C)O)O)O,131752117,ok,CMPD_1A06108EA0B8_euphelionolides_E.png,
455,102434457,C1=CC=C(C=C1)COC[C@@H]2[C@@H]([C@@H]([C@@H]([C@H](O2)C(F)(F)Br)O)OCC3=CC=CC=C3)OCC4=CC=CC=C4,102434457,ok,CMPD_1A087DD29CA3_Quercetin-3-O-beta-galactoside.png,
456,936,C1=CC(=CN=C1)C(=O)N,936,ok,CMPD_1A16327C0D87_vitamin_B.png,
457,100332,C[C@@]12C[C@H](CC(C1=CC(=O)O2)(C)C)O,100332,ok,CMPD_1A1D4C0DF101_Loliolide.png,
458,5380905,COC1=C(C=C(C=C1)C2=C(C(=O)C3=C(C=C(C=C3O2)O)O)OC)O,5380905,ok,CMPD_1A1DBE69262E_Quercetin_3_4_-dimethyl_ether.png,
459,101138805,CCNC(=O)C1C2CC3C1(C(=O)C4C3C2C4=C)CBr,101138805,ok,CMPD_1A205B3A1FA1_Armeroside_A.png,
460,14239538,C/C=C(\C)/C(=O)O[C@H]1C[C@@]2([C@@H](O2)[C@H]([C@@]3([C@@H]1[C@@](CC3)(C(C)C)O)C)OC(=O)C)C,14239538,ok,CMPD_1A39028DF321_lapiferin.png,
461,101804791,COCCOCC(=O)N(C=O)C1=CC=C(C=C1)OC,101804791,ok,CMPD_1A42A7F38B3D_Lysikokianoside.png,
462,6508,C1[C@H](C([C@@H](CC1(C(=O)O)O)O)O)O,6508,ok,CMPD_1A5A9969560F_D-quinic_acid.png,
463,5364730,C1CCC(CC1)[N+]2=NOC(=C2)[O],5364730,ok,CMPD_1A5C23E1D103_alpha-springene.png,
464,5365883,CC(=CCC/C(=C/CC/C(=C/C/C=C(\C)/C=C)/C)/C)C,5365883,ok,CMPD_1A5C23E1D103_alpha-springene.png,
465,185958,C1[C@H]([C@@H]([C@H]([C@@H](O1)C2=C3C(=C(C(=C2O)[C@H]4[C@@H]([C@H]([C@@H]([C@H](O4)CO)O)O)O)O)C(=O)C=C(O3)C5=CC=C(C=C5)O)O)O)O,185958,ok,CMPD_1A6088025E25_Vicenin-3.png,
466,13954497,CC(C)NC(=S)NC1CS(=O)(=O)CC1O,13954497,ok,CMPD_1A6088025E25_Vicenin-3.png,
467,439564,CC(=O)C=C(C=C(O)O)O,439564,ok,CMPD_1A6C0480D056_xylan.png,
468,129539666,CO[C@@H]1CO[C@H]([C@@H]([C@H]1O)O)O[C@@H]2CO[C@H]([C@@H]([C@H]2O)O)O[C@@H]3CO[C@H]([C@@H]([C@H]3O)O)O[C@@H]4CO[C@H]([C@@H]([C@H]4O)O)OC,129539666,ok,CMPD_1A6C0480D056_xylan.png,
469,27924,CCCCCCCCCCCCCC(=O)O[C@@H]1[C@H]([C@]2([C@@H](C=C(C[C@]3([C@H]2C=C(C3=O)C)O)CO)[C@H]4[C@@]1(C4(C)C)OC(=O)C)O)C,27924,ok,CMPD_1A7094F7E142_Phorbol_ester.png,
470,2153,CN1C2=C(C(=O)N(C1=O)C)NC=N2,2153,ok,CMPD_1A753DF8CC84_1H-purine-2-6-dione_3-7-dihydro-1-methyl.png,
471,14120306,CCCCCC1CC(CC1C=C)(C(=O)OC)C(=O)OC,14120306,ok,CMPD_1AA1473A0FA1_acetoxyferutinin.png,
472,101140023,CC1=CC=C(C=C1)N=C2C=CC(=C(C3=CC=C(C=C3)N(C)C)C4=CC=C(C=C4)N(C)C)C5=CC=CC=C25,101140023,ok,CMPD_1AA1473A0FA1_acetoxyferutinin.png,
473,72378,C1CN2CC3=CC4=C(C=C3[C@H]5[C@H]2C1=C[C@@H]([C@H]5O)O)OCO4,72378,ok,CMPD_1AA26B0C0853_Lycorine.png,
474,73193,C[C@@H]1CC[C@@]2(CC[C@@]3(C(=CC[C@H]4[C@]3(CC[C@@H]5[C@@]4(C[C@H]([C@@H](C5(C)C)O)O)C)C)[C@@H]2[C@]1(C)O)C)C(=O)O,73193,ok,CMPD_1AAE52FA572F_tormentic_acid.png,
475,114674,CCCCC[C@@H](C=CC1=C(C(=O)CC1)CC=CCCCC(=O)O)O,114674,ok,CMPD_1AAE52FA572F_tormentic_acid.png,
476,177131,CC1CCCC(C2CC(C2CC1)(C)C)C,177131,ok,CMPD_1AC0CCB095F1_caryophyllane_a.png,
477,11543,CCCC(C)(C)O,11543,ok,CMPD_1ACD9EC33FCC_2-methyl-2-pentanol.png,
478,5490092,C1=CC=C(C=C1)C2=CC(=O)C3=C(C=C(C=C3O2)O[C@H]4[C@@H]([C@H]([C@@H]([C@H](O4)CO)O)O)O)O,5490092,ok,CMPD_1AD2ACD98358_Chrysin-7-O-beta-D-glucopyranoside.png,
479,656565,CON1C=C(C2=CC=CC=C21)CC(=NOS(=O)(=O)O)S[C@H]3[C@@H]([C@H]([C@@H]([C@H](O3)CO)O)O)O,656565,ok,CMPD_1AD378BA0E08_Neoglucobrassicin.png,
480,5319349,COC1=CC2=C(C=C1)[C@H]3COC4=C([C@H]3O2)C=CC(=C4O)OC,5319349,ok,CMPD_1AE16D8790CC_4_4-dihydroxy-2-methoxy-chalcone.png,
481,12314541,[2H]CCC,12314541,ok,CMPD_1AE67C511738_Carotane.png,
482,5316673,C[C@H]1[C@@H]([C@H]([C@H]([C@@H](O1)OC2=C(OC3=CC(=CC(=C3C2=O)O)O)C4=CC=C(C=C4)O)O)O)O,5316673,ok,CMPD_1AF3E3829F07_Kaempferol-3-rhamnoside.png,
483,131752250,C([C@@H]1[C@H]([C@@H](C(O1)(CNCC(=O)O)O)O)O)O,131752250,ok,CMPD_1B06C978DE03_jasonin-a.png,
484,8842,CC(CCC=C(C)C)CCO,8842,ok,CMPD_1B0F0F2E5EB0_Beta-citronellol.png,
485,320054,COC1=C(C=C(C=C1)C2CC(=O)C3=C(C=C(C=C3O2)OC)O)O,320054,ok,CMPD_1B100BC9ED09_Persicogenin.png,
486,85239073,CC(C)C1CCC2(C(C1OC(=O)C)O2)C,85239073,ok,CMPD_1B384D8530AA_1_2-epoxymenthyl_acetate.png,
487,439192,C1[C@@H]([C@H]([C@@H](C(O1)(CO)O)O)O)O,439192,ok,CMPD_1B4275B82C0E_Sorbose.png,
488,13894537,C/C/1=C\CC/C(=C/[C@H]2[C@H](C2(C)C)CC1)/C,13894537,ok,CMPD_1B59B15AFDD0_bicyclogermacrene.png,
489,101297606,CC(C)CCC([C@]1([C@]2(CC[C@@]3([C@@]2(CC=C4C3=CC[C@@H]5[C@@]4(CC[C@@H](C5(C)C)O)C)C(=O)O1)C)O)C)O,101297606,ok,CMPD_1B7598DD5B1D_Gallicaside_B.png,
490,867,C(C(=O)O)C(=O)O,867,ok,CMPD_1B75F1A8FF3B_Malonic_acid.png,
491,10427506,C[C@]12CCC3C(C1CC[C@@H]2OC4CC4)CC(=O)C5=CC(=O)CC[C@]35C,10427506,ok,CMPD_1B9A9415ABB3_Uncinanone_C.png,
492,7330523,COC1=CC(=C2C(=C1)OC(=CC2=O)C3=CC(=C(C(=C3OC)OC)O)OC)O,7330523,ok,CMPD_1BAFB29CCCD9_5_4_-dihydroxy-7_2_3_5_-tetramethoxyflavone.png,
493,5354883,C1=CC=C(C=C1)/C=C/COC=O,5354883,ok,CMPD_1BB21833E592_cinnamyl_formate.png,
494,5281167,CC/C=C\CCO,5281167,ok,CMPD_1BCFD1541A86__Z_-3-hexenol.png,
495,101185465,COC1=CC=C(C=C1)N[C@@H](C2=CC=CC=C2Cl)[C@H](C3=CC=CC=C3)NC4=CC=C(C=C4)Br,101185465,ok,CMPD_1BF0F9D3F3F7_3-Methoxy_calycopterin.png,
496,3083764,CN1C=CC(=N)C2=CC=CC=C21,3083764,failed,,"('Connection aborted.', RemoteDisconnected('Remote end closed connection without response'))"
497,7809,CC1=CC=C(C=C1)C,7809,ok,CMPD_1BFC6AC1CBE3_P-Xylene.png,
498,129627725,CC1=CC(=CC=C1)C=CC2=CC=CC=C2N(C)C,129627725,ok,CMPD_1C2E2ECD1714_4-hydroxy-5-methoxy-2-oxo-2H-pyran-3-carboxylic_acid.png,
499,5318766,C/C=C(\C)/C(=O)OC1=C2C(=CC(=C1OC)OC)C[C@@H]([C@@](CC3=CC(=C(C(=C32)OC)OC)OC)(C)O)C,5318766,ok,CMPD_1C3186E267B1__-sitosterol_3-O-acetate.png,
500,101673898,CCN\1C=CS/C1=N/[N+](=O)O,101673898,ok,CMPD_1C5071F36E5E_Carissaeduloside_E.png,
501,73582,C#CCOCC1CN(C(=O)O1)C2=CC=CC=C2,73582,ok,CMPD_1C697DBBB24A__-boswellic_acid.png,
502,6430704,CCCCCCCCCCCCCCC/C=C/CCCCCCCC,6430704,ok,CMPD_1C6AC4EE5F95_9-pentacosene.png,
503,689043,C1=CC(=C(C=C1/C=C/C(=O)O)O)O,689043,failed,,"('Connection aborted.', RemoteDisconnected('Remote end closed connection without response'))"
504,204,C1(C(=O)NC(=O)N1)NC(=O)N,204,ok,CMPD_1CC641954099_Allantoin.png,
505,102213764,C(CCO[C@@H]1[C@H]([C@H]([C@@H]([C@H](O1)CC(C(=O)O)C(=O)O)O)O)O)CO[C@@H]2[C@H]([C@H]([C@@H]([C@H](O2)CC(C(=O)O)C(=O)O)O)O)O.[NH4+].[NH4+].[NH4+].[NH4+],102213764,ok,CMPD_1CCBAC788B10_6-isobutyl-7-methyl-coumarin.png,
506,10901509,COCOC[C@H](C=C)NC(=O)OCC1=CC=CC=C1,10901509,ok,CMPD_1CCBAC788B10_6-isobutyl-7-methyl-coumarin.png,
507,72188972,C[C@H]1[C@@H]([C@H]([C@H]([C@@H](O1)OC2=CC(=C3C(=C2)OC(=C(C3=O)O[C@H]4[C@@H]([C@H]([C@@H]([C@H](O4)CO)O)O)O)C5=CC(=C(C=C5)O)OC)O)O)O)O,72188972,ok,CMPD_1CDCD95CA9E5_Robinin.png,
508,5281693,C[C@H]1[C@@H]([C@H]([C@H]([C@@H](O1)OC[C@@H]2[C@@H]([C@@H]([C@H]([C@@H](O2)OC3=C(OC4=CC(=CC(=C4C3=O)O)O[C@H]5[C@@H]([C@@H]([C@H]([C@@H](O5)C)O)O)O)C6=CC=C(C=C6)O)O)O)O)O)O)O,5281693,ok,CMPD_1CDCD95CA9E5_Robinin.png,
509,3084066,COC1=CC=C(C=C1)C2=CC(=O)C3=C(C(=C(C=C3O2)OC)O)O,3084066,ok,CMPD_1CF6F9293B7C_Ladanein.png,
510,5319527,CCCCOC(=O)[C@@H]1[C@@H](C([C@H](C(O1)OC2CC[C@]3(C(C2(C)C)CC[C@@]4(C3C(=O)C=C5C4(CC[C@@]6(C5C[C@@](CC6)(C)C(=O)O)C)C)C)C)OC7[C@@H](C(C([C@H](O7)C(=O)OC)O)O)O)O)O,5319527,ok,CMPD_1CF6F9293B7C_Ladanein.png,
511,670,C(C(=O)CO)O,670,ok,CMPD_1CF9ADE625B5_dihydroxyacetone.png,
512,11435490,CC(=O)OCC1=CC[C@@H]2C[C@H]1C2(C)C,11435490,ok,CMPD_1CFC1870B332_myrtenyl_acetate.png,
513,101235131,C/C=C(/C)\C(=O)O[C@H]/1[C@H]([C@H]2[C@H](C2(C)C)[C@H]([C@H](C(=O)[C@@]34C[C@@H]([C@@H]([C@@]3(O4)/C=C1/C)OC(=O)C)C)C)OC(=O)C)O,101235131,failed,,Response ended prematurely
514,5318565,COC1=C(C(=C2C(=C1)C=CC(=O)O2)OC)O,5318565,ok,CMPD_1D0D0ED94B55_isofraxidin.png,
515,499954,C[C@@H]1[C@H]([C@@]2([C@@H](C2(C)C)[C@H]3[C@]1([C@@H]4C=C(C(=O)[C@]4(CC(=C3)COC(=O)C)O)C)O)OC(=O)C)OC(=O)C,499954,ok,CMPD_1D1AB7E324FC_phorbol_12_13_20-triacetate.png,
516,5316096,CC1(C(C(C2=C(O1)C=C3C(=C2)C4=C(C5=C(O4)C=C(C=C5)O)C(=O)O3)O)O)C,5316096,ok,CMPD_1D1FCF7F7C4F_corylidin.png,
517,101374523,CCOP(=O)(N1CC2=NC(=CC=C2)CN(CC3=CC=CC(=N3)C1)P(=O)(OCC)OCC)OCC,101374523,ok,CMPD_1D1FCF7F7C4F_corylidin.png,
518,5281351,C/C=C/1\[C@@H]2CCN3[C@H]1[C@@]4(CC3)[C@@H](C2)N(C5=C4C=CC=C5OC)C(=O)C,5281351,ok,CMPD_1D3EC80F36C1_N-formyl_loline.png,
519,439246,C1[C@H](OC2=CC(=CC(=C2C1=O)O)O)C3=CC=C(C=C3)O,439246,ok,CMPD_1D48FDAC8096_Naringenin.png,
520,361510,C1=C(C=C(C2=C1C(=O)C3=C(C2=O)C(=CC(=C3)O)O)O)C(=O)O,361510,ok,CMPD_1D69E4B69096_emodic_acid.png,
521,89664,CC1=C[C@@H]([C@@H]2C[C@H]1C2(C)C)O,89664,ok,CMPD_1D7772B3B35D_trans-verbenol.png,
522,68085,COC1=C2C=COC2=NC3=CC=CC=C31,68085,ok,CMPD_1D8A4967EC68_Dictamnine.png,
523,24836956,C[C@H]1CC/C=C(\CC(=O)[C@H](CC1=O)C(C)C)/C,24836956,ok,CMPD_1DAA54688C3D_neocurdione.png,
524,44258427,CC1[C@@H]([C@@H](C([C@@H](O1)OCC2[C@H]([C@@H](C([C@@H](O2)OC3=C(C(=C4C(=C3)OC(=CC4=O)C5=CC=C(C=C5)O)O)O)O)O)O)O)O)O,44258427,ok,CMPD_1DB139A80A71_scutellarein-7-rutinoside.png,
525,442615,C1=CC(=C(C=C1C2=CC(=O)C3=C(C(=C(C(=C3O2)[C@H]4[C@@H]([C@H]([C@@H]([C@H](O4)CO)O)O)O)O)[C@H]5[C@@H]([C@H]([C@@H]([C@H](O5)CO)O)O)O)O)O)O,442615,ok,CMPD_1DBD273FDC54_luteolin_6_8-di-C-glucoside.png,
526,169607,C[C@H]1[C@H]([C@@H](C(=CO1)C(=O)OC)CC(=O)O)C=O,169607,ok,CMPD_1DC79260A1A3_elenolic_acid.png,
527,101037628,CCC[C@H](C[C@H]([C@H]1[C@@H]2C=C[C@@H]([C@H]1/C=C(\C)/C(=O)OC)O2)O)N(C)CC3=CC=CC=C3,101037628,ok,CMPD_1DFA88F9D00E_Luteolin_6-arabinose-8-glucose.png,
528,101037563,C1CN(CCC1(C#N)N(C=O)C2=CC(=CC=C2)Cl)C3CC4=CC=CC5=C4C3=CC=C5,101037563,ok,CMPD_1DFA88F9D00E_Luteolin_6-arabinose-8-glucose.png,
529,5281666,COC1=CC=C(C=C1)C2=C(C(=O)C3=C(C=C(C=C3O2)O)O)O,5281666,ok,CMPD_1DFC64E70C2E_kaempferol_4-methyl_ether.png,
530,6436624,CCCCCC/C=C\CCCCCCCC(=O)OCC,6436624,ok,CMPD_1E15D21781BE_ethyl_palmitoleate.png,
531,9851181,C[C@H]1[C@@H]([C@H]([C@H]([C@@H](O1)OC[C@@H]2[C@H]([C@@H]([C@H]([C@@H](O2)OC3=CC(=C4C(=C3)OC(=CC4=O)C5=CC=C(C=C5)O)O)O)O)O)O)O)O,9851181,ok,CMPD_1E23C39E38E1_Isorhoifolin.png,
532,102431718,C1=CC=C2C(=C1)C=C(C=N2)C3=CNC(=O)C(=C4C=NC5=CC=CC=C54)N3,102431718,ok,CMPD_1E4D73A03E79_3_5_-dihydroxy-3_6_7_4_5_-pentamethoxyflavone.png,
533,14037471,COC1=CC(=CC(=C1OC)O)C2=C(C(=O)C3=C(C(=C(C=C3O2)OC)OC)O)OC,14037471,ok,CMPD_1E4D73A03E79_3_5_-dihydroxy-3_6_7_4_5_-pentamethoxyflavone.png,
534,10085008,CC1=CC2=C(C3=C1OC(C=C3)(C)C)NC4=C2C=CC(=C4)O,10085008,ok,CMPD_1E6577AE6085_murrayamine-A.png,
535,102553047,CC1=C(C=CC(=C1)Br)S(=O)(=O)N2CCN(CC2)C(=O)C3CCCO3,102553047,ok,CMPD_1E9DB331AE5A_amorfrutin_J.png,
536,10141662,CCOC(=O)[C@H](CCOC1=CC=C(C=C1)F)N(C)C(=O)C(C)(C)NC(=O)[C@@H](C(C)C)SC(=O)C,10141662,ok,CMPD_1EB350E45FEC_Pituranthosin_B.png,
537,71587098,C[C@]12CC[C@H](C([C@@H]1CC[C@@]([C@@H]2COC3=CC4=C(C=C3)C=CC(=O)O4)(C)O)(C)C)O,71587098,ok,CMPD_1EDCF06D5113_Samarcandin.png,
538,100918,CCN(CC)C1=CC(=C(C=C1)N=NC2=C(C=C(S2)[N+](=O)[O-])[N+](=O)[O-])NC(=O)C,100918,ok,CMPD_1EDCF06D5113_Samarcandin.png,
539,12309890,CC1=CCC2C1C(=O)C2(C)C,12309890,ok,CMPD_1EDDC92148CE_Filifolone.png,
540,23657874,O1[SiH2]O[SiH2]O[SiH2]1,23657874,ok,CMPD_1EDEE4AD0A04_Cyclotrisiloxane.png,
541,10914,C[Si]1(O[Si](O[Si](O1)(C)C)(C)C)C,10914,ok,CMPD_1EDEE4AD0A04_Cyclotrisiloxane.png,
542,5283028,C(CCCCC(=O)O)CCC/C=C/C(=O)O,5283028,ok,CMPD_1EE04A4E7FB0_traumatic_acid.png,
543,5318219,CC(=CCC1=CC2=C(C=C1O)C(=O)C(C(O2)C3=CC(=C(C=C3)O)CC=C(C)C)O)C,5318219,ok,CMPD_1EEC98AE51FD_3_5-di-O-galloyl_quinic_acid.png,
544,5317579,C1=CC(=C(C(=C1)O)O)CCCCCCC/C=C\C/C=C\CCCCC2=C(C(=CC=C2)O)O,5317579,ok,CMPD_1EF7944FAFE7_5-hydroxy-1-methyl-2-phenyl-4-quinolone.png,
545,101737375,C1=CC=C(C=C1)CC(=O)OC[C@@H]([C@@H]2C(=C(C(=O)O2)OCC3=CC=CC=C3)OCC4=CC=CC=C4)O,101737375,ok,CMPD_1EFA273914CF_ferusinol.png,
546,5281331,CC[C@H](/C=C/[C@@H](C)[C@H]1CC[C@@H]2[C@@]1(CC[C@H]3C2=CC[C@@H]4[C@@]3(CC[C@@H](C4)O)C)C)C(C)C,5281331,ok,CMPD_1F014680F872_Spinasterol.png,
547,5281377,C1=CC(=CC=C1C2=COC3=CC(=CC(=C3C2=O)O)O[C@H]4[C@@H]([C@H]([C@@H]([C@H](O4)CO)O)O)O)O,5281377,ok,CMPD_1F0EB9037160_genistin.png,
548,101614069,CC1(CN[P+](OC1)(NC2=CC=CC=C2)[O-])C,101614069,ok,CMPD_1F2B1109A78E_Stachenol.png,
549,69421,CCCCCCCCCCCCCCCC(=O)N,69421,ok,CMPD_1F2CAFD98198_palmitamide.png,
550,10115055,CC(=CC[C@@H]1[C@](O1)(C)[C@H]2[C@@H]([C@@H](CC[C@]23CO3)OC(=O)N[C@@H](C(=O)OC)C(C)(C)C)OC)C,10115055,ok,CMPD_1F2D7D55A842_scabiostellatoside_D.png,
551,311,C(C(=O)O)C(CC(=O)O)(C(=O)O)O,311,ok,CMPD_1F5069EF4578_Citric_acid.png,
552,7794,CC(CCC=C(C)C)CC=O,7794,ok,CMPD_1F5069EF4578_Citric_acid.png,
553,17100,CC1=CCC(CC1)C(C)(C)O,17100,ok,CMPD_1F50F707EFB9_Î_-Terpineol.png,
554,7460,CC1=CCC(C=C1)C(C)C,7460,ok,CMPD_1F660A39662D_alpha-Phellandrene.png,
555,157009734,C1=CC(=C(C=C1C2=C(C(=O)C3=C(C=C(C=C3O2)O)O)O[C@H]4[C@@H]([C@H]([C@@H]([C@H](O4)CO[C@H]5[C@@H]([C@H]([C@H](O5)CO)O)O)O)O)O)O)O,157009734,ok,CMPD_1F6732B7CA0B_Quercetin-3-O-glucosyl-xyloside.png,
556,6537197,C1=CC=C(C=C1)C/C(=N/OS(=O)(=O)O)/S[C@H]2[C@@H]([C@H]([C@@H]([C@H](O2)CO)O)O)O,6537197,ok,CMPD_1F69A8E647E3_Benzyl_glucosinolate.png,
557,94154,C([C@H](C([C@@H](CO)O)O)O)O,94154,ok,CMPD_1F7032DF5902_Arabinitol.png,
558,82755,C1=CC(=C(C=C1CCO)O)O,82755,ok,CMPD_1F7E5DF6B841_hydroxytyrosol.png,
559,11059955,C[C@]12CC[C@@](C[C@@H]1CC[C@@H]3[C@@H]2CC[C@]4([C@H]3CCC4=O)C)(CN(CC5CCCCC5)C(=O)C6CC6)O,11059955,ok,CMPD_1F841136A0FA_IsoDaidzin.png,
560,5321526,C[C@@H]1[C@@H]([C@@H]([C@H](C(O1)OC2CCC3(C4CCC5(C(CCC5(C4CCC3(C2)O)O)C6=CC(=O)OC6)C)C=O)O)OC)O,5321526,ok,CMPD_1F8DCBE59CEA__3Z_6E_-alpha-farnesene.png,
561,44257652,C1[C@@H]([C@@H](C([C@@H](O1)C2=C(C3=C(C=C2O)OC(=CC3=O)C4=CC=C(C=C4)O)O)O)O)O,44257652,ok,CMPD_1FDC67A4249B_isomollupentin.png,
562,4173,CC1=NC=C(N1CCO)[N+](=O)[O-],4173,ok,CMPD_1FFD6B1E6D55_Metronidazole.png,
563,537288,COC1(C2CCCC1C(=O)CC2=O)OC,537288,ok,CMPD_200B872FE88D_9_9-dimethoxybicyclo_3.3.1_nona-2_4-dione.png,
564,102143046,CCCCCCOC1=CC=C(C=C1)C(=O)OC2=CC=C(C=C2)OCCCOC3=CC=C(C=C3)C(=O)OC4=CC=C(C=C4)C(=O)OC5=CC=CC(=C5)C(=O)OC6=CC=C(C=C6)OC(=O)C7=CC=C(C=C7)C#N,102143046,ok,CMPD_206AB4F7CEE4_Phytyl_acetate.png,
565,637195,C[C@@H](CCC[C@@H](C)CCC/C(=C/COC(=O)C)/C)CCCC(C)C,637195,ok,CMPD_206AB4F7CEE4_Phytyl_acetate.png,
566,92762,CC1=CCC[C@]2([C@H]1C[C@@H](CC2)C(C)(C)O)C,92762,ok,CMPD_209234EBC4BC_alpha-eudesmol.png,
567,5281787,C1=CC=C(C=C1)CCOC(=O)/C=C/C2=CC(=C(C=C2)O)O,5281787,ok,CMPD_20A96FB8ADA9_3-5-O-dicaffeoylquinic_acid.png,
568,6474310,C1C(C[C@H](C([C@@H]1OC(=O)/C=C/C2=CC(=C(C=C2)O)O)O)OC(=O)/C=C/C3=CC(=C(C=C3)O)O)(O)C(=O)O,6474310,ok,CMPD_20A96FB8ADA9_3-5-O-dicaffeoylquinic_acid.png,
569,11463133,C[C@@H]1CN([C@H](CN1C(=O)C2=CC3=C(O2)C=C(C=C3)C)C)CC4=CC=C(C=C4)F,11463133,ok,CMPD_20C5C7487455_3-O-Methylquercetin_3-O-glucoside.png,
570,5281628,COC1=C(C2=C(C=C1O)OC(=CC2=O)C3=CC=C(C=C3)O)O,5281628,ok,CMPD_20CF7158D155_hispidulin.png,
571,12300069,CC(=CCC[C@@]1([C@H]2CCC(=C)[C@@H]1C2)C)C,12300069,ok,CMPD_20E79F4A9D56_Beta-trans-bergamotene.png,
572,145707084,C[C@@]12CC[C@@H]3[C@@H]([C@H]4[C@@](O4)(CC[C@H]1O2)C)OC(=O)C3=C,145707084,ok,CMPD_20F94B828673_1_10-epoxy-parthenolide.png,
573,10427844,CCOC(=O)CC/C=C\C[C@@H]1COC(O[C@@H]1C2=CC=CC=C2O)(C)C,10427844,ok,CMPD_20F94B828673_1_10-epoxy-parthenolide.png,
574,10183133,C1CN(C[C@H]1CC(=O)N)C2=NC(=NC3=C2C=C(N3)COC4=CC(=CC=C4)Cl)C5=CC=CC=C5,10183133,ok,CMPD_20F94B828673_1_10-epoxy-parthenolide.png,
575,5944,C[C@@]12[C@H]3CC[C@@H]([C@@]1(C(=O)OC2=O)C)O3,5944,ok,CMPD_2100571E4E79_cantharidin.png,
576,439250,CC1=CC[C@H](CC1)C(=C)C,439250,ok,CMPD_2114A5148302_I-Limonene.png,
577,5273755,COC1=C(C=C(C=C1)C2=CC(=O)C3=C(O2)C=C(C(=C3O)OC)O)OC,5273755,ok,CMPD_212139509C92_eupatilin.png,
578,12388,CCCCCCCCCCCCC,12388,ok,CMPD_21283A0857E2_Tridecane.png,
579,21123946,C[C@]12CC[C@H]3C(=CC(=O)[C@H]4[C@@]3(C[C@@H]([C@@H](C4)O)O)C)[C@@]1(CC[C@@H]2[C@](C)([C@@H](CCC(C)(CO)O)O)O)O,21123946,ok,CMPD_21318FEEA016_20_26-Dihydroxyecdysone.png,
580,5280462,CC1=CC(=O)CC([C@]1(/C=C/[C@@H](C)O)O)(C)C,5280462,ok,CMPD_213829CA5DDA_Blumenol_A.png,
581,5316492,C1=C(C=C(C(=C1O)O)O)C2=[O+]C3=CC(=C(C=C3C=C2O[C@@H]4[C@@H]([C@H]([C@@H]([C@H](O4)CO)O)O)O)O[C@H]5[C@@H]([C@H]([C@@H]([C@H](O5)CO)O)O)O)O,5316492,ok,CMPD_213829CA5DDA_Blumenol_A.png,
582,14605580,CC(=O)/C=C/[C@]12[C@](O1)(C[C@H](CC2(C)C)O)C,14605580,ok,CMPD_213BA1FA8A1A_3S-5R-6S-7E-5-6-epoxy-3-hydroxy-7-megastigmen-9-one.png,
583,6432404,CC1=C[C@@H]2[C@@H](CC1)C(=C)CC[C@H]2C(C)C,6432404,ok,CMPD_2144D035AE00_gamma-cadinene.png,
584,521943,C[Si](C)(C)NCCC1=CN(C2=CC=CC=C21)[Si](C)(C)C,521943,ok,CMPD_2144D035AE00_gamma-cadinene.png,
585,179577,CC1=CC[C@H]2[C@]([C@@H]1COC3=CC4=C(C=C3)C=CC(=O)O4)(CC[C@H](C2(C)C)O)C,179577,ok,CMPD_2144D55924AC_feselol.png,
586,5319306,C/C=C\C#CC#C/C=C\C(=O)OC,5319306,ok,CMPD_2149C7348616__2Z_8Z_-matricaria_ester.png,
587,101185481,B(CCCC)(CCCC)O/C(=C\C)/N1[C@@H](COC1=O)CC2=CC=CC=C2,101185481,ok,CMPD_214AB438A6FD_Pituranthosin_A.png,
588,101924036,C[C@@H]([C@@](C(C)C)(C(=O)OCC1=CCN2[C@H]1[C@H](CC2)O)O)OC(=O)C,101924036,ok,CMPD_214C566FD8A5_3-acetylechinatine.png,
589,137357,CC(C)C1=C[C@H]2[C@H](CC[C@@]2(C)O)C(=C)CC1,137357,ok,CMPD_21674AFC2019_alismol.png,
590,131752123,CC1CCCC2C1(C(C3=C(C(=O)OC3(C2)OC)C)O)C,131752123,ok,CMPD_216894E9CB25_euphelionolides_K.png,
591,15555026,CC1=C(C(=O)C(=C(C1(C)O[N+](=O)[O-])Cl)Cl)Cl,15555026,ok,CMPD_2169C2CB0F6E_Pentosan.png,
592,11033280,C1=CC=C(C=C1)CN2C(=O)C(=CNC2=O)Br,11033280,ok,CMPD_217CF4ACEDF1_epoxy-vesceritenol.png,
593,12921526,CC(C)OP(=O)(OC(C)C)SCCN1CCCCC1,12921526,ok,CMPD_217E6A5F09DE_nilotinin_M3.png,
594,5281255,CC(=CCC1=C(C=CC(=C1O)C(=O)/C=C/C2=CC=C(C=C2)O)O)C,5281255,ok,CMPD_21901917DC89_Isobavacalchone.png,
595,25084503,CN1[C@H]2C[C@H]3C[C@@H]1[C@@H]([C@H]2O)O3,25084503,ok,CMPD_219198F229E5_scopoline.png,
596,439514,COC1=C(C=C2C(=C1)C=CC(=O)O2)O[C@H]3[C@@H]([C@H]([C@@H]([C@H](O3)CO)O)O)O,439514,ok,CMPD_219198F229E5_scopoline.png,
597,131752318,CC1=C(C(=O)NC1CC2=C(C(=C(N2)C3C(C(=O)C4=C3NC(=C4C)CC5=C(C(=C(N5)C=O)C)CCOC(=O)CC(=O)O)C(=O)O)CCC(=O)O)C)C=C,131752318,ok,CMPD_21BF4C1D5CF3_Semipapposide_I.png,
598,44258457,CC1[C@@H](C([C@@H]([C@@H](O1)OCC2[C@H]([C@@H](C([C@@H](O2)OC3=C(C(=C4C(=C3)OC(=CC4=O)C5=CC=C(C=C5)O)O)OC)O)O)O)O)O)O,44258457,ok,CMPD_21C60BBBEA40_hispidulin-7-rutinoside.png,
599,8222,CCCCCCCCCCCCCCCCCCCC,8222,ok,CMPD_21DBD0E48795_N-eicosane.png,
600,54025157,COC1=C(C=C(C=C1)C=CC=O)O,54025157,ok,CMPD_21E42CC98080_3-hydroxy-4-methoxycinnamaldehyde.png,
601,458010,CC1([C@H](O1)COC2=C3C(=CC4=C2OC=C4)C=CC(=O)O3)C,458010,ok,CMPD_21F254F9C550_Heraclenin.png,
602,306,C=C(C(=O)O)OC1C=C(C=CC1O)C(=O)O,306,ok,CMPD_2240E4D1EC35_Aconitic_acid.png,
603,10208,CC1=CC2=C(C(=C1)O)C(=O)C3=C(C2=O)C=CC=C3O,10208,ok,CMPD_224B92FF02A8_Chrysophanic_acid.png,
604,5281721,C/C=C(/C)\C(=O)O[C@H]1CCN2[C@@H]1C(=CC2)CO,5281721,ok,CMPD_22885B504728_7-angeloylheliotridine.png,
605,15628016,C[C@@H]1C[C@]2([C@H]([C@H]1OC(=O)C3=CC=CC=C3)/C=C(/[C@@H](CC(=O)C(/C=C/[C@H]([C@H]2OC(=O)C)C)(C)C)OC(=O)C4=CC=CC=C4)\C)OC(=O)C,15628016,ok,CMPD_228F3D2E142B_euphoscopin_C.png,
606,12310053,CC(=C)C1C=CCCC1(C)C=C,12310053,ok,CMPD_22C6CA13E3B4_Geijerene.png,
607,138396512,COC1=C(C=CC(=C1)C2C(C(CO2)C(C3=CC(=C(C=C3)O)OC)O)CO)O[C@H]4[C@@H]([C@H]([C@@H]([C@H](O4)CO)O)O)O,138396512,ok,CMPD_22DF784C9F4E_lanicepside_B.png,
608,14603953,CC(CCC(CCO[Si](C)(C)C(C)(C)C)OCOCC[Si](C)(C)C)/C=C/C=C/CC/C(=C/C(=O)OCC[Si](C)(C)C)/C,14603953,ok,CMPD_231821036539_Docosyl_Z_-p-coumarate.png,
609,639465,CC(=CCC/C(=C/CC1=C(C2=C(C=C1O)O[C@@H](CC2=O)C3=CC(=C(C=C3)O)O)O)/C)C,639465,ok,CMPD_2332AE92291D_Propolin_C.png,
610,45783154,C(CCCC(=O)O)CCCC(=O)OCC(CO)O,45783154,ok,CMPD_23354F9B8AC6_9-_2_3-dihydroxypropoxy_-9-oxononanoic_acid.png,
611,440735,C1[C@H](OC2=CC(=CC(=C2C1=O)O)O)C3=CC(=C(C=C3)O)O,440735,ok,CMPD_23358CD566F8_eriodictyol.png,
612,13855925,CCC1CC(=C)C(C(=O)OC/C/2=C/CN(CC[C@H](C2=O)OC1=O)C)(C)O,13855925,ok,CMPD_2340F38D2397_emiline.png,
613,12921524,CC(C)OP(=O)(OC(C)C)SCCBr,12921524,ok,CMPD_2351EF565165_nilotinin_D3.png,
614,14243689,CC1=CC=C(C=C1)S(=O)C2=CC(=C(O2)N(C)C3=CC=CC=C3)C(=O)C(C4=CC=CC=C4)Cl,14243689,ok,CMPD_235744526E96_Dihydropseudoivalin_4-O-glucoside.png,
615,28930,CC1(C2CCC1C(=C)C2)C,28930,ok,CMPD_2357DE6296C7_alpha-fenchene.png,
616,5363388,CC/C=C\CCOC(=O)C,5363388,ok,CMPD_2368CCBC4226_cis-3-Hexenyl_acetate.png,
617,10115039,CC(C)OC(=O)CCN1CCC(=C(C2=CC=CC=C2)C3=CC=CC=C3)CC1,10115039,ok,CMPD_237C13F8495B_anchusoside_7.png,
618,15016259,CCOC(=O)C(C)OC1=NN(C=N1)C2=CC(=CC=C2)Br,15016259,ok,CMPD_237C13F8495B_anchusoside_7.png,
619,11016019,COC1=C(C=C(C=C1)C2=CC(=O)C3=C(C=C(C=C3O2)O[C@H]4[C@@H]([C@H]([C@@H]([C@H](O4)CO)O)O)O)O)O,11016019,ok,CMPD_23816D1CD2D2_diosmetin-7-O-beta-D-glucoside.png,
620,12866383,CN(C)CCC1=CC2=C(C=C1CC(=O)C3=C(C4=C(C=C3)OCO4)C(=O)O)OCO2,12866383,ok,CMPD_23889C793D16_adlumidiceine.png,
621,104847,C[C@H]1CCC[C@@H](CCCC=CC2=C(C(=CC(=C2)O)O)C(=O)O1)O,104847,ok,CMPD_23889C793D16_adlumidiceine.png,
622,92110,C[C@H](CCC=C(C)C)[C@H]1CC[C@@]2([C@@]1(CC[C@]34[C@H]2CC[C@@H]5[C@]3(C4)CC[C@@H](C5(C)C)O)C)C,92110,ok,CMPD_238CE94A49AB_Cycloartanol.png,
623,444732,C[C@H](/C=C(\C)/C=C/C(=O)NO)C(=O)C1=CC=C(C=C1)N(C)C,444732,ok,CMPD_238CE94A49AB_Cycloartanol.png,
624,442655,COC1=C(C=C(C=C1)C(=O)CC2CCCN2)OC,442655,ok,CMPD_238CE94A49AB_Cycloartanol.png,
625,101532,CNCC(C1=CC=C(C=C1)O)O.CNCC(C1=CC=C(C=C1)O)O.[C@@H]([C@H](C(=O)O)O)(C(=O)O)O,101532,ok,CMPD_238CE94A49AB_Cycloartanol.png,
626,1049,C1=CC=NC=C1,1049,ok,CMPD_23A63310B8E9_pyridine.png,
627,102146913,C[C@@H](C(=NC1=CC=CC(=C1)C2=C3C=CC(=C(C4=NC(=C(C5=CC=C(N5)C(=C6C=CC2=N6)C7=CC(=CC=C7)N=C([C@H](C)N=C(C)O)O)C8=CC(=CC=C8)N=C([C@H](C)N=C(C)O)O)C=C4)C9=CC(=CC=C9)N=C([C@H](C)N=C(C)O)O)N3)O)N=C(C)O,102146913,ok,CMPD_23F77A80CA95_Sandrosaponins_VIII.png,
628,10115056,C1CCN(CC1)CCOC2=CC3=C(CC4(C3)C5=C(C=C(C=C5)O)C=C4C6=CC(=CC=C6)O)C=C2,10115056,ok,CMPD_240B487AD1CF_laterioside.png,
629,13855746,CC1C2CCC3(CCC(C(=C3C2OC1=O)C)OC4C(C(C(C(O4)CO)O)O)O)C,13855746,ok,CMPD_241FE237CC25_sonchuside_C.png,
630,935,[Ni],935,ok,CMPD_245772891A55_Ni.png,
631,5281334,,5281334,failed,,404 Client Error: PUGREST.NotFound for url: https://pubchem.ncbi.nlm.nih.gov/rest/pug/compound/cid/5281334/PNG?image_size=500x500
632,10887309,C[C@H](C(=O)NO[C@H](CC1=CC=CC=C1)C(=O)NO[C@H](CC(C)C)C(=O)N)ONC(=O)[C@@H](CC2=CC=CC=C2)ONC(=O)[C@@H](C(C)C)ON3C(=O)C4=CC=CC=C4C3=O,10887309,ok,CMPD_2466C7DBF676_dendranthemoside_B.png,
633,5321018,CC1=C2C[C@H]3C(=C)CCC[C@@]3(C=C2OC1=O)C,5321018,ok,CMPD_24691E2318DF_Atractylenolide_I.png,
634,15293070,CC(CCC(C(=C)C)OO)[C@H]1CC[C@@]2([C@@]1(CC[C@@]34[C@@H]2CC[C@@H]5[C@]3(C4)CC[C@@H](C5(C)C)O)C)C,15293070,ok,CMPD_248C864B1B49_24-hydroperoxycycloart-25-en-3_-ol.png,
635,131751910,CC(C1CCC2(C1(CCC34C2CCC5C3(C4)CCC(C5(C)C)O)C)C)C(C/C=C(/C)\C(=O)O)O,131751910,ok,CMPD_24950F493431_Quercetin_3-rhamnoside_7-glucoside.png,
636,5282138,CC1=C(C(C(=C(N1)C)C(=O)OC/C=C/C2=CC=CC=C2)C3=CC(=CC=C3)[N+](=O)[O-])C(=O)OCCOC,5282138,ok,CMPD_24950F493431_Quercetin_3-rhamnoside_7-glucoside.png,
637,44259243,CC1[C@@H](C([C@@H]([C@@H](O1)OC2=C(OC3=CC(=CC(=C3C2=O)O)O[C@H]4C([C@H]([C@@H](C(O4)CO)O)O)O)C5=CC(=C(C=C5)O)O)O)O)O,44259243,ok,CMPD_24950F493431_Quercetin_3-rhamnoside_7-glucoside.png,
638,5362189,C1=CC=C2C(=C1)/C(=C\NC3=CC=C(C=C3)C4=NC5=CC=CC=C5N4)/C(=N2)C6=CC=C(C=C6)Cl,5362189,ok,CMPD_24A4598EB063_6_10-dimethyl-undecan-2-one.png,
639,20042,CC(C)(C)C1=CC(=C(C(=C1)[N+](=O)[O-])O)[N+](=O)[O-],20042,ok,CMPD_24A4598EB063_6_10-dimethyl-undecan-2-one.png,
640,5318768,CC1C([C@H]([C@H]([C@H](O1)O[C@H]2[C@H](O[C@H]([C@@H](C2O)O)CO)O[C@@H]3C(C([C@H](OC3O[C@@H]4CC[C@@]5(C(C4(C)C)CC[C@]6(C5CC=C7C6(CC[C@]8(C7CC(C[C@H]8O)(C)C)C)C)C)C)C(=O)O)O)O)O)O)O,5318768,ok,CMPD_24A7CF35235C_2_4-dihydroxy-6-methoxydihydrochalcone.png,
641,99615,CC(=C)[C@@H]1CC[C@]2([C@H]1[C@H]3CC[C@@H]4[C@]5(CC[C@@H](C([C@@H]5CC[C@]4([C@@]3(CC2)C)C)(C)C)O)C)C=O,99615,ok,CMPD_24B732330310_betulin_aldehyde.png,
642,5280536,COC1=C(C=CC(=C1)/C=C/C=O)O,5280536,ok,CMPD_24BC30961430_Coniferaldehyde.png,
643,638024,C1CCN(CC1)C(=O)/C=C/C=C/C2=CC3=C(C=C2)OCO3,638024,ok,CMPD_24C8F9247941_transcinnamic_acid.png,
644,5318700,C[C@H]1CCC2C13CCC(C3)[C@](C2(C)C)(C)O,5318700,ok,CMPD_24D9BE2DA37C_nerolidol-Z.png,
645,101297593,C[C@]12CC[C@@H](C([C@@H]1CC[C@@]3([C@@H]2CC=C4[C@]3(C[C@H]([C@@]5([C@H]4CC(C(=O)C5)(C)C)CO)O)C)C)(C)C)O,101297593,ok,CMPD_24E1A45B1A89_argelin.png,
646,520395,CC1=CN=CC(=N1)OC,520395,ok,CMPD_24E27BD4491E_6-methyl-2-methoxy_pyrazine.png,
647,5319524,CC(=O)O[C@H]1C[C@@H]2[C@]3(C=CC(=O)C([C@@H]3C[C@H]([C@]2(C4=CC[C@H]([C@]14C)C5=CC(OC5=O)O)C)OC(=O)C)(C)C)C,5319524,ok,CMPD_24E4CECC2935__Z_E_Farnesol.png,
648,10142,CC1=C(C(=O)C(=C2C(=O)C(=C(C(=O)C2=O)C)O)C(=C1O)O)O,10142,ok,CMPD_2505A397D257_Anagyrine.png,
649,107050,COC1=C(C=CC(=C1)C(O)S(=O)(=O)O)OCC(C[N+]2=CC=CC(=C2)C(=O)O)O,107050,ok,CMPD_253AD9BE058E_Iberin.png,
650,10174246,CC(=O)C1(CCN(CC1)CCC2C3=CC=CC=C3CCN2C(=O)C4=CC=C(C=C4)F)C5=CC=CC=C5,10174246,ok,CMPD_2549BC227FAE_4-O-methyl_guaiacylglycerol_9-O-beta-glucopyranoside.png,
651,44259105,CC1[C@@H]([C@@H](C([C@@H](O1)OCC2[C@@H](C(C([C@@H](O2)OC3=C(OC4=CC(=CC(=C4C3=O)O)O)C5=CC(=C(C=C5)O)O)O)O)O)O)O[C@H]6C([C@H]([C@@H](C(O6)CO)O)O)O)O,44259105,failed,,"('Connection aborted.', RemoteDisconnected('Remote end closed connection without response'))"
652,5318355,COC1=CC=C(C=C1)C2=C(C(=O)C3=C(C(=C(C=C3O2)OC)OC)O)OC,5318355,ok,CMPD_255DD9656F7B_5-hydroxy-3_4_6_7-tetramethoxyflavone.png,
653,131752136,CC1=C[C@@H]2[C@](CC1=O)(C3([C@@H]([C@H]([C@H](C34CO4)O2)O)OC(=O)C)C)COC(=O)C,131752136,ok,CMPD_2571B0378126_euphornin.png,
654,14489120,C[C@H]1C[C@]2([C@H]([C@H]1OC(=O)C3=CC=CC=C3)/C=C(/[C@@H](C[C@H](C(/C=C/[C@@H]([C@@H]2OC(=O)C)C)(C)C)OC(=O)C)OC(=O)C)\C)O,14489120,failed,,"('Connection aborted.', RemoteDisconnected('Remote end closed connection without response'))"
655,5365037,CCCCCCCCCC/C=C/CCCCCCCC,5365037,ok,CMPD_2572FB4C78BB_9-eicosene.png,
656,5364510,CCCC/C=C/CCC(=O)OC,5364510,ok,CMPD_2572FB4C78BB_9-eicosene.png,
657,101499040,C[C@H]1[C@H]2[C@H](O2)C([C@@H]([C@@H]([C@H]([C@@]3(CCC(=O)O[C@@H]4[C@H]([C@H]3OC(=O)C5=CC=CC=C5)[C@@]([C@H]1OC(=O)C)(C[C@@]4(C)OC(=O)C)O)O)OC(=O)C)OC(=O)C)OC(=O)C)(C)C,101499040,ok,CMPD_25790E1C72D8_guyonianin_F.png,
658,3082591,CCCN(CCC)[C@@H]1C[C@H]1C2=CC=CC=C2O,3082591,ok,CMPD_2582CEDDB645_Î_-elemol.png,
659,101831205,CCCCCCCCCCCCCCCCCCCCCCCC(=O)O[C@@H]1COC[C@H]([C@H]([C@@H]1O)O)O,101831205,ok,CMPD_25A00F701249_S-calycotomine.png,
660,12681385,C/C(=C\CO)/CC/C=C(\C)/C(=O)O,12681385,ok,CMPD_25B24A8D805A_Foliamenthic_acid.png,
661,29075,CCCCCCCCCCCCCCCCCC=C,29075,ok,CMPD_25CE46554F1E_1-nonadecene.png,
662,5318221,CCCC(/C=C\C=C/CCCCCCCC(=O)O)O,5318221,ok,CMPD_25DD030D1102_8-_6_7-dihydroxygeranyloxy_-psoralen.png,
663,10940562,CC1=CN([14C](=O)NC1=O)[C@H]2C[C@@H]([C@H](O2)COC(C3=CC=CC=C3)(C4=CC=C(C=C4)OC)C5=CC=C(C=C5)OC)O,10940562,ok,CMPD_25DD030D1102_8-_6_7-dihydroxygeranyloxy_-psoralen.png,
664,73830,CC1(CCCC1)O,73830,ok,CMPD_25E81FECBE85_1-methyl-1-cyclopentanol.png,
665,441852,C[C@H]1[C@@H]([C@H]([C@H]([C@@H](O1)O[C@H]2CC[C@@]3([C@H]4CC[C@@]5([C@H](CC[C@@]5([C@@H]4CC[C@@]3(C2)O)O)C6=CC(=O)OC6)C)C=O)O)O)O,441852,ok,CMPD_26033A7E2B14_convallatoxin.png,
666,23973,[Cd],23973,ok,CMPD_2605C8EEC2CA_Cd.png,
667,5280343,C1=CC(=C(C=C1C2=C(C(=O)C3=C(C=C(C=C3O2)O)O)O)O)O,5280343,ok,CMPD_261807A0AF19_quercitin.png,
668,5280459,C[C@H]1[C@@H]([C@H]([C@H]([C@@H](O1)OC2=C(OC3=CC(=CC(=C3C2=O)O)O)C4=CC(=C(C=C4)O)O)O)O)O,5280459,ok,CMPD_261807A0AF19_quercitin.png,
669,5280450,CCCCC/C=C\C/C=C\CCCCCCCC(=O)O,5280450,ok,CMPD_2637971B434B_Linoleic_acid.png,
670,21582569,COC1=CC(=CC2=C1O[C@H]([C@@H]2CO)C3=CC(=C(C=C3)O)OC)/C=C/C=O,21582569,ok,CMPD_264BB7A0B3B3_balanophonin.png,
671,821449,CC(=CCOC1=C2C=COC2=C(C3=C1C=CC(=O)O3)OC)C,821449,ok,CMPD_264F9CAA16CC_cnidilin.png,
672,177529483,C1=CC(=CC=C1/C=C/C(=C\2/C(=C(C(=O)C(C2=O)([C@H]3[C@@H]([C@H]([C@@H]([C@H](O3)CO)O)O)O)O)C(CC(=O)O)C4=CC=C(C=C4)O)O)/O)O,177529483,ok,CMPD_2667EA097437_Safflamin_C.png,
673,5464361,C1=CC(=CC=C1C(=O)N)[As](SCC(=O)[O])SCC(=O)[O],5464361,ok,CMPD_26942877746F_1-O-methyl-epi-inositol.png,
674,11684,CCC(C)(C)C(=O)O,11684,ok,CMPD_26A02A34C471_2_2-dimethylbutanoic_acid.png,
675,6274,C1=C(NC=N1)C[C@@H](C(=O)O)N,6274,ok,CMPD_26DD81979513_histidine.png,
676,13922639,CC(=O)C=C=C1[C@](C[C@H](CC1(C)C)O)(C)O,13922639,ok,CMPD_26E252509B43_Grasshopper_Ketone.png,
677,25087713,COC1=C(C=CC(=C1)CC=C)O[C@H]2[C@@H]([C@H]([C@@H]([C@H](O2)CO[C@H]3[C@@H]([C@H]([C@H](CO3)O)O)O)O)O)O,25087713,ok,CMPD_27071D37AF18_gein.png,
678,5281708,C1=CC(=CC=C1C2=COC3=C(C2=O)C=CC(=C3)O)O,5281708,ok,CMPD_2710C98C27A2_Daidzein.png,
679,5281654,COC1=C(C=CC(=C1)C2=C(C(=O)C3=C(C=C(C=C3O2)O)O)O)O,5281654,ok,CMPD_2712C5467120_Isorhamnetin.png,
680,91520,C1=CO[C@H]([C@H]2[C@@H]1[C@@H]([C@H]3[C@@]2(O3)CO)O)O[C@H]4[C@@H]([C@H]([C@@H]([C@H](O4)CO)O)O)O,91520,ok,CMPD_2714B834C1A8_Catalpol.png,
681,91459,CC=C1C[C@H]([C@@](C(=O)OC[C@H]2CCN3[C@H]2[C@@H](CC3)OC1=O)(C)O)C,91459,ok,CMPD_2714B834C1A8_Catalpol.png,
682,5320579,CC1C=C(C(=O)[C@]2(C1C[C@@H]3[C@@]4(C2C5[C@H]([C@@]([C@@H]4CC(O3)O[C@H]6C([C@H](C([C@H](O6)CO)O)O)O)(C)OC(=O)C)OCO5)C)C)OC,5320579,failed,,Response ended prematurely
683,6476773,C/C(=C\CC/C(=C/CO)/C)/CC[C@@H]1C(=C)CCCC1(C)C,6476773,ok,CMPD_2728064E9169_Trixagol.png,
684,11462002,CC1(O[C@@H]2C=C[C@@H]([C@H]([C@@H]2O1)NC(=O)OC)C3=CNC4=CC=CC=C43)C,11462002,ok,CMPD_2728064E9169_Trixagol.png,
685,101416455,CCC1=C(C(=NC1=O)C=C2C(=C(C(=CC3=C(C(=C(N3)/C=C\4/C(=C/C)/C(C(=O)N4)C)C)CCC(=O)OC)N2)CCC(=O)OC)C)C,101416455,ok,CMPD_2728064E9169_Trixagol.png,
686,5458600,C[C@@]12C[C@@H](C3[C@@]4(C(CC(=O)[C@]3([C@@]15[C@H](O5)C(=O)O[C@H]2C6=COC=C6)C)C(O[C@]4(C)O)(C)C)C)O,5458600,ok,CMPD_2728E054F869_clausenolide.png,
687,10373468,CC1=CC=C(C=C1)NC(=S)/N=C(/NC2=CC=CC=C2)\S[C@H]3[C@@H]([C@H]([C@@H]([C@H](O3)COC(=O)C4=CC=CC=C4)OC(=O)C5=CC=CC=C5)OC(=O)C6=CC=CC=C6)OC(=O)C7=CC=CC=C7,10373468,ok,CMPD_27298F9A16ED_Isoorientin_2_-O-rhamnoside.png,
688,133110026,C[C@H]1CC[C@H]2[C@H](C2(C)C)C3=C(CCC13)C,133110026,ok,CMPD_273D01F8DEA9_Resin.png,
689,6850749,C[C@]1([C@H]2CC3(C1CC[C@H]3C(=O)O)[C@H](C=C2C(=O)O)O)CO.C(CCCC(C(CCCCCO)O)O)CCCC(=O)O,6850749,ok,CMPD_273D01F8DEA9_Resin.png,
690,101666685,CC1(C=CC2=C(C=CC(=C2O1)C3CC4=C(C=C(C=C4)O)OC3)OC)C,101666685,ok,CMPD_27457D099BBA_17-oxoretamine.png,
691,10115051,COC1=C(C=C2C(=C1)C(=NC(=N2)C3=CC=C(C=C3)F)NCCCCCN4CCNCC4)OC,10115051,ok,CMPD_2773B08D97A1_Aculebiphenyl_A.png,
692,6473881,C/C/1=C\CC[C@@]2([C@@H](O2)[C@@H]3[C@@H](CC1)C(=C)C(=O)O3)C,6473881,ok,CMPD_27B73F3A980A_Parthenolide.png,
693,5320945,COC1=CC(=C2C(=C1)OC(=C(C2=O)O)C3=CC(=C(C=C3)O)OC)O,5320945,failed,,"('Connection aborted.', RemoteDisconnected('Remote end closed connection without response'))"
694,11018910,[Li+].[Li+].[CH3-].[CH3-].[C-]#N.[Cu+],11018910,ok,CMPD_27BC4B0E830D_hemipholin.png,
695,8203,CCCCCC=CCC=CCCCCCCCC(=O)OC,8203,failed,,"('Connection aborted.', RemoteDisconnected('Remote end closed connection without response'))"
696,10091892,CC[C@@H](COC)N1C2=C(C(=NC=C2)C3=C(C=C(C=C3)Cl)Cl)N=C(C1=O)C,10091892,ok,CMPD_27C6248E5E5E_nilotinin_M8.png,
697,9016,COC1=CC=C(C=C1)OC,9016,ok,CMPD_27D377A56E89_hydroquinone_dimethyl_ether.png,
698,5282938,C(CCCCO)CCCC(C(CCCCCCCC(=O)O)O)O,5282938,ok,CMPD_27D4DC416833_9_10_18-trihydroxy_octadecanoic_acid.png,
699,10256,C1=CC=C2C(=C1)C(=CN2)C=O,10256,ok,CMPD_27DA98BCD899_3-formylindole.png,
700,18431,CCCCCCCCCCCCCCCCCCCCCCCO,18431,ok,CMPD_27DDDE8FF8D9_n-tricosanol.png,
701,101666684,CC(=CCC1=C(C=CC(=C1O)[C@H]2CC3=C(C=C(C=C3)O)OC2)OC)C,101666684,ok,CMPD_27E67A61190A_ent-abietane.png,
702,10993,CCC=CCCO,10993,ok,CMPD_27EF74FBFEB1_3-hexen-1-ol.png,
703,5463481,CCCC/C(=N\O)/CCC,5463481,ok,CMPD_27F49D47F905_Kaempferitrin.png,
704,5486699,C[C@H]1[C@@H]([C@H]([C@H]([C@@H](O1)OC[C@@H]2[C@H]([C@@H]([C@H]([C@@H](O2)OC3=C(OC4=CC(=CC(=C4C3=O)O)OCCO)C5=CC(=C(C=C5)OCCO)OCCO)O)O)O)O)O)O,5486699,ok,CMPD_27F49D47F905_Kaempferitrin.png,
705,5281663,C1=CC2=C(C(=C1)O)OC3=CC(=CC(=C3C2=O)O)O,5281663,ok,CMPD_27F49D47F905_Kaempferitrin.png,
706,5486199,C[C@H]1[C@@H]([C@H]([C@H]([C@@H](O1)OC2=CC(=C3C(=C2)OC(=C(C3=O)O[C@H]4[C@@H]([C@@H]([C@H]([C@@H](O4)C)O)O)O)C5=CC=C(C=C5)O)O)O)O)O,5486199,ok,CMPD_27F49D47F905_Kaempferitrin.png,
707,166177171,CCN1C[C@@]2(CC[C@@H]([C@]34[C@@H]2[C@@H]([C@@]([C@H]31)([C@]5(C[C@@H]([C@H]6C[C@@H]4[C@@H]5[C@H]6OC)OC)O)O)OC)OC)COC(=O)C7=CC=CC=C7N8C(=O)C[C@@H](C8=O)C,166177171,ok,CMPD_27FB54178FCD_methyllycaconitine.png,
708,14038300,C/C=C\1/[C@@H](C(=CO[C@H]1O[C@H]2[C@@H]([C@H]([C@@H]([C@H](O2)CO)O)O)O)C(=O)OC)CC(=O)OC,14038300,ok,CMPD_27FE90868922_oleoside_dimethyl_ester.png,
709,110745,CC1CCC2(C1C3C(C3(C)C)CCC2C)O,110745,ok,CMPD_280843518B43_palustrol.png,
710,23954,[Ag],23954,ok,CMPD_2813C80AB0A2_Ag.png,
711,5319857,C1=CC(=CC=C1/C=C/C2=C3[C@H](C(OC3=CC(=C2)O)C4=CC=C(C=C4)O)C5=C6C([C@@H](OC6=CC(=C5)O)C7=CC=C(C=C7)O)C8=CC(=CC(=C8)O)O)O,5319857,ok,CMPD_2820FA6C1BA8_8-hydroxylabdan-15-oic_acid.png,
712,102146955,C(CCP(CCC(C(C(C(C(C(C(C(F)(F)F)(F)F)(F)F)(F)F)(F)F)(F)F)(F)F)(F)F)CCC(C(C(C(C(C(C(C(F)(F)F)(F)F)(F)F)(F)F)(F)F)(F)F)(F)F)(F)F)CCP(CCC(C(C(C(C(C(C(C(F)(F)F)(F)F)(F)F)(F)F)(F)F)(F)F)(F)F)(F)F)CCC(C(C(C(C(C(C(C(F)(F)F)(F)F)(F)F)(F)F)(F)F)(F)F)(F)F)(F)F,102146955,ok,CMPD_28267B6E742B_ent-atisane.png,
713,170914947,C[C@H]1[C@@H]([C@H]([C@H]([C@@H](O1)O[C@@H]2[C@H]([C@@H](CO[C@H]2OC(=O)[C@@]34CC[C@@]5(C(=CC[C@H]6[C@]5(C[C@H]([C@@H]7[C@@]6(C[C@@H]([C@@H]([C@@]7(C)CO)O[C@H]8[C@@H]([C@H]([C@@H]([C@H](O8)CO[C@H]9[C@@H]([C@H]([C@@H]([C@H](O9)CO)O)O)O)O)O)O)O)C)O)C)[C@@H]3CC(CC4)(C)C)C)O)O)O)O)O[C@H]1[C@@H]([C@H]([C@@H](CO1)O)O[C@H]1[C@@H]([C@](CO1)(CO)O)O)O,170914947,ok,CMPD_282BBF3C9C42_Arganine_E.png,
714,13783633,C1=CC(=CC=C1/C=C/C(=O)O)OC2C(C(C(C(O2)CO)O)O)O,13783633,ok,CMPD_2832FE1CBCE8_p-coumaric_acid_3-glucoside.png,
715,9840292,C1=CC(=CC=C1/C=C/C(=O)O)O[C@H]2[C@@H]([C@H]([C@@H]([C@H](O2)CO)O)O)O,9840292,ok,CMPD_2832FE1CBCE8_p-coumaric_acid_3-glucoside.png,
716,101968367,CCOC1=CC(=CC(=C1Cl)OCC)NC(=O)C(C(=O)C)N=NC2=C(C=CC(=C2)OC)OC,101968367,ok,CMPD_2852109F7596_Dihydrofuranocoumarin.png,
717,969516,COC1=C(C=CC(=C1)/C=C/C(=O)CC(=O)/C=C/C2=CC(=C(C=C2)O)OC)O,969516,ok,CMPD_2855B020499D_Curcumin.png,
718,5362830,CC(C)CC(=O)OC/C=C(\C)/CCC=C(C)C,5362830,ok,CMPD_2863D09E175C_Geranyl_isovalerate.png,
719,101037616,C[C@@H]([C@H](C1=CC=CC=C1)O)N(C)C(=O)C2=CC3=C(C=C2)OCO3,101037616,ok,CMPD_287E498189F0_allotaraxerolide.png,
720,173183,C[C@H](CC[C@@H](C)C(C)C)[C@H]1CC[C@@H]2[C@@]1(CC[C@H]3[C@H]2CC=C4[C@@]3(CC[C@@H](C4)O)C)C,173183,ok,CMPD_28B0ACBF8CC6_Campesterol.png,
721,193299,C[C@@H]1CCC[C@]2([C@H]1C[C@@H](CC2)C(C)C)C,193299,ok,CMPD_28B8AE27C8CB_eudesmane.png,
722,42608120,COC1=C(C=C(C2=C1OC(CC2=O)C3=CC(=C(C=C3)O)O)O)O,42608120,ok,CMPD_28CD6E1CF085_8-methoxyeriodictyol.png,
723,107855,C[C@@H]1C[C@@]2([C@@H](C2(C)C)[C@H]3[C@]1([C@@H]4C=C(C(=O)[C@]4(CC(=C3)CO)O)C)O)OC(=O)C(C)C,107855,ok,CMPD_28F28FA0BB4F_12-Deoxyphorbol_13-isobutyrate.png,
724,101662998,C1CCN(CC1)C=NC2=NC(=O)N(C=C2)[C@H]3C[C@@H]([C@H](O3)CO)O,101662998,ok,CMPD_28F9DFCCC0C2_Astragaloside_II.png,
725,23963,[Ti],23963,ok,CMPD_292028531935_Titanium.png,
726,5319479,COC1=C2C(=CC(=C1O)O)C=CC3=CC(=C(C=C32)O)O,5319479,ok,CMPD_293331831B75_luteolin-7_3_-di-O-_-D-glucoside.png,
727,443143,C1CCN[C@H](C1)CC(=O)C[C@H]2CCCCN2,443143,ok,CMPD_2938C3113055_Anaferine.png,
728,5281617,COC1=CC(=C2C(=C1)OC(=CC2=O)C3=CC=C(C=C3)O)O,5281617,ok,CMPD_295394BA235C_Genkwanin.png,
729,5315929,C[C@H]1[C@@H]([C@H]([C@H]([C@@H](O1)O[C@@H]2[C@H]([C@@H](O[C@@H]([C@H]2OC(=O)/C=C/C3=CC(=C(C=C3)O)O)CO)OCCC4=CC(=C(C=C4)O)OC)O)O)O)O,5315929,ok,CMPD_295EDC1685A5_Cistanoside_C.png,
730,5280702,CC(=CCC/C(=C/CC/C(=C/CC/C(=C/COCC(COP(=O)(O)O)O)/C)/C)/C)C,5280702,ok,CMPD_297E22B6AACE_Apigenin-7-O-Î²-D-glucuronopyranoside.png,
731,785,C1=CC(=CC=C1O)O,785,ok,CMPD_298F93B1B0EF_1_4-benzenediol.png,
732,181154,CCCCCCCCCCCCCCCCCCCCCC=C,181154,ok,CMPD_299662E3BEA7_1-Tricosene.png,
733,11850,C([C@H]([C@@H]([C@@H]([C@H](CO)O)O)O)O)O,11850,ok,CMPD_29AF224DBDE7_Galactitol.png,
734,537166,CC12CCC(=O)C=C1CCC3C24C(O4)CC5(C3CCC5(C(=O)CO)O)C,537166,ok,CMPD_29F3B2D56503_2-_1-cyclopent-1-enyl-_cyclopentanone.png,
735,102213757,CO[C@@H]1[C@H]([C@H]([C@@H]([C@H](O1)COC(C(=O)O)C(=O)O)O)O)O.[NH4+].[NH4+],102213757,ok,CMPD_29FFB79320A8_angustifolioside_A.png,
736,102146903,CCCCC(CC1=CC=CC=C1)C(=O)C2=CC=C(C=C2)C(=O)OCC,102146903,ok,CMPD_2A0B1CE76C9D_13-epi-manoyl_oxide.png,
737,81585,C1=CC=C(C=C1)N2C(=C(C(=N2)CC#N)C#N)N,81585,ok,CMPD_2A0B1CE76C9D_13-epi-manoyl_oxide.png,
738,6432025,C[C@@]1(CC[C@@H]2[C@]3(CCCC([C@@H]3CC[C@]2(O1)C)(C)C)C)C=C,6432025,ok,CMPD_2A0B1CE76C9D_13-epi-manoyl_oxide.png,
739,111364,CCCCOCCOC(=O)C(C)Cl,111364,ok,CMPD_2A0B1CE76C9D_13-epi-manoyl_oxide.png,
740,7439,CC1=CCC(CC1=O)C(=C)C,7439,ok,CMPD_2A0B2D612E4A_D-Carvone.png,
741,121966,C[C@H]1[C@@H]([C@H]([C@H]([C@H](O1)OP(=O)(O)OP(=O)(O)OC[C@@H]2[C@H](C[C@@H](O2)N3C=C(C(=O)NC3=O)C)O)O)O)O,121966,ok,CMPD_2A1C0E2FF2C9_loranthol.png,
742,10544575,C[C@@]1(CC[C@]2(C(=C1)C(=O)C[C@@H]3[C@@]2(CCCC3(C)C)C(=O)O)O)C=C,10544575,ok,CMPD_2A21E5F41557_Sphaeropsidins_C.png,
743,5281327,C[C@H](/C=C/[C@H](C)C(C)C)[C@H]1CC[C@@H]2[C@@]1(CC[C@H]3[C@H]2CC=C4[C@@]3(CC[C@@H](C4)O)C)C,5281327,ok,CMPD_2A2B5FB60088_brassicasterol.png,
744,11431204,COC1=C(C=CC(=C1)[C@@H]2[C@H](OC3=C(O2)C=C(C=C3)C4=CC(=O)C5=C(C=C(C=C5O4)O)O)CO)O,11431204,ok,CMPD_2A39F155A508_hydnocarpin_D.png,
745,11657,CC1CC1,11657,ok,CMPD_2A3B922E7E65_methylcyclopropane.png,
746,12921508,CCN(CC)S(=O)(=O)C(O)P(=O)(OC)OC,12921508,ok,CMPD_2A440EF685E2_11beta_15beta-dihydroxy-ent-kaur-16-en-19-oic_acid.png,
747,30247,CC(=CCC(COC(=O)C)C(=C)C)C,30247,ok,CMPD_2A46D3A0740A_lavandulyl_acetate.png,
748,439262,C([C@@H]1[C@H]([C@@H]([C@H]([C@@H](O1)OC2[C@H](O[C@H]([C@@H]([C@H]2O)O)OC3[C@H](O[C@@H]([C@@H]([C@H]3O)O)O)CO)CO)O)O)O)O,439262,ok,CMPD_2A525C45569D_Beta-glucan.png,
749,359,C1=C(C=C(C=C1O)O)O,359,ok,CMPD_2A5AC580E608_Phloroglucinol.png,
750,21477996,C1C(C(C(C(O1)OC2=C(OC3=CC(=CC(=C3C2=O)O)O)C4=CC(=C(C(=C4)O)O)O)O)O)O,21477996,ok,CMPD_2A6143CC1596_myricetin-3-O-pentoside.png,
751,62695,C/C=C/C,62695,ok,CMPD_2A7E64D2D857_2-butene.png,
752,11655911Â,,11655911Â,failed,,400 Client Error: PUGREST.BadRequest for url: https://pubchem.ncbi.nlm.nih.gov/rest/pug/compound/cid/11655911%C3%82/PNG?image_size=500x500
753,33037,[C@H]([C@@H]([C@@H](C(=O)O)O)O)([C@H](C(=O)O)O)O,33037,ok,CMPD_2A9C05A1E776_Glucaric_acid.png,
754,101899120,C1=CC=C(C=C1)C[C@@H](CCS(=O)(=O)O)NC(=O)OCC2=CC=CC=C2,101899120,ok,CMPD_2AAE36C630D8_3-beta-acetoxyatractylon.png,
755,2266,C(CCCC(=O)O)CCCC(=O)O,2266,ok,CMPD_2ABB245923A4_azelaic_acid.png,
756,5318712,C[C@H]1[C@@H]([C@H]([C@H]([C@H](O1)O[C@H]2[C@H]([C@H](O[C@H]([C@@H]2OC(=O)/C=C\C3=CC(=C(C=C3)O)OC)CO[C@@H]4[C@@H]([C@@H]([C@H]([C@@H](O4)CO)O)O)O)OCCC5=CC(=C(C=C5)OC)O)O)O)O)O,5318712,ok,CMPD_2AC17817E2D4_Kaempferol_3-O-gentiobioside.png,
757,643114,C1CC=C[C@@H](C1)C[C@H]2CC=CC2=O,643114,ok,CMPD_2AD94585B8D7_Î²-bourbonene.png,
758,5319484,C1=CC(=CC=C1C2=CC(=O)C3=C(C=C(C=C3O2)O[C@H]4[C@@H]([C@H]([C@@H]([C@H](O4)C(=O)O)O)O)O)O)O,5319484,ok,CMPD_2AFB507170A1_Apigenin_7-O-glucuronide.png,
759,5280638,C1=C(N=C2C(=N1)C(=NC(=N2)N)O)O,5280638,ok,CMPD_2B0176003AD5_Luteolin_7-O-beta-D-glucoside.png,
760,5280635,C(=C(\C=C(/C(=O)O)\Cl)/Cl)\C(=O)O,5280635,ok,CMPD_2B0176003AD5_Luteolin_7-O-beta-D-glucoside.png,
761,5491657,C[C@H]1[C@@H]([C@H]([C@H]([C@@H](O1)O[C@@H]2[C@H]([C@@H]([C@H](O[C@H]2OC3=C(OC4=CC(=CC(=C4C3=O)O)O)C5=CC(=C(C=C5)O)O)CO)O)O)O)O)O,5491657,ok,CMPD_2B111B3922B8_Quercetin-3-O-neohesperidoside.png,
762,9965663,C1=CC2=C(C=C1O)OC=C(C2=O)C3=CC(=C(C(=C3)O)O)O,9965663,ok,CMPD_2B1DB2DFE901_Baptigenin.png,
763,1286,COC1=C(C=C(C=C1)CC2COC(=O)C2CC3=CC(=C(C=C3)OC)OC)OC,1286,ok,CMPD_2B2345376D61_Dimethylmatairesinol.png,
764,5282100,C[C@@H]1/C=C/C=C(/C(=O)NC2=CC(=O)C3=C(C2=O)C=C(C(=C3C(=O)/C(=C/C([C@H]([C@H]([C@H]([C@@H]([C@@H]([C@@H]([C@@H]1O)C)O)C)O)C)O)CO)/C)O)C)\C,5282100,ok,CMPD_2B2978161CD1_afzelin.png,
765,5367462,CC/C=C/C/C=C/C/C=C/CCCCCCCC(=O)OC,5367462,ok,CMPD_2B309D78C9F2_Methyl-9_12_15-octadecatrienoate.png,
766,64782,C[C@@H]([C@@H](C1=CC=CC=C1)O)N(C)C,64782,ok,CMPD_2B37EF924825_methylephedrine.png,
767,92097,C[C@]12CCC(C[C@H]1[C@@]3(CC[C@@H]4[C@]5(CC[C@@H](C([C@@H]5CC[C@]4(C3=CC2)C)(C)C)O)C)C)(C)C,92097,ok,CMPD_2B8292D84BF9_Taraxerol.png,
768,119842,CC(C)CCCC(C)C1CCC2C1(CCC3C2C=CC4=CC(=O)C5C(C34C)O5)C,119842,ok,CMPD_2B9B0D886596_glucobarbarin.png,
769,46173883,C1=CC=C(C=C1)C(CC(=NOS(=O)(=O)O)S[C@H]2[C@@H]([C@H]([C@@H]([C@H](O2)CO)O)O)O)O,46173883,ok,CMPD_2B9B0D886596_glucobarbarin.png,
770,12305639,CC1=C(C(CCC1)(C)C)/C=C/C(=C/C=C/C(=C/C=C\C=C(\C=C\C=C(\C=C\C2=C(CCCC2(C)C)C)/C)/C)/C)/C,12305639,ok,CMPD_2B9DE9E96D69_15-cis-beta-Carotene.png,
771,1340,C1=CC2=C(C=CNC2=O)C(=C1)O,1340,ok,CMPD_2BA733E086E7_1_5-Isoquinolinediol.png,
772,145326,B(=O)[O-].[Na+],145326,ok,CMPD_2BAB1E582A10_demethylmunduserone.png,
773,139151528,[B-](C1=CC=CC=C1)(C2=CC=CC=C2)(C3=CC=CC=C3)C4=CC=CC=C4.CC(=O)C.CC(=O)[O-].C1=CC=C(C=C1)CN(CCC2=CC=CC=N2)CCC3=CC=CC=N3.O.[Ni+2],139151528,ok,CMPD_2BBE3043448A_Catechin-O-arabinoside.png,
774,6430313,CC(C)[C@@]12C[C@@H](C(=C)C1C2)OC(=O)C,6430313,ok,CMPD_2BD70E235CFA_Trans-sabinyl_acetate.png,
775,23217,CCCCCCCCCCCCCCCC=C,23217,ok,CMPD_2BD8F80E14E3_1-heptadecene.png,
776,14132337,COC1=C(C=CC(=C1)C(=O)O)O[C@H]2[C@@H]([C@H]([C@@H]([C@H](O2)CO)O)O)O,14132337,ok,CMPD_2BDA0D46B475_vanillic_acid-4-O-beta-D-glucopyranoside.png,
777,6428414,CC1=CC2[C@@H](CC=C(C2CC1)C)C(C)CO,6428414,ok,CMPD_2BEA68CE5724_14-hydroxy-alpha-muurolene.png,
778,11484180,CC(C)(C)OC(=O)N[C@@H](CC(C(F)(F)F)C(F)(F)F)CO,11484180,ok,CMPD_2BEA68CE5724_14-hydroxy-alpha-muurolene.png,
779,91753513,C/C/1=C\CC(/C=C/C/C(=C/CC1)/CO)(C)C,91753513,ok,CMPD_2BEA68CE5724_14-hydroxy-alpha-muurolene.png,
780,5319504,CSS(=O)CC=C,5319504,ok,CMPD_2BEA68CE5724_14-hydroxy-alpha-muurolene.png,
781,102377366,CC(C)(C)[Si](C)(C)O/C=C/C1=CC=CC=C1O,102377366,ok,CMPD_2BEA68CE5724_14-hydroxy-alpha-muurolene.png,
782,140765,C1C=COC1=O,140765,ok,CMPD_2BEC0430BBBD_furanone.png,
783,102213758,CO[C@@H]1[C@H]([C@H]([C@@H]([C@H](O1)COC(C(=O)O)C(=O)O)O)O)O,102213758,ok,CMPD_2BED2E339283_monspelioside.png,
784,101372589,C[C@]1(CO[C@H](O1)C(C)(C)C)CO,101372589,ok,CMPD_2BED2E339283_monspelioside.png,
785,15241055,CC(=O)O[C@H]1CC[C@@]2([C@H]3CC[C@]4([C@@H]5CC(CC[C@@]5(CC[C@@]4(C3=CC[C@H]2C1(C)C)C)C)(C)C)C)C,15241055,ok,CMPD_2BFEABC2FE8E_multiflorenyl_acetate.png,
786,541571,CN(CCC1=CC(=C2C(=C1Br)C3CC4C(CC3C(=O)O2)OCO4)O)C#N,541571,ok,CMPD_2BFEDA677457_2-methyldotriacontane.png,
787,522718,CC(CC(C)(C)C)COP(=O)OCC(C)CC(C)(C)C,522718,failed,,"('Connection aborted.', RemoteDisconnected('Remote end closed connection without response'))"
788,90470732,C[C@H]1[C@@H]([C@H]([C@H]([C@@H](O1)OC[C@@H]2[C@H]([C@@H]([C@H]([C@@H](O2)OC3=CC4=C(C=C(C=C4[O+]=C3C5=CC(=C(C=C5)O)OC)O)O)O)O)O)O)O)O,90470732,ok,CMPD_2C04C1F0F86E_Peonidin_malvidin_3-O-rutinoside.png,
789,12921477,CC(C)OP(=O)(CP(=O)(OC)OC)OC(C)C,12921477,ok,CMPD_2C0F5F48E9A1_Cycloartane-3beta_24S-diol.png,
790,5281295,C1=CC(=C(C=C1/C=C\2/C(=O)C3=C(O2)C=C(C=C3)O)O)O,5281295,ok,CMPD_2C1E239731C3_Sulfuretin.png,
791,6654,CC1=CCC2CC1C2(C)C,6654,ok,CMPD_2C35445B2A6B_alpha-pinene.png,
792,10465,CCCCCCCCCCCCCCCCC(=O)O,10465,ok,CMPD_2C41CAB53240_margaric_acid.png,
793,9548620,C=CCC/C(=N\OS(=O)(=O)O)/S[C@H]1[C@@H]([C@H]([C@@H]([C@H](O1)CO)O)O)O,9548620,ok,CMPD_2C4B7AFEF50C_gluconapin.png,
794,14611593,CC1=CCC2C(C(C1C2=O)Cl)Cl,14611593,ok,CMPD_2C598526E528_isoadiantol-B.png,
795,168352420,C1=CC=C(C=C1)C2=CC(=C3C4=CC=CC5=C4C(=CC=C5)C3=C2C6=CC=CS6)C7=CC=CS7,168352420,ok,CMPD_2C694AAE428D_Dithiophene.png,
796,72276,C1[C@H]([C@H](OC2=CC(=CC(=C21)O)O)C3=CC(=C(C=C3)O)O)O,72276,ok,CMPD_2C78FC578961_Epicatechin.png,
797,441457,C[C@@H]([C@H](C1=CC=CC=C1)O)N,441457,ok,CMPD_2CE1D5F52E6F_norpseudoephedrine.png,
798,90806,CC1=CCC(CC1)C2(CCC(C(O2)(C)C)O)C,90806,ok,CMPD_2CEAFE2CE6B6_alpha-bisabolol_oxide_A.png,
799,86230,CCC(C1=CC=CC=C1)(C(=O)N)O,86230,ok,CMPD_2D16F6449071_2-hydroxy-2-phenylbutanamide.png,
800,13820511,CC(C)C1=C(C(=C2C(=C1)[C@@H]3[C@@H]([C@@H]4[C@@]2(CCCC4(C)C)C(=O)O3)O)O)O,13820511,ok,CMPD_2D1CA0147232_Isorosmanol.png,
801,68313,CN(C)CCC1=CC=C(C=C1)O,68313,ok,CMPD_2D314667ABF6_Hordenine.png,
802,5366440,CO/N=C(/CO[Si](C)(C)C)\C1C(C(C(=O)O1)O[Si](C)(C)C)O[Si](C)(C)C,5366440,ok,CMPD_2D6171E44880_Cis-carvyl_propanoate.png,
803,16129738,C1[C@H]([C@@H](OC(=O)C2=CC(=C(C(=C2C3=C(C(=C(C=C3C(=O)O1)OC4=C(C(=C(C=C4C(=O)O[C@H]5[C@@H]([C@H]([C@H]6[C@H](O5)COC(=O)C7=CC(=C(C(=C7C8=C(C(=C(C=C8C(=O)O6)O)O)O)O)O)O)OC(=O)C9=CC(=C(C(=C9)O)O)O)OC(=O)C1=CC(=C(C(=C1)O)O)O)O)O)O)O)O)O)O)O)[C@@H]([C@H](C=O)OC(=O)C1=CC(=C(C(=C1)O)O)O)OC(=O)C1=CC(=C(C(=C1)O)O)O)O,16129738,ok,CMPD_2D722BFCDD83_rugosin_E.png,
804,23874497,CCCCCC1=CC(=C(C(=C1C(=O)O)O)CC=C(C)C)OC,23874497,ok,CMPD_2D82AF7C5837_peplusol.png,
805,10550383,CC(=CCC/C(=C/CC/C(=C/C[C@@H](CO)C(=C)CC/C=C(\C)/CCC=C(C)C)/C)/C)C,10550383,ok,CMPD_2D82AF7C5837_peplusol.png,
806,10123456,C1COCCN1CCCN(CCC2=CC(=C(C=C2)Cl)Cl)C(=O)C3=C(C4=CC=CC=C4C=C3)C(=O)N(CCCN5CCOCC5)CCC6=CC(=C(C=C6)Cl)Cl,10123456,ok,CMPD_2D82AF7C5837_peplusol.png,
807,101949843,C[C@H]1[C@@H]([C@H]([C@H]([C@@H](O1)OC[C@@H]2[C@H]([C@@H]([C@H]([C@@H](O2)OC3=CC4=C(C=C(C=C4[O+]=C3C5=CC(=C(C(=C5)OC)O)O)O)O)O)O)O)O)O)O,101949843,ok,CMPD_2DA2EF0CE04F_Petunidin_3-O-rutinoside.png,
808,6474640,C1[C@H]([C@H]([C@@H](C[C@@]1(C(=O)O)OC(=O)/C=C/C2=CC(=C(C=C2)O)O)OC(=O)/C=C/C3=CC(=C(C=C3)O)O)O)O,6474640,failed,,"('Connection aborted.', RemoteDisconnected('Remote end closed connection without response'))"
809,179444,CCCCCCCCCCCCC(C)CCC,179444,ok,CMPD_2DA6AB253FA5_1_3-O-di-caffeoylquinic_acid.png,
810,56936219,CCCCCCCC/C=C\CCCC(=O)C,56936219,ok,CMPD_2DC0722F7F29__Z_-6-pentadecen-2-one.png,
811,5364435,CCCCCCCCCC/C=C/C,5364435,ok,CMPD_2DDB8E05DD13_tridecene.png,
812,10091878,CCCN1C2=C(C(=O)N(C1=O)CCC)NC(=N2)C3=CC(=C(C=C3)Cl)[N+](=O)[O-],10091878,ok,CMPD_2DE24AA3D930_Kickxiasine.png,
813,10043230,C=C1C[C@H]2[C@H]([C@@H]([C@@H]3[C@H]1C[C@@H](C3=C)O)OC(=O)C(=C)CO)C(=C)C(=O)O2,10043230,ok,CMPD_2DF0ED1FB0B9_hemistepsin.png,
814,12398,CCCCCCCCCCCCCCCCC,12398,ok,CMPD_2DF0F0CA3240_Henecosane.png,
815,14896,CC1(C2CCC(=C)C1C2)C,14896,ok,CMPD_2DF7AFDF548B_beta-Pinene.png,
816,102553050,CCC1=CC=C(C=C1)C2CC(=NN2C(=S)N)C3=CC=C(C=C3)OC,102553050,ok,CMPD_2E0BD59192A2_amorfrutin_M.png,
817,131752182,C/C(=C\1/CCC2(C3C1C2C(CC3)(C)O)C)/CO,131752182,ok,CMPD_2E1EF7B59C44_youssoufenes_B3.png,
818,5312488,CCCCC/C=C/CC/C=C/CCCCCCC(=O)O,5312488,ok,CMPD_2E22F58BB47C_Octadecadienoic_acid.png,
819,10115052,CC1=NC2=CC=CC=C2C(=C1)COC3=CC=C(C=C3)C4(CNCCS4(=O)=O)CC(=O)NC,10115052,ok,CMPD_2E36984FC93F_13beta_28-epoxyurs-12-ene-1beta_3beta-diol.png,
820,6476139,COC(=O)[C@@]1(C[C@H]([C@H]([C@@H](C1)OC(=O)/C=C/C2=CC(=C(C=C2)O)O)O)O)O,6476139,failed,,"('Connection aborted.', RemoteDisconnected('Remote end closed connection without response'))"
821,56842298,C[C@]1(CC2=C(COC2=O)[C@H]([C@H]3[C@@H]1CC(C3)(C)C)O)O,56842298,ok,CMPD_2E915252543E_lactarorufin_A.png,
822,9793905,C=CCSC[C@@H](C(=O)O)N,9793905,ok,CMPD_2EB2953BA311_S-allyl_cysteine.png,
823,101737402,CCC/C=C(\CCC)/C(=C(\CCC)/C(CC1=CC=C(C=C1)C)O)/CCC,101737402,ok,CMPD_2ECAF61B132F_hierochins_C.png,
824,5317512,C[C@H](CCC=C(CO)CO)[C@H]1C[C@@H]([C@@]2([C@@]1(CC=C3C2=CCC4[C@@]3(CCC(=O)C4(C)C)C)C)C)O,5317512,ok,CMPD_2F02C7972F62_myricetin_3-O-_-rhamnopyranoside.png,
825,5280707,C1=COC(=C1)/C(=C/C2=CC=C(O2)[N+](=O)[O-])/C(=O)N,5280707,ok,CMPD_2F17AF78794B_Apigenin-7-O-rhamnoside.png,
826,267250,CC(=O)OC(C)(C)CCC(=O)[C@@](C)([C@H]1[C@@H](C[C@@]2([C@@]1(CC(=O)[C@@]3([C@H]2CC=C4[C@H]3C[C@@H](C(=O)C4(C)C)O)C)C)C)O)O,267250,ok,CMPD_2F460E56DFFE_dihydrocucurbitacin_B.png,
827,107971,C1=CC(=CC=C1C2=COC3=C(C2=O)C=CC(=C3)O[C@H]4[C@@H]([C@H]([C@@H]([C@H](O4)CO)O)O)O)O,107971,ok,CMPD_2F59E4DDC56F_Daidzin.png,
828,227829,C[C@H]1CC[C@H](CC2=C1CC[C@@H]2C)C(C)(C)O,227829,ok,CMPD_2F6DF6955ADB_guaiol.png,
829,5318762,C[C@H]1[C@H]([C@H]([C@H]([C@@H](O1)OC2=CC(=C3C(=C2)OC(=C(C3=O)O)C4=CC=C(C=C4)O)O)O)O)O,5318762,ok,CMPD_2F7A413744E9_licochalone_A.png,
830,443648,C1=CC(=CC=C1C2=[O+]C3=CC(=CC(=C3C=C2O[C@H]4[C@@H]([C@H]([C@@H]([C@H](O4)CO)O)O)O)O)O)O,443648,ok,CMPD_2F81DDA0ECE2_Pelargonidin-3-O-_-D-glucopyranoside.png,
831,3080714,C1=CC(=CC=C1C2=[O+]C3=CC(=CC(=C3C=C2O[C@H]4[C@@H]([C@H]([C@@H]([C@H](O4)CO)O)O)O)O)O)O.[Cl-],3080714,ok,CMPD_2F81DDA0ECE2_Pelargonidin-3-O-_-D-glucopyranoside.png,
832,122904,C(CNCC(=O)[O-])NCC(=O)[O-].[Cu+2],122904,ok,CMPD_2F8D51828A8A_3-acetyltaraxasterol.png,
833,11210940,C1=CC=C(C=C1)C(=O)NC(=O)N(CCCO)CC2=CC=C(C=C2)C(=O)NO,11210940,ok,CMPD_2F8F1925F409_6-Carbomethoxy-Trans-1-Oxaspiro_4.5_Decan-2_8-Dione.png,
834,69894,COC1=C(C=C2C=CC(=O)OC2=C1)O,69894,ok,CMPD_2F9393A3407B_isoscopoletin.png,
835,73571,COC1=CC(=C2C(=O)C[C@H](OC2=C1)C3=CC=C(C=C3)O)O,73571,ok,CMPD_2FA09F58AA59_Sakuranetin.png,
836,138243,CC(=O)CCC1CC(=O)OC1(C)C,138243,ok,CMPD_2FA09F58AA59_Sakuranetin.png,
837,5408233,CN1CC[C@]23C=C(C(=O)C=C2[C@H]1CC4=C3C(=C(C=C4)OC)O)OC,5408233,ok,CMPD_2FADAB4F1131_salutaridine.png,
838,102553073,C1CC2=CC=CC=C2C3(C1)CC3CNCC4=CN=CN=C4,102553073,ok,CMPD_2FAF3B6C245C_Urgineaglyceride_A.png,
839,688492,CC1=CC(=O)CC([C@]1(/C=C/C(=O)C)O)(C)C,688492,ok,CMPD_2FB86B1F9B47_Dehydrovomifoliol.png,
840,259846,CC(=C)[C@@H]1CC[C@]2([C@H]1[C@H]3CC[C@@H]4[C@]5(CC[C@@H](C([C@@H]5CC[C@]4([C@@]3(CC2)C)C)(C)C)O)C)C,259846,ok,CMPD_2FBA7A4A8C9D_Lupeol.png,
841,73299,C[C@]12CC[C@@H]([C@@]([C@@H]1CC[C@@]3([C@@H]2CC=C4[C@]3(CC[C@@]5([C@H]4CC(CC5)(C)C)C(=O)O)C)C)(C)CO)O,73299,ok,CMPD_2FC26CF174E6_hederagenin.png,
842,10473,CNC.Cl,10473,ok,CMPD_2FD68DF9F300_methoxydecane.png,
843,5372777,CC1CC(OC(=S)N1)C,5372777,ok,CMPD_2FD7609CF3B2_4_6-dimethyltetrahydro-1_3-oxazine-2-thione.png,
844,9831166,C[C@H]1[C@@H]([C@H]([C@H]([C@@H](O1)O[C@H]2[C@@H]([C@H](O[C@H]([C@@H]2OC(=O)C)OCCC3=CC(=C(C=C3)O)O)COC(=O)/C=C/C4=CC(=C(C=C4)O)O)O)O)O)O,9831166,ok,CMPD_300890280359_Tubuloside_B.png,
845,860,CCC=CCC=CCC=CCCCCCCCC(=O)O,860,ok,CMPD_301377D6F915_9_12_15-octadecatrienoic_acid.png,
846,283,C(=O)[O-],283,ok,CMPD_3032A4BEBA0C_formate.png,
847,5317335,CC(C)[C@H]1CC[C@@H]2[C@@]1(CC[C@]3([C@]2(CC=C4C3CCC5[C@@]4(CCCC5(C)C)C)C)C)C,5317335,ok,CMPD_3048506AD093_Î²-bisabolene.png,
848,5282107,CCCCCCC(C/C=C\CCCCCCCC(=O)OC)OC(=O)C,5282107,ok,CMPD_307168C8BCD9_trans-beta-Damascone.png,
849,5282101,C[C@@H]1/C=C/C=C(/C(=O)NC2=CC(=O)C3=C(C(=C(C(=C3C2=O)O)C)O)C(=O)/C(=C/C([C@H]([C@H]([C@H]([C@@H]([C@@H]([C@@H]([C@@H]1O)C)O)C)O)C)O)CO)/C)\C,5282101,ok,CMPD_307168C8BCD9_trans-beta-Damascone.png,
850,12304107,C/C/1=C/CC/C(=C/[C@H]2[C@@H](CC1)C(=C)C(=O)O2)/C,12304107,ok,CMPD_30ACE69115EC_Pheophytin_a.png,
851,11128,CC(C)(C#N)O[C@H]1[C@@H]([C@H]([C@@H]([C@H](O1)CO)O)O)O,11128,ok,CMPD_30B5A9E3264E_linamarin.png,
852,160512,CC1=CC=C(C=C1)[C@@H](C)CC(=O)C=C(C)C,160512,ok,CMPD_30DDA4D34ADE_Ar-tumerone.png,
853,558221,CC1=CC=C(C=C1)C(C)CC(=O)C=C(C)C,558221,ok,CMPD_30DDA4D34ADE_Ar-tumerone.png,
854,6428019,C/C=C(/CC(C)[C@](C)(C(=O)OCC1=CCN2C1CC(C2)O)O)\C(=O)O,6428019,ok,CMPD_30F3FB9C00C9_7-senecioylheliotridine.png,
855,131752321,CC1CC2C3C(CC4(O3)C(CC(CN4)C)C)OC(C1)(O2)CC(=C)C5C(C(CC(O5)(C(C6CC7C(O6)CC(C8(O7)CCC9(O8)CC=CC(O9)/C=C/CCC(=O)O)C)O)O)O)C,131752321,ok,CMPD_311F1162D35E_Semipapposide_L.png,
856,5281150,CCCCCCC/C=C\CC#CC#CC(=O)C=C,5281150,ok,CMPD_31238A5AF7A7_falcarinone.png,
857,66093,CCCCC(=O)C1=CC=CC=C1,66093,ok,CMPD_312EEBAAFB95_Valerophenone.png,
858,6305,C1=CC=C2C(=C1)C(=CN2)C[C@@H](C(=O)O)N,6305,ok,CMPD_3136C650C779_Tryptophan.png,
859,10115047,C1CCCC(CC1)C(=O)NC2=CC=C(C=C2)C3=NC4=C(N3)C=C(C=C4)C(=O)NC5=CC=CC=N5,10115047,ok,CMPD_313CD8DA636D_Luteolin_6_8-di-C-rhamnoside.png,
860,5459840,C[C@]12CC[C@H]3C(=CC(=O)[C@H]4[C@@]3(C[C@@H]([C@@H](C4)O)O)C)[C@@]1(CC[C@@H]2[C@](C)([C@@H](CCC(C)(C)O)O)O)O,5459840,ok,CMPD_3145868C98B9_beta-ecdysone.png,
861,101300,CN1CCC2=CC3=C(C4=C2[C@@H]1CC5=CC(=C(C=C54)OC)OC)OCO3,101300,ok,CMPD_314BCEE6AEF8_dicentrine.png,
862,629204,COC1=C2CN3CCC4(C3CCC(C4O)O)C2=CC5=C1OCO5,629204,ok,CMPD_314C3EEE4B32_Deacetylbowdensine.png,
863,5281235,CC1=C(C(CCC1)(C)C)/C=C/C(=C/C=C/C(=C/C=C/C=C(\C)/C=C/C=C(\C)/C=C/C2=C(C[C@H](CC2(C)C)O)C)/C)/C,5281235,ok,CMPD_31523FC5E8E5_cryptoxanthin.png,
864,131752310,CC(C)(C1CCC(=CC1)C(=O)OC[C@@H]2[C@H]([C@@H]([C@H]([C@H](O2)O[C@]3([C@H]([C@@H]([C@H](O3)CO)O)O)CO)O)O)O)O,131752310,ok,CMPD_317A2B504F62_Preussilides_F.png,
865,132489957,C[C@@H]1CC2=CC(=C([C@@H]([C@H]2[C@@H](C1=O)C)/C=C(\C)/C=C(\C)/C=C/C(=O)OC)CC(=O)C)C,132489957,ok,CMPD_317A2B504F62_Preussilides_F.png,
866,101618145,C[C@H]1C[C@@H]([C@@H]2[C@@H]([C@@H]3[C@H]1C(=O)C=C3C)OC(=O)C2=C)OC(=O)C,101618145,ok,CMPD_31817A383F83_montanone.png,
867,10926868,CCO[Si](C1=CC=CC=C1)(C2=CC=CCC2[Si](C)(C)C)[Si](C)(C)C,10926868,ok,CMPD_3197FF9A4809_luteolin_7-O-gentiobioside.png,
868,13993264,C[C@]12CC[C@@H](C([C@@H]1CC[C@@]3([C@@H]2CC=C4[C@]3(CC[C@@]5([C@H]4CC(CC5)(C)C)CO)C)C)(C)C)OC(=O)/C=C/C6=CC(=C(C=C6)O)O,13993264,ok,CMPD_319DC752974C_3beta-3_4-dihydroxycinnamoyl-erythrodiol.png,
869,6223,CN1C(=O)[C@]23CC4=CC=C[C@@H]([C@H]4N2C(=O)[C@]1(SS3)CO)O,6223,ok,CMPD_31AB76F4D6BF_Gliotoxins.png,
870,370,C1=C(C=C(C(=C1O)O)O)C(=O)O,370,ok,CMPD_31B7B0808AF4_Gallic_acid.png,
871,102213770,C[C@H]1CC/C=C(\CCC2=C(/C=C(\CCC1=O)/C)OC=C2C)/C,102213770,ok,CMPD_31E1421EA48C_Kaempferol_3-O-glucoside-7-O-arabinoside.png,
872,101460368,CN(C)C1=CC=C(C=C1)[C@@H]2[C@@H](C(=O)N3C(=N2)SCS3)S,101460368,ok,CMPD_31F0539AEE1D_Armeroside_F.png,
873,175586,CC(=O)NC1=C2C(=C(C=C1)S(=O)(=O)[O-])C=C(C(=C2O)N=NC3=CC=CC=C3)S(=O)(=O)[O-].[Na+].[Na+],175586,ok,CMPD_31F3B65B7A1A_lignin.png,
874,10168648,CC1=C(N(C2=C1C=C(C=C2)OCC3=CC=CC=C3)CC4=CC=C(C=C4)OCCN5CCCC(C5)OC)C6=CC=C(C=C6)OCC7=CC=CC=C7,10168648,ok,CMPD_31F9DA96F202_Myrtucommulone_L.png,
875,18936,CCCCCCCCCCCCCCCCCCC=C,18936,ok,CMPD_3200FC8BCCB4_eicosene-9.png,
876,101614131,COC(=O)NC1=CC=C(C=C1)S(=O)(=O)N2C=CC3=C2C=CC(=C3)NC4=C5C=CC=CC5=NC6=CC=CC=C64,101614131,ok,CMPD_320F4D9BB2AD_8-epiatractylenolide_III.png,
877,107905,C1[C@H]([C@H](OC2=CC(=CC(=C21)O)O)C3=CC(=C(C=C3)O)O)OC(=O)C4=CC(=C(C(=C4)O)O)O,107905,ok,CMPD_320FF31A1B45_epicatechin_gallate.png,
878,23976,[Cr],23976,ok,CMPD_32166E83EED3_Chromium.png,
879,10887135,C[C@H](C1=CC=CC=C1)N(CCP(C2=CC=CC=C2)C3=CC=CC=C3)CCP(C4=CC=CC=C4)C5=CC=CC=C5,10887135,ok,CMPD_3218199971DC_5_7-dihydroxy-2_4_5_-trimethoxy-isoflavanone.png,
880,10967584,CCC(=O)OC(COCOC)(C=C)C1CCCCC1,10967584,ok,CMPD_3218199971DC_5_7-dihydroxy-2_4_5_-trimethoxy-isoflavanone.png,
881,21119906,C[C@@H]1CC[C@@H]2[C@@]13C[C@H](C2(C)C)C(=C)C(C3)O,21119906,ok,CMPD_323F57C69BEF_cedr-8_15_-en-9-ol.png,
882,145924,CC[Se]CCC(C(=O)O)N,145924,ok,CMPD_3252CDBC2244_5_4_-dihydroxy-3_5_6_7-tetramethoxyflavone.png,
883,5366692,CCCCC/C=C\C/C=C\CCCCCCCC(=O)OCC(CO[Si](C)(C)C)O[Si](C)(C)C,5366692,ok,CMPD_32601E76DC51_1-monolinoleoylglycerol_trimethylsilyl_ether.png,
884,102213765,C(CCO[C@@H]1[C@H]([C@H]([C@@H]([C@H](O1)CC(C(=O)O)C(=O)O)O)O)O)CO[C@@H]2[C@H]([C@H]([C@@H]([C@H](O2)CC(C(=O)O)C(=O)O)O)O)O,102213765,ok,CMPD_32629FE1EBF5_2-Butyl-beta-D-glucopyranoside.png,
885,177593608,C1[C@@H]([C@H]([C@H](C(O1)([C@H]2[C@H]3[C@@H]4[C@H]5[C@@H](COC(=O)C6=C(C7=C(C(=C(C=C7C(=O)O5)O)O)O)C(=C(C(=C6[C@@H]8[C@H]9[C@@H]1[C@H]5[C@@H](COC(=O)C6=CC(=C(C(=C6C6=C(C(=C(C=C6C(=O)O5)O)O)O)O)O)O)OC(=O)C5=CC(=C(C(=C5C5=C(C(=C(C(=C5O)O)O)C5=C(C8=C(C(=C5O)O)O)C(=O)O9)C(=O)O1)O)O)O)O)O)O)OC(=O)C1=CC(=C(C(=C1C1=C(C(=C(C(=C1O)O)O)C1=C(C2=C(C(=C1O)O)O)C(=O)O3)C(=O)O4)O)O)O)O)O)O)O,177593608,ok,CMPD_326A86738D34_Roburin_B.png,
886,101670611,C1[C@@H]([C@H]([C@H](C(O1)([C@@H]2[C@H]3[C@H]4[C@@H]5[C@H](COC(=O)C6=C(C7=C(C(=C(C=C7C(=O)O5)O)O)O)C(=C(C(=C6[C@H]8C9[C@H]1[C@@H]5[C@H](COC(=O)C6=CC(=C(C(=C6C6=C(C(=C(C=C6C(=O)O5)O)O)O)O)O)O)OC(=O)C5=CC(=C(C(=C5C5=C(C(=C(C(=C5O)O)O)C5=C(C8=C(C(=C5O)O)O)C(=O)O9)C(=O)O1)O)O)O)O)O)O)OC(=O)C1=CC(=C(C(=C1C1=C(C(=C(C(=C1O)O)O)C1=C(C2=C(C(=C1O)O)O)C(=O)O3)C(=O)O4)O)O)O)O)O)O)O,101670611,ok,CMPD_326A86738D34_Roburin_B.png,
887,5365557,C=CCC/C=C/C=C,5365557,ok,CMPD_32778E4E57BA_1_3_7-Octatriene.png,
888,92305,CC(C)[C@](CCCN(C)CCC1=CC(=C(C=C1)OC)OC)(C#N)C2=CC(=C(C=C2)OC)OC,92305,ok,CMPD_32799E026D1A_alpha-Cubebene.png,
889,178583,CC1C(C(C(C(O1)OC2C(OC(C(C2O)O)OC3C(C(OC(C3OC4C(C(C(C(O4)CO)O)O)O)OC5CCC6(C(C5(C)CO)CCC7(C6C(C=C8C7(CCC9(C8CC(CC9)(C)C)CO)C)OC)C)C)C)O)CO)O)O)O,178583,ok,CMPD_328B898D7523_ilwensisaponin_C.png,
890,13895,CC(C)(C)C1=CC=C(C=C1)C(C)(C)C,13895,ok,CMPD_32AAEE0DFE1D_1_4-ditert-butylbenzene.png,
891,13411,CC1=C(C(=C(C(=C1Cl)Cl)C)Cl)Cl,13411,ok,CMPD_32AAEE0DFE1D_1_4-ditert-butylbenzene.png,
892,69600,COC1=CC(=C(C=C1)C=O)O,69600,ok,CMPD_32B2E4C3FE19_2-hydroxy-4-methoxybenzaldehyde.png,
893,11141672,COC1=CC(=O)OC(=C1)CO[C@H]2[C@@H]([C@H]([C@@H]([C@H](O2)CO)O)O)O,11141672,ok,CMPD_32C0C9A96389_opuntioside_I.png,
894,20843359,COC1=CC=CC(=C1)C/C(=N/OS(=O)(=O)O)/S[C@H]2[C@@H]([C@H]([C@@H]([C@H](O2)CO)O)O)O,20843359,ok,CMPD_32C0C9A96389_opuntioside_I.png,
895,119844,CCCCCCCCCCCC(=O)OC[C@H]([C@@H]1[C@H](C(CO1)O)O)OC(=O)CCCCCCCCCCC,119844,ok,CMPD_32C0C9A96389_opuntioside_I.png,
896,102141527,CC(C)(C)C1=CC=C(C=C1)C(=O)OC2=CC=CC=C2C(C#N)N(C)C,102141527,ok,CMPD_32C0C9A96389_opuntioside_I.png,
897,12304196,CC1=CCC[C@]2([C@H]1C[C@H](CC2)C(C)(C)O)C,12304196,ok,CMPD_32C0C9A96389_opuntioside_I.png,
898,131752254,C[C@]12CC[C@@H](C(C1CC[C@@]3(C2CC=C4[C@]3(C[C@H]([C@@]5([C@H]4CC(CC5)(C)C)C(=O)O[C@H]6[C@@H]([C@H]([C@@H](CO6)O)O)OC(=O)/C=C/C7=CC(=C(C=C7)O)OC)O)C)C)(C)C)O[C@H]8[C@@H]([C@H]([C@@H]([C@H](O8)C(=O)O)O)O)O,131752254,ok,CMPD_32DFE418B6B3_microphynolide_B.png,
899,117301,CC1=CCC(CC1)C2(CCC(O2)C(C)(C)O)C,117301,ok,CMPD_3320D36AB626_alpha-bisabolol_oxide_B.png,
900,4825,COC1=C(C2=C(C=CO2)C3=C1C=CC(=O)O3)OC,4825,ok,CMPD_3322AEBD2FF2_pimpinellin.png,
901,8927,CCCCCCCCC=CCCCCCCCCO,8927,ok,CMPD_332F6C1659B6_9-octadecen-1-ol.png,
902,44147426,COC1=C(C=CC(=C1)C[C@H]2[C@@H](COC2=O)C(C3=CC(=C(C=C3)O)OC)O)O,44147426,ok,CMPD_334A803E94A8_7-hydroxymatairesinol.png,
903,10976597,C[C@@H]1CC[C@H](C2=CC(=C)CC[C@@H]12)C(C)C,10976597,ok,CMPD_335808E07B89_epi-bicyclosesquiphellandrene.png,
904,12921503,CC(C)N1C(=O)C(=NN1)P(=O)(O)O,12921503,ok,CMPD_335BB67EB43F_debiloside_C.png,
905,62385,CC1=CC=C(C=C1)C(=C)C,62385,ok,CMPD_33648AD5E7D8_p-cymenene.png,
906,51692952,COC(=O)C1=CO[C@H]([C@H]2[C@@H]1C[C@@H](C2=C)O)O[C@H]3[C@@H]([C@H]([C@@H]([C@H](O3)CO)O)O)O,51692952,ok,CMPD_336AFC63DD0C_Gardoside_methyl_ester.png,
907,54152120,C[C@H](C=C[C@H](C)C(C)C)[C@H]1CC[C@@H]2[C@@]1(CC[C@H]3[C@H]2CC=C4[C@@]3(CCC(C4)O)C)C,54152120,ok,CMPD_3399B5C5CCE1_Ergosta-5_22-dien-3-ol.png,
908,101416454,C#C/C=C/CCCCCCCC/C=C/C#C,101416454,ok,CMPD_33AE83196600_Peltatoside.png,
909,5484066,C1[C@@H]([C@@H]([C@H]([C@@H](O1)OC[C@@H]2[C@H]([C@@H]([C@H]([C@@H](O2)OC3=C(OC4=CC(=CC(=C4C3=O)O)O)C5=CC(=C(C=C5)O)O)O)O)O)O)O)O,5484066,ok,CMPD_33AE83196600_Peltatoside.png,
910,101297605,C[C@@H]1CC(C(=O)O[C@@H]2CCN(C/C=C(/C2=O)\COC(=O)[C@]1(C)OC(=O)C)C)(C(C)O)O,101297605,ok,CMPD_33B15D483559_scabiostellatoside_H.png,
911,5281797,CC(=CCC1=C(C2=C(C=C1O)OC=C(C2=O)C3=C(C=C(C=C3)O)O)O)C,5281797,ok,CMPD_33B5F3343196_Uncinanone_A.png,
912,5493604,C1=CC(=C(C=C1C2=CC(=O)C3=C(C=C(C=C3O2)O[C@H]4[C@@H]([C@H]([C@@H]([C@H](O4)CO)O)O)OS(=O)(=O)O)O)O)O,5493604,ok,CMPD_33C7557F45C8_Thalassiolin_A.png,
913,10091374,CC[C@]12C[C@H]([C@H]3[C@@]4([C@H]1N(CC4)CC=C2)C5=C(N3)C=CC(=C5)[N+](=O)[O-])C(=O)OC,10091374,ok,CMPD_33C83577FE45_cyanidin_pentoside.png,
914,11018911,C[C@H]1[C@@H]([C@H](C(O1)O)O)O,11018911,ok,CMPD_33CFE1F685B3_Kaempferol_3-glucoside_7-rhamnoside.png,
915,101231693,CC(C)(C)[Si](C)(C)C#CC1=C(C=CC(=C1)C2=NC3=CC=CC=C3S2)N,101231693,ok,CMPD_33CFE1F685B3_Kaempferol_3-glucoside_7-rhamnoside.png,
916,442664,C1=CC(=CC=C1C2=CC(=O)C3=C(C(=C(C(=C3O2)[C@H]4[C@@H]([C@H]([C@@H]([C@H](O4)CO)O)O)O)O)[C@H]5[C@@H]([C@H]([C@@H]([C@H](O5)CO)O)O)O)O)O,442664,ok,CMPD_33D3ACF9BD42_vicenin-1.png,
917,13644663,C1[C@H]([C@@H]([C@H]([C@@H](O1)C2=C(C(=C3C(=C2O)C(=O)C=C(O3)C4=CC=C(C=C4)O)[C@H]5[C@@H]([C@H]([C@@H]([C@H](O5)CO)O)O)O)O)O)O)O,13644663,ok,CMPD_33D3ACF9BD42_vicenin-1.png,
918,23274265,C/C/1=C/CC(/C=C\CC2(C(O2)CC1)C)(C)C,23274265,ok,CMPD_33ED7A58F3EF_Humulene_epoxide_II.png,
919,10704181,C/C/1=C\CC(/C=C/C[C@@]2([C@H](O2)CC1)C)(C)C,10704181,failed,,"('Connection aborted.', RemoteDisconnected('Remote end closed connection without response'))"
920,10183129,CCN(CC)CCCOC1=CC=C(C=C1)C(C)N(CCN(C)C)S(=O)(=O)C2=CC=CC=C2,10183129,ok,CMPD_33F5C296BA0C_limoniastramide.png,
921,735755,COC1=CC(=CC(=C1OC)OC)/C=C/C(=O)O,735755,ok,CMPD_33FD2E15D0C9_Sinapic_acid_methyl_ether.png,
922,235414,C1CCCCCCCOC(=O)CCCCCC1,235414,ok,CMPD_341057D7A395_cyclopentadecanolide.png,
923,91750049,C[C@]12CCCC(C1CCC34C2C[C@@H]5C(C3)C5(C4)C)(C)C,91750049,failed,,"('Connection aborted.', RemoteDisconnected('Remote end closed connection without response'))"
924,5364240,CCCCC(/C=C/C)OCOC,5364240,ok,CMPD_3438FA48FEB9_trimethyl-2-pentadecanone.png,
925,101377853,CC(C)(C)N(C1=CC(=CC(=C1)C2=CC=C(C=C2)N(C3=CC=C(C=C3)OC)C4=CC=C(C=C4)OC)C5=CC=C(C=C5)N(C6=CC=C(C=C6)OC)C7=CC=C(C=C7)OC)O[Si](C)(C)C(C)(C)C,101377853,ok,CMPD_344EED3259E7_Epicatechin_7-O-rutinoside.png,
926,53249071,C/C/1=C\CC/C(=C/C[C@@](CC/C(=C/CC1)/C)(C(C)C)O)/C,53249071,ok,CMPD_346FD0A61F0C_serratol.png,
927,44259136,C1=CC(=C(C=C1C2=C(C(=O)C3=C(C=C(C=C3O2)O)O)O[C@H]4C(C([C@@H]([C@H](O4)CO)O)O)O)O)O,44259136,ok,CMPD_347F102EA00A_3-O-beta-D-glucuronopyranosyl_quercetin.png,
928,441723,CCN1C[C@@]2(CC[C@@H]([C@@]34[C@@H]2[C@@H]([C@@](C31)([C@]5(C[C@@H]([C@H]6C[C@@H]4[C@@H]5[C@H]6OC)OC)O)O)OC)OC)COC(=O)C7=CC=CC=C7NC(=O)C(C)CC(=O)OC,441723,ok,CMPD_34A59B531162_delavaine_A.png,
929,14757922,CC1=COC=CC2(C1C3C(CC2)C(=C)C(=O)O3)C,14757922,ok,CMPD_34BB6095DCAD_spirafolide.png,
930,115321,CCC1(C(=O)NC(=O)N(C1=O)[C@H]2[C@@H]([C@H]([C@@H]([C@H](O2)CO)O)O)O)C3=CC=CC=C3,115321,ok,CMPD_34BEDEE83C90_Calceolarioside_A.png,
931,5273566,C1=CC(=C(C=C1CCO[C@H]2[C@@H]([C@H]([C@@H]([C@H](O2)CO)OC(=O)/C=C/C3=CC(=C(C=C3)O)O)O)O)O)O,5273566,ok,CMPD_34BEDEE83C90_Calceolarioside_A.png,
932,5316043,COC1=C(C=CC(=C1)/C=C\COC(=O)/C=C\C2=CC=CC=C2)O,5316043,ok,CMPD_34BEDEE83C90_Calceolarioside_A.png,
933,1001,C1=CC=C(C=C1)CCN,1001,ok,CMPD_34C12225DA32_Phenethylamine.png,
934,13909684,C[C@]12CC[C@@H](C([C@@H]1CC[C@@]3([C@@H]2CC=C4[C@]3(CC[C@@]5([C@H]4CC(CC5)(C)C)C(=O)O[C@H]6[C@@H]([C@H]([C@@H]([C@H](O6)CO)O)O)O)C)C)(C)C)O[C@H]7[C@@H]([C@H]([C@@H]([C@H](O7)C(=O)O)O)O)O,13909684,ok,CMPD_34D1BF3C6073_Chikusetsusaponin_IVa.png,
935,62367,CC(C)C12CCC(C1C2)(C)O,62367,ok,CMPD_34E3CD2EE796_sabinene_hydrate.png,
936,7151,COC(=O)C1=CN=CC=C1,7151,ok,CMPD_35045DD75BBA_methyl_nicotinate.png,
937,12311458,C1=CC=C(C=C1)COC2=COC(=CC2=O)C(C(C(C3=CC(=O)C(=CO3)OCC4=CC=CC=C4)O)[N+](=O)[O-])O,12311458,ok,CMPD_3517D92FC06B_11-oxo-alpha-Amyrin.png,
938,10172562,CC1=CC[C@]2(CC[C@]([C@@H]2[C@H](C1)OC(=O)C3=CC=C(C=C3)OC)(C(C)C)O)C,10172562,ok,CMPD_352704735962_ferutidin.png,
939,56843093,C[C@H]1[C@@H]([C@H]([C@H]([C@@H](O1)OC2=CC(=CC(=C2O)O)C3=C(C(=O)C4=C(C=C(C=C4O3)O)O)O)O)O)O,56843093,ok,CMPD_352B2AA25552_myricetin-3-O-rhamnoside.png,
940,24318,CCCCCCCCCCCCCCCCCCCCCCCCCCCCCCCCCCCCCCCCCCCCCCCCCCCCCCCCCCCC,24318,ok,CMPD_353599658BBA_hexacontane.png,
941,61041,CC1=C(C(CC=C1)(C)C)C=O,61041,ok,CMPD_35441C4BEDD5_Safranal.png,
942,5362544,CCCCCCCCCCCCCOCCOS(=O)(=O)[O],5362544,ok,CMPD_354AC5DCF16B_alpha-ocimene.png,
943,5320249,CC(=C)CC/C=C(\C)/C=C,5320249,ok,CMPD_354AC5DCF16B_alpha-ocimene.png,
944,6431015,C[C@@H]1CC[C@@H]2[C@]13CC=C([C@H](C3)C2(C)C)C,6431015,ok,CMPD_355EDEF63EDF_Alpha-cedrene.png,
945,69301,COC1=CC(=CC(=C1)OC)OC,69301,ok,CMPD_3582C8D53F8D_1_3_5-trimethoxybenzene.png,
946,94452,CC1(CC(=O)CC(N1)(C)C)C.Cl,94452,ok,CMPD_3594BEBD6C30_Gamma-fagarine.png,
947,107936,COC1=CC=CC2=C1N=C3C(=C2OC)C=CO3,107936,ok,CMPD_3594BEBD6C30_Gamma-fagarine.png,
948,5280378,COC1=CC=C(C=C1)C2=COC3=C(C2=O)C=CC(=C3)O,5280378,ok,CMPD_35D339784A49_Formononetin.png,
949,7462,CC1=CC=C(CC1)C(C)C,7462,ok,CMPD_35D655449AC9__ï_½terpinene.png,
950,5280443,C1=CC(=CC=C1C2=CC(=O)C3=C(C=C(C=C3O2)O)O)O,5280443,ok,CMPD_35FC73816D92_Apigenin.png,
951,45933907,C1=CC(=CC=C1CCC(=O)C2=C(C=C(C=C2O[C@H]3C([C@@H]([C@@H](C(O3)CO)O)O)O)O)O)O,45933907,ok,CMPD_360D4748CF10_phlorizin.png,
952,6072,C1=CC(=CC=C1CCC(=O)C2=C(C=C(C=C2O[C@H]3[C@@H]([C@H]([C@@H]([C@H](O3)CO)O)O)O)O)O)O,6072,ok,CMPD_360D4748CF10_phlorizin.png,
953,443023,COC1=CC(=CC(=C1O)OC)[C@@H]2[C@H]3CO[C@@H]([C@H]3CO2)C4=CC(=C(C(=C4)OC)O)OC,443023,ok,CMPD_36604C39F05C_Syringarenol.png,
954,8768,C1=CC(=C(C=C1C=O)O)O,8768,ok,CMPD_367F8225D415_Protocatechuic_aldehyde.png,
955,98597,CCCCCCCCCC(=O)NN,98597,ok,CMPD_368B1CE5E9F5_beta-elemene.png,
956,6918391,CC(=C)[C@@H]1CC[C@@]([C@@H](C1)C(=C)C)(C)C=C,6918391,ok,CMPD_368B1CE5E9F5_beta-elemene.png,
957,5280899,CC1=C(C(C[C@@H](C1)O)(C)C)/C=C/C(=C/C=C/C(=C/C=C/C=C(/C=C/C=C(/C=C/C2=C(C[C@H](CC2(C)C)O)C)\C)\C)/C)/C,5280899,ok,CMPD_36ACBB3CF889_all-trans-zeaxanthin.png,
958,6442708,C[C@H]1[C@@H]2CCC(=C)[C@@H](C[C@H](/C(=C\[C@@H]2OC1=O)/C)O)O,6442708,ok,CMPD_36B1DF7A62CF_Dihydroridentin.png,
959,18293442,C[C@H]1C[C@]2([C@H]([C@H]1OC(=O)C3=CC=CC=C3)/C=C(/[C@@H](CC(=O)C([C@H](C=C(C2=O)C)O)(C)C)O)\C)OC(=O)C,18293442,ok,CMPD_36B3BCBC4984_euphoheliosnoid_D.png,
960,10214811,CCCC1=NSC(=N1)NC(=O)C2=CNC3=C2N=CC=C3,10214811,ok,CMPD_36CBD3A3BF7F_Graminin_D.png,
961,5280678,C/C(=C\CCC(C)(C=C)O)/CO,5280678,ok,CMPD_36CE5123A20C_8-hydroxylinalool.png,
962,5281498,C/C/1=C\CC/C(=C/[C@@H]2[C@@H]([C@H](C1)O)C(=C)C(=O)O2)/CO,5281498,ok,CMPD_36D06A1542E0_salonitenolide.png,
963,6434062,CC(C)/C=C/C=C(\C)/C=C,6434062,ok,CMPD_36D0E0DA551F_ocimene.png,
964,10887130,[CH]1[CH][C]([N][CH]1)I,10887130,ok,CMPD_36DF1C5035A7_Quinovic_acid_3-O-quinovoside.png,
965,636458,C/C/1=C\CC2=C(C/C(=C/CC1)/C)OC=C2C,636458,ok,CMPD_36F833DD0A33_Isofuranodiene.png,
966,132489952,C[C@@H]1CC2=CC(=C([C@@H]([C@H]2[C@@H](C1=O)C)/C=C(\C)/C=C(\C)/C=C/C(=O)O)C[C@H](C)O)C,132489952,ok,CMPD_36F92EAEF118_Preussilide_A.png,
967,441422,C([C@@H]1[C@H]([C@@H]([C@H]([C@@H](O1)OC[C@@H]2[C@H]([C@@H]([C@H]([C@@H](O2)O)O)O)O)O)O)O)O,441422,ok,CMPD_37198B5B987A_Methyl-1-thio-_-D-glucopyranosyl_disulfide.png,
968,5365982,CCC(=O)OC/C=C(/C)\CCC=C(C)C,5365982,ok,CMPD_372E74CDA193_neryl_propionate.png,
969,54678924,C1[C@@H]2CC3=C(C(=CC=C3)O)C(=C2C(=O)[C@]4([C@@H]1CC(=O)C(=C4O)C(=O)N)O)O,54678924,ok,CMPD_375BE99F65AA_4-vinyl-2-methoxy-phenol.png,
970,102213876,CN1C2=C(C(=O)N(C1=O)C)C(=O)N(C=N2)CC3=CC=CC=C3,102213876,ok,CMPD_376C27ED2E7A_25-hydroperoxycycloart-23-en-3Î²-ol.png,
971,10718718Â,,10718718Â,failed,,400 Client Error: PUGREST.BadRequest for url: https://pubchem.ncbi.nlm.nih.gov/rest/pug/compound/cid/10718718%C3%82/PNG?image_size=500x500
972,11018903,COC(=O)[C@@H]1[C@H](O1)CO,11018903,ok,CMPD_378044EC3C3C_Calenduladiol-3_-O-palmitate.png,
973,5491684,CC1=C2C(=C3C(=N1)CCC(C3=O)(C)C)C4=CC=CC=C4N2,5491684,ok,CMPD_37836C053026_Isorhamnetin_3-O-rutinoside.png,
974,11323257,C[C@]12CCCC([C@@H]1CCC(=C)[C@@H]2CCC(=C)C=C)(C)C,11323257,ok,CMPD_379D5BF9E3EC_sclarene.png,
975,5282108,CC1=CCCC(C1/C=C/C(=O)C)(C)C,5282108,ok,CMPD_37ED50F1C332_trans-beta-Ionone.png,
976,5355853,CCC(=O)OC/C=C(\C)/CCC=C(C)C,5355853,ok,CMPD_37FC5B5EA0E8_Geranyl_propionate.png,
977,15560077,CC(=CC(=O)O[C@@H]1CC(C[C@@H]2[C@]1(CC[C@@]3(C2=CC[C@H]4[C@]3(CC[C@@H]5[C@@]4(CCC(=O)C5(C)C)C)C)C)C(=O)O)(C)C)C,15560077,ok,CMPD_3827FD7D60C2_lantadene_B.png,
978,6442487,C[C@@H]1C[C@@H](CC([C@]1(/C=C/C(=O)C)O)(C)C)O,6442487,ok,CMPD_382F3E6CC273_Boscialin.png,
979,221071,C[C@H]1[C@@H]2CC[C@]3(C=CC(=O)C(=C3[C@H]2OC1=O)C)C,221071,ok,CMPD_382F61CF006D_Santonin.png,
980,10035557,CC(=CCNC(=NCC=C(C)C)N)C,10035557,ok,CMPD_385EFF0E0893_pterogynidine.png,
981,10726,C1=CC=C(C=C1)C(CO)C(=O)O,10726,ok,CMPD_38620A2EDBBA_tropic_acid.png,
982,984,CCCCCCCCCCCCCCCC=O,984,ok,CMPD_388E77E8949D_hexadecanal.png,
983,8181,CCCCCCCCCCCCCCCC(=O)OC,8181,ok,CMPD_389798B70F62_palmitic_acid_methyl_ester.png,
984,10026486,CC(=O)OC[C@H](CC1=CC=CC=C1)NC(=O)[C@H](CC2=CC=CC=C2)NC(=O)C3=CC=CC=C3,10026486,ok,CMPD_389A2A0DA7BB_aurantiamide_acetate.png,
985,10887342,CCOC(=O)COC1=C2CC3=CC(=CC(=C3O)CC4=C(C(=CC(=C4)C(C)(C)C)CC5=C(C(=CC(=C5)C(C)(C)C)CC1=CC(=C2)C(C)(C)C)O)OCC(=O)OCC)C(C)(C)C,10887342,ok,CMPD_38D7AB747613_Eudesm-4_15_-ene-7_11-diol.png,
986,158025,CC1C(C(C(C(O1)OC2C3C=COC(C3C4(C2O4)CO)OC5C(C(C(C(O5)CO)O)O)O)OC(=O)C=CC6=CC=C(C=C6)OC)OC(=O)C)O,158025,ok,CMPD_3917B0A799D5_pulverulentoside_I.png,
987,637540,C1=CC=C(C(=C1)/C=C/C(=O)O)O,637540,ok,CMPD_3924EB1C5D51_4-hydroxy-cinnamic_acid_ester.png,
988,23978,[Cu],23978,ok,CMPD_392696B69184_Copper.png,
989,5462316,CC1=C2[C@H]([C@]([C@@]([N]2)([C@H]3[C@@H]([C@@](C(=N3)C(=C4[C@H](C(C(=N4)C=C5[C@H]([C@](C1=N5)(C)CC(=O)N)CCC(=O)O)(C)C)CCC(=O)O)C)(C)CCC(=O)O)CC(=O)O)C)(C)CC(=O)N)CCC(=O)O,5462316,failed,,"('Connection aborted.', RemoteDisconnected('Remote end closed connection without response'))"
990,5281696,COC1=CC=C(C=C1)C2=CC(=O)C3=C(O2)C(=C(C=C3O)O)C4=C(C=CC(=C4)C5=CC(=O)C6=C(C=C(C=C6O5)OC)O)OC,5281696,ok,CMPD_3955EA4F0C08_Sciadopitysin.png,
991,92730,CC(=O)[C@H]1CC[C@@H]2[C@@]1(C[C@H]([C@H]3[C@H]2CCC4=CC(=O)CC[C@]34C)O)C,92730,ok,CMPD_3974230BEDB7__-tocopherol.png,
992,2116,CC1=C(C2=C(CCC(O2)(C)CCCC(C)CCCC(C)CCCC(C)C)C(=C1O)C)C,2116,ok,CMPD_3974230BEDB7__-tocopherol.png,
993,7968,C1=COC=CC1=O,7968,ok,CMPD_399FF67B721C_4H-pyran-4-one_2_3-dihydro-3_5-dihydroxy-6-methyl.png,
994,54687137,CCCCCCCCCCOC(=O)C1=C([C@H](OC1=O)COC(=O)CCCCCCCCC)O,54687137,ok,CMPD_399FF67B721C_4H-pyran-4-one_2_3-dihydro-3_5-dihydroxy-6-methyl.png,
995,5320462,COC1=C(C(=C2C(=C1)OC(=C(C2=O)OC)C3=CC=C(C=C3)O)O)OC,5320462,ok,CMPD_39A33F7629B6_penduletin.png,
996,16655647,C/C=C/[C@H]1[C@@H]([C@H](C2=C(O1)[C@@](OC2=O)(C)O)O)O,16655647,ok,CMPD_39AC849F193F_Massarilactone_D.png,
997,101416757,C1CCC(=O)C2(CC2C1)C#CC3=CC=CC=C3,101416757,ok,CMPD_39AD180F0CCB_Suspensolide_A.png,
998,7082474,C[C@H]1CCC(=C(C)C)[C@@H]([C@@]1(C)COC2=CC3=C(C=C2)C=CC(=O)O3)CCC(=O)O,7082474,ok,CMPD_39B6063E23E1_galbanic_acid.png,
999,8907,CCCCCCCCCCCCCCCC(=O)OC(C)C,8907,ok,CMPD_39D5087E4DF7_i-propyl_palmitate.png,
1000,3018525,CC(C)CCCC(C)CCCC(C)CCCC(C)(C(CO)O)O,3018525,ok,CMPD_39F965B47ADC_phytanetriol.png,
1001,104863,CC1=C2C=CN(C=C2C(=C3C1=NC4=C3C=C(C=C4)O)C)C,104863,ok,CMPD_39F965B47ADC_phytanetriol.png,
1002,440582,COC1=C(C=C2[C@@H]3CC4=C(CN3CCC2=C1)C5=C(C=C4)OCO5)O,440582,ok,CMPD_39F965B47ADC_phytanetriol.png,
1003,8369,CC1=C(C(=O)C=CO1)O,8369,ok,CMPD_3A001237E8A8_maltol_glycoside.png,
1004,6442660,C/C=C(/C)\C(=O)O[C@H]1CCN2[C@H]1C(=CC2)COC(=O)[C@]([C@H](C)OC(=O)C)(C(C)(C)O)O,6442660,ok,CMPD_3A0EC18FD490_3-acetylheliosupine.png,
1005,10265686,CC(=O)CC1CCC(N1C)CC(=O)CC2CCCN2C,10265686,ok,CMPD_3A1111B66D5D_phygrine.png,
1006,91749468,C[C@H]1CCC(=O)C2[C@@]1(CC3=C(C2)OC=C3C)C,91749468,ok,CMPD_3A20E979FAC7_Furanoeremophil-1-one.png,
1007,12303925,C[C@@H]1[C@@H]([C@@H](C[C@@H](O1)O[C@H]2CC[C@@]3([C@H]4CC[C@@]5([C@H](CC[C@@]5([C@@H]4CC[C@@]3(C2)O)O)C6=CC(=O)OC6)C)CO)O)O,12303925,ok,CMPD_3A31D0AA35FB_Alpha-bergamotene.png,
1008,86608,CC1=CCC2CC1C2(C)CCC=C(C)C,86608,ok,CMPD_3A31D0AA35FB_Alpha-bergamotene.png,
1009,442407,C[C@@H]1CCOC(=O)C=CC=CC(=O)O[C@@H]2C[C@@H]3[C@@]4([C@]2([C@]5(CCC(=C[C@H]5O3)C)COC(=O)[C@H]1O)C)CO4,442407,ok,CMPD_3A31D0AA35FB_Alpha-bergamotene.png,
1010,442706,C[C@@H]([C@@](C(C)C)(C(=O)OCC1=CCN2[C@H]1CCC2)O)O,442706,ok,CMPD_3A367A35188C_amabiline.png,
1011,12912214,C1=CC(=CC=C1C2=CC(=O)C3=C(C=C(C=C3O2)O[C@@H]4[C@@H]([C@H]([C@@H]([C@H](O4)C(=O)O)O)O)O)O)O,12912214,ok,CMPD_3A4989DFEB9D_5_6-Dehydrolupanine.png,
1012,442950,C1CCN2C[C@H]3C[C@H]([C@@H]2C1)CN4C3=CCCC4=O,442950,ok,CMPD_3A4989DFEB9D_5_6-Dehydrolupanine.png,
1013,5280604,CC(=CCC/C(=C/CC/C(=C/CC/C(=C/CC/C(=C/CC/C(=C/CC/C(=C/CC/C(=C/CC/C(=C/CC/C(=C/CC/C(=C/COP(=O)(O)OP(=O)(O)O)/C)/C)/C)/C)/C)/C)/C)/C)/C)/C)C,5280604,ok,CMPD_3A4989DFEB9D_5_6-Dehydrolupanine.png,
1014,31321,CCN(C1=NN=CS1)P(=O)(N2CC2)N3CC3,31321,ok,CMPD_3A5751FEF4BB_2_6-Di_tert-butyl_phenol.png,
1015,31405,CC(C)(C)C1=C(C(=CC=C1)C(C)(C)C)O,31405,ok,CMPD_3A5751FEF4BB_2_6-Di_tert-butyl_phenol.png,
1016,5317461,CC(C)C1=CC(=O)C2=C(O1)C=C(C(=C2O)[C@H]3[C@@H]([C@H]([C@@H]([C@H](O3)CO)O)O)OC(=O)C4=CC(=C(C(=C4)O)O)O)O,5317461,ok,CMPD_3A690656C3EA_Î²-Himachalene.png,
1017,68079,COC1=C2C=COC2=C(C3=C1C=CC(=O)O3)OC,68079,ok,CMPD_3A7886E4CFAF_Isopimpinellin.png,
1018,73352321,C[C@]1(CC[C@@H](O1)C(C)(C)O)[C@H]2CC[C@@]3([C@@H]2[C@@H](C[C@H]4[C@]3(CC[C@@H]5[C@@]4(CC[C@@H](C5(C)C)O)C)C)O)C,73352321,ok,CMPD_3A892CE2F7AC_Pyxinol.png,
1019,115312,COC1=CC(=O)C2=C(C3=C(C=C4C(=C3OC2=C1OC)C5C=COC5O4)OC)O,115312,ok,CMPD_3A892CE2F7AC_Pyxinol.png,
1020,31283,CCCCCCCCCCCCCC(=O)OCC,31283,ok,CMPD_3A8959476092_myristic_acid_ethyl_ester.png,
1021,131752220,CC1CCC2C(CC=C2C1C=C(C)C)C,131752220,ok,CMPD_3A9FE89D182D_cyllenin_A.png,
1022,101140034,C1CC(=CC2(C1)CCC23CCCC(=C3)C4=CC=CC=C4)C5=CC=CC=C5,101140034,ok,CMPD_3AA2680E11FE_delajadine.png,
1023,101690,C[C@H]1[C@@H]2CC[C@H]3[C@@]4(CC[C@@H]([C@]4(CC[C@@]35[C@@]2(C5)CC[C@@H]1O)C)[C@H](C)CCC(=C)C(C)C)C,101690,ok,CMPD_3AB86CF248B9_cycloeucalenol.png,
1024,12921864,CC1[C@@H]2[C@H]1[C@@H]3[C@@H]4C[C@@H]4[C@H]2N=N3.Cl[Cu],12921864,ok,CMPD_3ACAC2CBA194_chicoroisides_C.png,
1025,91471,C1CCN2C[C@@H]3C[C@H]([C@@H]2C1)CN4[C@@H]3CCCC4=O,91471,ok,CMPD_3AD3B53E6E17_lupanine.png,
1026,101140033,C1CC=C[C@@]2(C1)CC[C@]23CCCC=C3,101140033,ok,CMPD_3ADB83E2792C_Bicoloridine.png,
1027,134785909,CC1=C(C(C[C@@H](C1)OC(=O)C)(C)C)C#C/C(=C/C=C/C(=C/C=C/C=C(\C)/C=C/C=C(\C)/C(=O)C[C@]23[C@](O2)(C[C@H](CC3(C)C)O)C)/C)/C,134785909,ok,CMPD_3AE342252611_halocynthiaxanthin_acetate.png,
1028,11261358,CC(C)(C)C1=C(C=C(C=C1)C(=O)N2CCN(CC2(CC3=CC=CC=C3)C(=O)O)S(=O)(=O)C4=CC=CC=C4)OC,11261358,ok,CMPD_3AE6BE160088_Sphaeropsidins_A.png,
1029,51361447,C[C@@]1(CC[C@]2(C(=C1)C(=O)[C@@]3([C@@H]4[C@@]2(CCCC4(C)C)C(=O)O3)O)O)C=C,51361447,ok,CMPD_3AE6BE160088_Sphaeropsidins_A.png,
1030,114748,CN1C(=CN2C=CC=C2C1=O)CCCN=C(N)N,114748,ok,CMPD_3AE8D6B6F1DB_Peramine.png,
1031,12445012,CC(=O)O[C@H]1C[C@@H]2[C@H](C1=C)[C@@H]3[C@@H](CCC2=C)C(=C)C(=O)O3,12445012,ok,CMPD_3B0582E61D31_zaluzanin_D.png,
1032,3035544,COC1=CC(=CC(=C1OC)OC)[C@H]2[C@@H]3[C@H](COC3=O)[C@H](C4=C(C5=C(C=C24)OCO5)OC)O,3035544,ok,CMPD_3B1368EFA370_5-methoxypodophyllotoxin.png,
1033,5357002,C/C=C(\C)/C(=O)OCCC1=CC=CC=C1,5357002,ok,CMPD_3B151212FEF0_Phenyl_ethyl_tiglate.png,
1034,101490212,COC1=C(C=C(C=C1)C(CCC(=O)O)(CCC(=O)O)C2=CC(=C(C=C2)OC)OC)OC,101490212,ok,CMPD_3B1656A71131_3_3-di-O-methylellagic_acid_glucoside.png,
1035,689075,COC(=O)/C=C/C1=CC(=C(C=C1)O)O,689075,ok,CMPD_3B22C5D98025_Caffeic_acid_methyl_ester.png,
1036,261490,CCOC(=O)C1=CNCCC1,261490,ok,CMPD_3B2FB71CF1A8_alpha-Thujone.png,
1037,5318597,C1=C2C(=CC(=C1O)O)OC3=C(C2=O)C(=CC(=C3[C@H]4[C@@H]([C@H]([C@@H]([C@H](O4)CO)O)O)O)O)O,5318597,ok,CMPD_3B331A6952B7_isomangiferin.png,
1038,442084,CC(C)C1=C(C2=C(C(=O)C1=O)[C@]3(CCCC([C@@H]3CC2)(C)C)C)O,442084,ok,CMPD_3B3796126638_Royleanone.png,
1039,73441,C[C@@H]1[C@H]([C@@H](C[C@@H](O1)C2=C(C3=C(C=C2)C(=O)C4=C(C3=O)C=C[C@]5([C@@]4(C(=O)C[C@](C5)(C)O)O)O)O)O)O,73441,ok,CMPD_3B3796126638_Royleanone.png,
1040,183691,CC(=C)[C@@H]1C[C@@H]([C@@]([C@@H](C1)O)(CO)C=C)C(=C)C,183691,ok,CMPD_3B406924E494_periplocadiol.png,
1041,160497,C[C@H](CCCC(C)C)[C@H]1CC[C@@]2([C@@]1(CC[C@]34[C@H]2CC[C@@H]5[C@]3(C4)CCCC5(C)C)C)C,160497,ok,CMPD_3B4138C7E2F1_cycloartane_triterpene.png,
1042,1794426,C1[C@H]([C@H]([C@@H](C[C@@]1(C(=O)[O-])O)OC(=O)/C=C/C2=CC(=C(C=C2)O)O)O)O,1794426,ok,CMPD_3B54E4B81A95_4-5-O-dicaffeoylquinic_acid.png,
1043,4947,CCCOC(=O)C1=CC(=C(C(=C1)O)O)O,4947,ok,CMPD_3B79D2BA2298_N-propyl-3_4_5-trihydroxybenzoate.png,
1044,1198,C(C(C(C(=O)O)O)C(=O)O)C(=O)O,1198,ok,CMPD_3B928622F847_Isocitric_acid.png,
1045,44259385,CC1[C@@H](C([C@@H]([C@@H](O1)OC2=C(OC3=CC(=CC(=C3C2=O)O)O[C@H]4C([C@H]([C@@H](C(O4)CO)O)O)O)C5=CC(=C(C=C5)O)OC)O)O)O,44259385,ok,CMPD_3B96E0D820DA_isorhamnetin-3-O-alpha-L-rhamnopyranoside-7-O-beta-D-glucopyranoside.png,
1046,131752187,COC1=C(C=CC(=C1)C2=CC(=O)C3=C(O2)C=C(C(=C3O)C4C(C(C(C(O4)CO)O)O)OC5C(C(C(C(O5)COC(=O)/C=C/C6=CC=C(C=C6)O)O)O)O)O)O,131752187,ok,CMPD_3B96E0D820DA_isorhamnetin-3-O-alpha-L-rhamnopyranoside-7-O-beta-D-glucopyranoside.png,
1047,444972,C(=C/C(=O)O)\C(=O)O,444972,ok,CMPD_3B97B6A1FC75_Fumaric_acid.png,
1048,62346,CC1=CCC(=C(C)CCC=C(C)C)CC1,62346,ok,CMPD_3B982535F060_gamma-bisabolene.png,
1049,6428444,CC(CCC=C(C)C)[C@@]12CC[C@](C1C2)(C)O,6428444,ok,CMPD_3BB1B91E33AA_Trans-sesquisabinene_hydrate.png,
1050,23872041,CC1=CC(=C(C(=C1)OC)C(=O)C2=C(C=C(C=C2OC)O)C(=O)OC)O,23872041,ok,CMPD_3BDA1E59A279_Monomethylsulochrin.png,
1051,40486293,C[C@@H]1[C@H]([C@@H]([C@@H]([C@@H](O1)OC2=C(OC3=CC(=CC(=C3C2=O)O)O)C4=CC(=C(C=C4)O)O)O)O)O,40486293,ok,CMPD_3BE4032E551B_3-O-alpha-L-arabinopyranosyl_quercetin.png,
1052,10408212,CC(=CCC1=CC2=C(C=C1O)OC[C@@H]3[C@H]2OC4=C3C=CC(=C4CC=C(C)C)O)C,10408212,ok,CMPD_3BF94772DB9F_Erybraedin_C.png,
1053,51,C(CC(=O)O)C(=O)C(=O)O,51,ok,CMPD_3C394BAE51E6_alpha-Ketoglutaric_acid.png,
1054,12302240,CC(C)[C@@H]1CC[C@@]([C@H]2[C@]1(CC(=C)CC2)O)(C)O,12302240,ok,CMPD_3C4C4198F95C_Isocalamendiol.png,
1055,85788,CCCCCCCC(C)OC(=O)C,85788,ok,CMPD_3C51386F937C_2-nonanyl_acetate.png,
1056,10468,CCCCCCCCCCCCCCCCCCCCCCCCC(=O)O,10468,ok,CMPD_3C56D72484C8_Pentacosanoic_acid.png,
1057,11744854,CC(C)[C@]12CC[C@@]([C@H]1C2)(C)O,11744854,ok,CMPD_3C5BFE18BC86_cissabinene_hydrate.png,
1058,10891542,C1=CC=C(C=C1)CC[C@@H]([C@H](CCC2=CC=CC=C2)Cl)O,10891542,ok,CMPD_3C5BFE18BC86_cissabinene_hydrate.png,
1059,5280433,CC1=CC2=C(C=C1C)N(C3=C(N2)C(=NC(=N3)O)O)CC(C(C(COP(=O)(O)OP(=O)(O)OC[C@@H]4[C@H]([C@H]([C@@H](O4)N5C=NC6=C(N=CN=C65)N)O)O)O)O)O,5280433,ok,CMPD_3C6B9DA1AA6D_Quercetin-3-O-_-D-galactopyranoside.png,
1060,10168653,CCCCCCCCCCCCCCCCCC(=O)OCC(C[N+](C)(C)C)OC(=O)CCCCCCCCCCCCCCCCC,10168653,ok,CMPD_3C6D0D79B1CD_Cocciferoside.png,
1061,10153,CN1CCC2=CC(=C(C3=C2[C@@H]1CC4=C3C(=C(C=C4)OC)OC)O)OC,10153,ok,CMPD_3C7D97383332_10-Oxolupanine.png,
1062,371260,CN1CCC2=CC3=C(C(=C2C(=O)CC4=C(C1)C5=C(C=C4)OCO5)OC)OCO3,371260,ok,CMPD_3C8128CD4D94_coulteropine.png,
1063,129864017,CC(CCC=C(C)C)CC(O)OC(=O)C,129864017,ok,CMPD_3C91242728F8_dihydro_citronellol_acetate.png,
1064,10469,CCCCCCCCCCCCCCCCCCCCCCCCCC(=O)O,10469,ok,CMPD_3C9578C412EC_hexacosanoic_acid.png,
1065,442702,COC1=CC2=C(C3=C(CC2)C=C(C=C3)O)C(=C1)O,442702,ok,CMPD_3CC079AA4F1D_Lusianthridin.png,
1066,10703,CC1=CC=CC=C1C(C)C,10703,ok,CMPD_3D20213DE119_o-cymene.png,
1067,5281644,CC1(C=CC2=C(O1)C=C3C(=C2O)C(=O)C4=C(O3)C(=C(C=C4)O)O)C,5281644,ok,CMPD_3D20778CED5F_jacareubin.png,
1068,21600408,C/C(=N/OS(=O)(=O)O)/S[C@H]1[C@@H]([C@H]([C@@H]([C@H](O1)CO)O)O)O,21600408,ok,CMPD_3D355EC94FEA_glucocapparin.png,
1069,5318761,C[C@H]1[C@@H]([C@H]([C@H]([C@@H](O1)O[C@@H]2[C@H]([C@@H]([C@H](O[C@H]2OC3=C(OC4=CC(=CC(=C4C3=O)O)O)C5=CC=C(C=C5)O)CO)O)O)O)O)O,5318761,ok,CMPD_3D41D85A240E_rugosin_G.png,
1070,12401,CCCCCCCCCCCCCCCCCCC,12401,ok,CMPD_3D420BEE63B7_Nonadecane.png,
1071,25181402,C[C@@H]1C[C@@H]2[C@@H](C2(C)C)CC[C@]3(C=C4[C@@]1(O3)C(=O)C=C(C4=O)C)C,25181402,ok,CMPD_3D47E5E35E54_multifidone.png,
1072,398937,C1CN2CC3=CC4=C(C=C3[C@]15[C@H]2C[C@H](C=C5)O)OCO4,398937,ok,CMPD_3D69DAA0183F_Crinine.png,
1073,54670067,C([C@@H]([C@@H]1C(=C(C(=O)O1)O)O)O)O,54670067,ok,CMPD_3D76B76DDB2D_vitamins_C.png,
1074,5484010,COC1=CC(=C2C(=C1)OC(=CC2=O)C3=CC(=C(C=C3)O)C4=C(C=C(C5=C4OC(=CC5=O)C6=CC=C(C=C6)O)O)O)O,5484010,ok,CMPD_3D7FB2E1DADD_7-O-methylamentoflavone.png,
1075,10607,COC1=CC(=CC(=C1OC)OC)[C@H]2[C@@H]3[C@H](COC3=O)[C@H](C4=CC5=C(C=C24)OCO5)O,10607,ok,CMPD_3D84396BFE2A_podophyllotoxin.png,
1076,102264669,CC1=CC=C(C=C1)/C=C(/C=C(/CCCC(=O)OC)\C#C[Si](C(C)C)(C(C)C)C(C)C)\C2=CC=C(C=C2)C,102264669,ok,CMPD_3DBBF139A20E_troupin.png,
1077,3246944,CCCCCCCCCCCCCCCCCCCC(=O)OCC(CO)O,3246944,ok,CMPD_3E06BBA50EFF_glyceryl-1-eicosanoate.png,
1078,57339258,CCCCCCCCCCCCCCCC[C@H]([C@H]([C@H](CO)[NH3+])O)O,57339258,ok,CMPD_3E0A71DB0A66_starch.png,
1079,5743,C[C@@H]1C[C@H]2[C@@H]3CCC4=CC(=O)C=C[C@@]4([C@]3([C@H](C[C@@]2([C@]1(C(=O)CO)O)C)O)F)C,5743,ok,CMPD_3E0A71DB0A66_starch.png,
1080,10177048,COC1=C(C=CC(=C1)/C=C/C(=O)OC2[C@@H](CC(C[C@H]2O)(C(=O)O)O)O)O,10177048,ok,CMPD_3E118D14A0B2_4-O-feruloylquinic_acid.png,
1081,10183150,C1=CC=C(C(=C1)C2=CC(=C/C(=C/3\NC4=C(N3)C=C(C=C4)C(=N)N)/C2=O)C(CC(=O)O)C(=O)O)F,10183150,ok,CMPD_3E1E07860FB1_Gallicaside_I.png,
1082,10141646,COC1=CC=C(C=C1)NC(=O)CN(CCN(CCN(CC(=O)O)CC(=O)O)CC(=O)O)CC(=O)O,10141646,ok,CMPD_3E294C4B4AF5_ent-trachylobane-6beta_17_19-triol.png,
1083,92802,C[C@@H]1CC[C@@]2(CC[C@@]3(C(=CC[C@H]4[C@]3(CC[C@@H]5[C@@]4(CC[C@@H](C5(C)C)O)C)C)[C@@H]2[C@H]1C)C)CO,92802,ok,CMPD_3E29C305BC35_uvaol.png,
1084,5319013,CC(=CCC1=C(C=C(C(=C1OC)C2=COC3=C(C2=O)C=CC(=C3)O)O)OC)C,5319013,ok,CMPD_3E39EAF7022D_Pinoresinol-4-O-Î²-D-glucopyranoside.png,
1085,9548595,C/C=C(/CC[C@@H](C)[C@H]1CC[C@@H]2[C@@]1(CC[C@H]3C2=CC[C@@H]4[C@@]3(CC[C@@H]([C@H]4C)O)C)C)\C(C)C,9548595,ok,CMPD_3E40127981E4_citrostadienol.png,
1086,442824,CC(=C)[C@H]1CC2=C(O1)C=C(C3=C2O[C@@H]4COC5=CC(=C(C=C5[C@@H]4C3=O)OC)OC)O,442824,ok,CMPD_3E646A283B7E_sumatrol.png,
1087,102064891,C[C@@H]1CC[C@@]2(CC[C@@]3(C(=CC[C@H]4[C@]3(CC[C@@H]5[C@@]4(CC[C@@H](C5(C)C)O[C@H]6[C@@H]([C@H]([C@@H]([C@H](O6)CO)O)O)OS(=O)(=O)O)C)C)[C@@H]2[C@H]1C)C(=O)O)C(=O)O[C@H]7[C@@H]([C@H]([C@@H]([C@H](O7)CO)O)O)O,102064891,ok,CMPD_3E6FBBBD492D_zygophylosides_G.png,
1088,5319483,C/C(=C\C1=CC=C(C=C1)OC)/C(=O)O,5319483,ok,CMPD_3E9B74D698E4_apigenin_7-O-Î²-glucuronide.png,
1089,15560079,C[C@@]12CC[C@@H]3[C@@]4([C@H]1CC=C5[C@]2(CC[C@@]6([C@H]5CC(CC6)(C)C)C(=O)O)C)CC[C@](C3(C)C)(OC4)O,15560079,ok,CMPD_3E9F409165F3_lantanolic_acid.png,
1090,520332,COC1=CC=C(C=C1)CC(=O)O[Si](C)(C)C,520332,ok,CMPD_3EA3D4DC2482_3-Eicosene.png,
1091,443474,CC(C)C1=CC2=CC[C@H]3[C@](CCC[C@@]3([C@H]2CC1)C)(C)CO,443474,ok,CMPD_3EA9EDAA7C01_abietol.png,
1092,7043,COC1=CC=CC=C1OC,7043,ok,CMPD_3ECB764CAC8F_veratrol.png,
1093,161413,C1=CC(=C(C(=C1)O)C(=O)O)CCC2=CC=C(C=C2)O,161413,ok,CMPD_3ED02D7CD58B_lunularic_acid.png,
1094,6505,CCCCOC(=O)CC(CC(=O)OCCCC)(C(=O)OCCCC)OC(=O)C,6505,ok,CMPD_3ED88E95433C_Tributylacetyl_citrate.png,
1095,5315472,C1=CC(=CC=C1/C=C/C(=O)CC(=O)/C=C/C2=CC=C(C=C2)O)O,5315472,ok,CMPD_3EDB78C58D35_Bisdemethoxycurcumin.png,
1096,14631623,CC1(C2CCC13CS(=O)(=O)N(C3C2)C(=O)C4CC(=NO4)CC5OCCO5)C,14631623,ok,CMPD_3EEF0C58B2F1_4_-O-Acetylvitexin_2_-O-rhamnoside.png,
1097,5362795,CCCCCC/C=C\CCCCCCO,5362795,ok,CMPD_3F45347CC6BB_E_-2-Heptenoic_acid.png,
1098,101140037,[2H]C=C1CCCC=C1,101140037,ok,CMPD_3F684C609E55_Caryophyllene_diepoxide.png,
1099,10281,CC1=CC(=O)C(=CC1=O)C(C)C,10281,ok,CMPD_3F7449B1121B_thymoquinone.png,
1100,521947,CC(=O)N1C=CC=C1,521947,ok,CMPD_3FA3DD46B084_gamma-Maaliene.png,
1101,16129626,C1[C@@H]2[C@H]([C@@H]([C@H]([C@@H](O2)OC(=O)C3=CC(=C(C(=C3OC4=C(C(=C5C(=C4)C(=O)OC[C@@H]6[C@H]([C@@H]([C@H]([C@@H](O6)OC(=O)C7=CC(=C(C(=C7)O)O)O)OC(=O)C8=CC(=C(C(=C8)O)O)O)OC(=O)C9=CC(=C(C(=C9)O)O)O)OC(=O)C2=CC(=C(C(=C25)O)O)O)O)O)O)O)O)OC(=O)C2=CC(=C(C(=C2)O)O)O)OC(=O)C2=CC(=C(C(=C2)O)O)O)OC(=O)C2=CC(=C(C(=C2C2=C(C(=C(C=C2C(=O)O1)O)O)O)O)O)O,16129626,ok,CMPD_3FAD7DE9EB66_rugosin_D.png,
1102,5281522,C/C/1=C/CCC(=C)[C@H]2CC([C@@H]2CC1)(C)C,5281522,ok,CMPD_3FCE840581C4_Z-caryophyllene.png,
1103,5281521,C[C@@H]1CC=C([C@@H](C1(C)C)/C=C/C(=O)C)C,5281521,ok,CMPD_3FCE840581C4_Z-caryophyllene.png,
1104,171042825,C[N@@+]1(CC[C@@]23CC(=O)C(=C[C@@H]2[C@@H]1CC4=C3C(=C(C=C4)OC)O)OC)[O-],171042825,ok,CMPD_3FDCE1375966_Morphinan-6-One.png,
1105,74822,CCCCCCCCCCCCCCCCCCCCCCCCCCCO,74822,ok,CMPD_3FE228E6E3F7_1-heptacosanol.png,
1106,24739090,CC(=CCC/C(=C/CC1=C(C=C(C(=C1O)C(=O)O)CCC2=CC=CC=C2)OC)/C)C,24739090,ok,CMPD_3FF93348C815_Amorfrutin_B.png,
1107,91744586,CC1CCC2(CCC3(C(=CC=C4C3(CCC5C4(CCC=C5C)C)C)C2C1C)C)C,91744586,ok,CMPD_401087E4048F_24-norursa-3_9_11_12-triene.png,
1108,534065,COC1=CC=CC(=C1OC)C(CC=C)(CC=C)CN,534065,ok,CMPD_401AE70FA11A_3_3-Diisopropoxy-1_1_1_5_5_5-hexamethyltrisiloxane_0.41.png,
1109,5280699,COC1=C(C(=C2C(=C1)OC(=C(C2=O)OC)C3=CC(=C(C=C3)O)O)O)OC,5280699,ok,CMPD_4032D1F5B2BD_chrysosplenol_D.png,
1110,176457,C1=CC(=C(C=C1C2=[O+]C3=CC(=CC(=C3C=C2O[C@H]4[C@@H]([C@H]([C@H]([C@H](O4)CO)O)O)O)O)O)O)O.[Cl-],176457,ok,CMPD_403FCFE51B29_Cyanidin-3-O-galactoside.png,
1111,44258284,C1[C@H]([C@@H](C([C@@H](O1)OC2=CC(=C(C=C2C3=CC(=O)C4=C(C=C(C=C4O3)O)O)O)O)O)O)O,44258284,ok,CMPD_406D60E74E5B_Sylvestroside_I.png,
1112,5370105,C/C(=C\1/C=CC(O1)(C)C)/C2CCC(O2)(C)C=C,5370105,ok,CMPD_407137081DCB_davana_ether.png,
1113,23260007,C[C@H]1[C@@H](C2=C(C1=O)C(=C(C(=C2)C)CCO)C)O[C@H]3[C@@H]([C@H]([C@@H]([C@H](O3)CO)O)O)O,23260007,ok,CMPD_408004C7EB0C_Wallichoside.png,
1114,5317284,COC1=C(C2=C(C=C1O)OC(=CC2=O)C3=CC(=C(C=C3)O)O)O,5317284,ok,CMPD_409893A16591_nepetin.png,
1115,9064,C1[C@@H]([C@H](OC2=CC(=CC(=C21)O)O)C3=CC(=C(C=C3)O)O)O,9064,ok,CMPD_409A7E3661DE_Catechin.png,
1116,175665133,CC(=O)CC1CCN(C1CC(=O)C)C,175665133,ok,CMPD_40C1F268D81F_2-3-diacetonyl-N-methyl-pyrrolidine.png,
1117,16130311,C1C(C(OC(=O)C2=CC(=C(C(=C2C3=C(C(=C(C=C3C(=O)O1)O)O)O)O)O)O)C(C(C=O)OC(=O)C4=CC(=C(C(=C4O)O)O)OC5=C(C(=C6C(=C5)C(=O)OC7C(C8C(COC(=O)C9=CC(=C(C(=C9C1=C(C(=C(C=C1C(=O)O8)O)O)O)O)O)O)OC7OC(=O)C1=CC(=C(C(=C1)O6)O)O)OC(=O)C1=CC(=C(C(=C1)O)O)O)O)O)OC(=O)C1=CC(=C(C(=C1)O)O)O)O,16130311,ok,CMPD_40E6A2C4EB28_tamarixinin_A.png,
1118,12443210,COC1=C(C=C(C=C1)C2=C(C(=O)C3=C(C=C(C=C3O2)O)O)O[C@H]4[C@@H]([C@H]([C@@H]([C@H](O4)CO)O)O)O)O,12443210,ok,CMPD_40E6A2C4EB28_tamarixinin_A.png,
1119,135,C1=CC(=CC=C1C(=O)O)O,135,ok,CMPD_40F7C01F4189_4-hydroxybenzoic_acid.png,
1120,131752320,CC1CCC(OC1C(=C)CC23CC(CC(O2)C4C(O3)CC5(O4)C(CC(CN5)C)C)C)(C(C6CC7C(O6)CC(C8(O7)CCC9(O8)CC=CC(O9)/C=C/C(CC(=O)O)O)C)O)O,131752320,ok,CMPD_41087FC6024C_Semipapposide_K.png,
1121,11006,CCCCCCCCCCCCCCCC,11006,ok,CMPD_41180740B1F1_Hexadecane.png,
1122,57430039,C1C=CC=C2C1=CC(=O)O2,57430039,ok,CMPD_41244EC337A9_2_4H_-benzofuranone.png,
1123,101584237,CC1(C=CC2=C3C(=C(C=C2O1)OC)C(=O)[C@@H]([C@H](O3)C4=CC=CC=C4)O)C,101584237,ok,CMPD_4125E8614FED__2R_3R_-3-hydroxy-5-methoxy-6_6-dimethylpyrano2_3_7_8flavanone.png,
1124,101481072,CCOC(=O)C[C@@]1(C(=O)OC(N1C(=O)C2=CC=CC3=CC=CC=C32)(C)C)C,101481072,ok,CMPD_413CF27602A9_19-acetyl-marrubenol.png,
1125,10141640,CCN(CC)C1=CC=C(C=C1)CN(CC(=O)NO)S(=O)(=O)C2=CC=C(C=C2)OCC3CC3,10141640,ok,CMPD_413CF27602A9_19-acetyl-marrubenol.png,
1126,6438704,CC(=CCC1=C(C=CC(=C1)/C=C/C(=O)OC)O)C,6438704,ok,CMPD_41445F843037_Plicatin_B.png,
1127,5280460,COC1=C(C=C2C(=C1)C=CC(=O)O2)O,5280460,ok,CMPD_4144DA3BD858_beta-methylesculetin.png,
1128,10141619,CC(C)C(C)(C)CC(C(=O)NC(CC1=CC=CC=C1)C#N)N=C(NC(=O)OCC=C)N2CCOCC2,10141619,ok,CMPD_416DB458D626_isolinariin_D.png,
1129,443019,COC1=C(C=CC(=C1)O[C@@H]2[C@H]3CO[C@@H]([C@H]3CO2)C4=CC5=C(C=C4)OCO5)O,443019,ok,CMPD_41A85DA01F97_Sesamolinol.png,
1130,12301592,CN1C=C(C2=CC=CC=C2C1=O)CCC3=CC(=C(C=C3)OC)OC,12301592,ok,CMPD_41BE2CDE76EC__E_-gamma-Bisabolene.png,
1131,334704,CC(C)([C@@H]1CC2=C(O1)C=C3C(=C2)C=CC(=O)O3)O,334704,ok,CMPD_41C54E4C9459_marmesin.png,
1132,442439,C[C@H]1[C@@H]([C@H]([C@H]([C@@H](O1)O[C@@H]2[C@H]([C@@H]([C@H](O[C@H]2OC3=CC(=C4C(=O)C[C@H](OC4=C3)C5=CC(=C(C=C5)OC)O)O)CO)O)O)O)O)O,442439,ok,CMPD_41C6798016C2_neohesperidin.png,
1133,443670,C1[C@H](C=C[C@]23[C@H]1N(C[C@@H]2O)CC4=CC5=C(C=C34)OCO5)O,443670,ok,CMPD_41D02A7B4F92_Bulbispermine.png,
1134,10091871,C1=C2C(=CC(=C1Cl)Cl)N(C(=N2)Cl)[C@H]3[C@@H]([C@@H]([C@H](O3)C(F)(F)F)O)O,10091871,ok,CMPD_41D2A38EF4C9_Sarmentosin_B.png,
1135,443159,C[C@H]1CC[C@@H](C(=O)C1)C(C)C,443159,ok,CMPD_422CBFECD268_D-menthone.png,
1136,3220,CC1=CC2=C(C(=C1)O)C(=O)C3=C(C2=O)C=C(C=C3O)O,3220,ok,CMPD_422FD5BFA7B8_Emodin.png,
1137,10376279,CC(C)[C@@H]1CC[C@]([C@H]2[C@H]1CC(=C)CC2)(C)O,10376279,ok,CMPD_425B7A42AE93_Epi-beta-cadinol.png,
1138,109848,C1=CC=C(C=C1)NC2=C3C(=C(C=C2)N=NC4=C5C=CC(=CC5=C(C=C4)N=NC6=CC=CC=C6)S(=O)(=O)O)C=CC=C3S(=O)(=O)O,109848,ok,CMPD_42845ABEE19F_trans-sabinene.png,
1139,6326181,CC(C)[C@@]12CC[C@@]([C@@H]1C2)(C)O,6326181,ok,CMPD_42845ABEE19F_trans-sabinene.png,
1140,18818,CC(C)C12CCC(=C)C1C2,18818,ok,CMPD_42845ABEE19F_trans-sabinene.png,
1141,12358846,C1[C@H](C([C@@H](CC1(C(=O)O)OC(=O)/C=C/C2=CC(=C(C=C2)O)O)O)OC(=O)/C=C/C3=CC(=C(C=C3)O)O)O,12358846,ok,CMPD_428B4C987514_Dicaffeoylquinic_acid.png,
1142,5319014,CC(=C)C1C(O1)C/C(=C/COC2=C3C=CC(=O)OC3=CC4=C2C=CO4)/C,5319014,ok,CMPD_42991353CE03_nepetin-7-O-glucoside.png,
1143,11462445,CC(=N[C@H]1CC([C@H]2[C@@]13CC[C@H]([C@@](C3)(CC2)C)O)(C)C)NC4=NC=CC=N4,11462445,ok,CMPD_42A7F050A130_maesasaponin_V.png,
1144,10427845,CC[C@@H]1[C@@](OC(O1)(C)C)(C)[C@@]2(COC(=O)[C@@H]2OCC3=CC=CC=C3)C,10427845,ok,CMPD_42B3018586BE_Fumiquinazoline_D.png,
1145,10805,COC1=C(C=CC(=C1)C(CO)O)O,10805,ok,CMPD_42C719DFC421_4-hydroxy-3-methoxyphenethylene_glycol.png,
1146,121225492,CC(=CC[C@H]1C(=C)CC[C@@H]2[C@@]1(CCC[C@]2(C)C(=O)O)C)C=C,121225492,ok,CMPD_42E021553570_Communic_acid.png,
1147,4581,C1=CC(=CC=C1C(CN)O)O,4581,ok,CMPD_42E63F0B1004_octopamine.png,
1148,131752324,C1=CC(=CC=C1C2=CC(=O)C3=C(C=C(C=C3O2)OC4C(C(C(C(O4)C(=O)O)O)O)OC5C(C(C(C(O5)C(=O)O)O)O)O)O)OC6C(C(C(C(O6)C(=O)O)O)O)O,131752324,ok,CMPD_430B37C819C8_Tingitanol_B.png,
1149,102667,CC1(C2CC1C(=C)C(C2)O)C,102667,ok,CMPD_431E3CE768B0_pinocarveol.png,
1150,5281446,C/C=C(/C)\C(=O)O[C@@H]1C[C@@]([C@@H]2[C@@H](C=C([C@@]2([C@@H]3[C@@H]1C(=C)C(=O)O3)O)C)O)(CCl)O,5281446,ok,CMPD_431EDCDF745A_2_4_4-trihydroxychalcone.png,
1151,101614132,CC1CC[C@H]2[C@@H]3CC4=C([C@@H]3CC[C@@]2(C1=O)C)C=CC(=C4)O,101614132,ok,CMPD_43202E50227E_helichrytalicines_D.png,
1152,5481224,C1[C@@H]([C@@H]([C@H]([C@@H](O1)OC2=C(OC3=CC(=CC(=C3C2=O)O)O)C4=CC(=C(C=C4)O)O)O)O)O,5481224,ok,CMPD_433789BDC39A_Guaijaverin.png,
1153,442004,CC(C)CC(=O)O[C@@H]1[C@H]([C@@H]([C@H](O[C@H]1O[C@@H]2C[C@H]([C@H]3CC[C@@]45C[C@@H](CC[C@H]4[C@@]3(C2)C)C(=C)[C@@H]5O)C(=O)O)CO)OS(=O)(=O)[O-])OS(=O)(=O)[O-].[K+].[K+],442004,ok,CMPD_4341593E8EDD_Atractyloside.png,
1154,10493,CC1[C@H](C(C[C@H](O1)O[C@H]2CC[C@]3([C@@H](C2)CCC4C3[C@@H](C[C@]5([C@@]4(CC[C@@H]5C6=CC(=O)OC6)O)C)O)C=O)OC)O,10493,ok,CMPD_434C0E3FE997_diethoxyethane.png,
1155,7059,CC1=CC2=C(C=C1)N=CC=C2,7059,ok,CMPD_43500805D65B_6-Methylquinoline.png,
1156,44258065,CC1[C@@H]([C@@H](C([C@@H](O1)OC2=CC(=C3C(=C2)OC(=CC3=O)C4=CC(=C(C=C4)O)O)O)O)O)O,44258065,ok,CMPD_43589B52EBD4_Luteolin_7-rhamnoside.png,
1157,643098,C1C[C@H](C(=O)[C@@H]1SC#N)SC#N,643098,ok,CMPD_435B2ED158D2_alpha-trans-bergamotol.png,
1158,634039,CC(C1CC2CC3(C1N(C2)CCC4(C3=NC5=C4C=C(C=C5)OC)O)C(=O)OC)O,634039,ok,CMPD_43A02440B7D0_voacristine_hydroxyindolenine.png,
1159,54682983,C1CCC2=C(C1)C(=O)/C(=C(\C3=CC=CC=C3)/O)/C(=O)N2C4=CC=CC=C4,54682983,ok,CMPD_43BAFB44B579_E-ferulic_acid_methyl_ester.png,
1160,11807014,C[C@H]1[C@@H]2CC[C@]3([C@@]4(O3)CC=C([C@@H]4[C@H]2OC1=O)C)C,11807014,ok,CMPD_43C92F508149_Arborescin.png,
1161,370346,C[C@@]12CCC(=O)C3=COC(=C31)C(=O)C4=C2C=C5C(=O)C=CC(=O)C5=C4,370346,ok,CMPD_43E91A150979_Halenaquinone.png,
1162,1549018,CC/C=C\CC1=C(CCC1=O)C,1549018,ok,CMPD_43EC67D75890_Z-jasmone.png,
1163,14781534,COC1=CC=C2C(=CC1=O)[C@H](CCC3=CC(=C(C(=C32)OC)OC)OC)NC(=O)CO,14781534,ok,CMPD_43FA7F74843E_Colchifoline.png,
1164,72326,CC(=C)[C@@H]1CC[C@]2([C@H]1[C@H]3CC[C@@H]4[C@]5(CC[C@@H](C([C@@H]5CC[C@]4([C@@]3(CC2)C)C)(C)C)O)C)CO,72326,ok,CMPD_441ADED6A196_Betulin.png,
1165,5319486,COC1=CC=C(C=C1)C2=COC3=C(C2=O)C=CC(=C3[C@H]4[C@@H]([C@H]([C@@H]([C@H](O4)CO)O)O)O)O,5319486,ok,CMPD_441BC666D02B_2Î²-hydroxyoleanolic_acid.png,
1166,5789,CC1=CN(C(=O)NC1=O)[C@H]2C[C@@H]([C@H](O2)CO)O,5789,ok,CMPD_44330492A590_Thymine_2-desoxyribofuranoside.png,
1167,440832,C1=CC(=CC=C1C2=[O+]C3=CC(=CC(=C3C=C2O)O)O)O,440832,ok,CMPD_443D3EE86241_Pelargonidin.png,
1168,5316336,C1=C([C@@H]2[C@H](C1O)C(=CO[C@H]2O[C@H]3[C@@H](C([C@@H]([C@H](O3)CO)O)O)O)C(=O)O)CO,5316336,ok,CMPD_445C23D98A1F_leucosceptoside_B.png,
1169,13213649,CC(CCC=C(C)C)C1CCC(C=C1)(C)O,13213649,ok,CMPD_4468D917BDAC_zingiberenol.png,
1170,79050,CCCCCCCCCCCCCC(=O)OCC(CO)O,79050,ok,CMPD_446AA7AFE1D7_2_3-dihydroxypropyl_ester.png,
1171,120536,COC1=CC=C(C=C1)CN2C3=CC=CC=C3C(=O)N2,120536,ok,CMPD_446CF0E84F01_5_7-trimethoxyflavone.png,
1172,10887136,CC(C)(C)OC(=O)NC(C)(C)C/C=C/C(=O)N(C)[C@H](CC1=CC2=CC=CC=C2C=C1)C(=O)N(C)[C@H](CC3=CC=CC=C3)C(=O)N4CCC(CC4)CN(C)C,10887136,ok,CMPD_4486EAAA433C_myricetin_3-O-_-D-6-galloylglucopyranoside.png,
1173,442495,C[C@@H]1CCC(=C(C)C)C(=O)C1,442495,ok,CMPD_449BC09C9CE7_pulegone.png,
1174,61126,CC1=CC(C2CC1C2(C)C)O,61126,ok,CMPD_449C56685417_Verbenol.png,
1175,5318042,CCC/C=C/CO,5318042,ok,CMPD_44F392CA1A58_trans-2-Hexen-1-ol.png,
1176,317840,COC1=CC(=CC(=C1O)OC)C2C(C(CC3=CC(=C(C(=C23)OC)O)OC)CO)CO,317840,ok,CMPD_45159847FD2C_lyoniresinol.png,
1177,9548829,CCC[C@]12[C@@H]3CCC[C@@]34CC[C@H]5[C@@]1(CC[C@@H]([C@@H]2N4C5)C(C)C)C,9548829,ok,CMPD_45226D1398E8_daphnane.png,
1178,6450230,C/C(=C\COC1=CC2=C(C=C1)C=CC(=O)O2)/CC[C@H](C(C)(C)O)O,6450230,ok,CMPD_45265894127E_Marmin.png,
1179,5364412,CCCC/C=C\CCCCCCCC/C=C\C(C)CO,5364412,ok,CMPD_452DE8F77036_2-methyl-Z_Z-3_13-octadecadienol.png,
1180,638014,CC1=C(C(CCC1)(C)C)/C=C/C(=O)C,638014,ok,CMPD_453477421EAD_E-beta-ionone.png,
1181,10496641,COC1=CC(=CC2=C1O[C@H]([C@@H]2CO)C3=CC(=C(C=C3)O)OC)C=O,10496641,ok,CMPD_45354FF81A09_ficusal.png,
1182,57390908,C[C@H]1C[C@@H]2[C@@H](C2(C)C)CC[C@](/C=C/3\[C@@H]([C@H](C[C@]3(C1=O)O)C)O)(C)O,57390908,ok,CMPD_453A908888B9_multifidenol.png,
1183,57399656,C[C@H]1C[C@@H]2[C@@H](C2(C)C)CC[C@](/C=C/3\[C@@H](C(=C[C@]3(C1=O)O)C)O)(C)O,57399656,ok,CMPD_453A908888B9_multifidenol.png,
1184,10183146,C1=CC=C(C=C1)C2=CC(=CC=C2)C3=CC(=C(C=C3)NC(=O)C4=C(C=C(C=C4)Cl)Cl)C(=O)O,10183146,ok,CMPD_453A908888B9_multifidenol.png,
1185,101140039,[2H]C([2H])(/C=C\1/CCCC=C1)O,101140039,ok,CMPD_453C6F6E0CB8_hydroxycostic_acid.png,
1186,10095819,CCOC1=C(C=CC=C1OC)CN(C)C(=O)/C=C/C2=CC3=C(NC(=O)CN(C3)C)N=C2,10095819,ok,CMPD_45447F7943AC_Decarboxyamorfrutin_A.png,
1187,10103762,CCC(=O)C(C)CCC1=CC=CO1,10103762,ok,CMPD_4566D144B2CA_Agnucastoside_A.png,
1188,10582490,C(/C=C\C#N)O[C@H]1[C@@H]([C@H]([C@@H]([C@H](O1)CO)O)O)O,10582490,ok,CMPD_4566D144B2CA_Agnucastoside_A.png,
1189,5365022,CCCCCCCCCCCCCCCCC/C=C/CCCCCCCCCCCCCCCC,5365022,ok,CMPD_457C5EC518FE_17-pentatriacontene.png,
1190,15003,CCN1CCCC(C1)OC(=O)C(C2=CC=CC=C2)(C3=CC=CC=C3)OCC,15003,ok,CMPD_458D53F89DE5_2_6-dimethyloctane.png,
1191,14543433,C1COC(=O)C2=CO[C@H]([C@@H]([C@@]21O)[C@H]3CO3)O[C@H]4[C@@H]([C@H]([C@@H]([C@H](O4)CO)O)O)O,14543433,ok,CMPD_45B63FF6A230_eustomoside.png,
1192,168928,C[C@@H]1CC[C@@]2(CC[C@@]3(C(=CC[C@H]4[C@]3(CC[C@@H]5[C@@]4(CC[C@H]([C@]5(C)C(=O)O)O)C)C)[C@@H]2[C@H]1C)C)C,168928,ok,CMPD_45CB22A4BC7C_Beta-boswellic_acid.png,
1193,10115060,C1CN(CCC12C(=O)NCN2C3=CC=CC=C3)CCC(=O)C(C4=CC=CC=C4)C5=CC=CC=C5,10115060,ok,CMPD_45DEBA5228E6_N_N-dicoumaroylspermidine.png,
1194,31284,CCCCCCCCCCCCCC(=O)OC,31284,ok,CMPD_45F565AA6A51_methyl_myristate.png,
1195,5282304,CCCCCCCCCCCCCCCC(=O)OCC(COP(=O)(O)OCC[N+](C)(C)C)OC(=O)CCCC(=O)/C=C/C(=O)O,5282304,ok,CMPD_45FF7109B60D_kaempferol-3-O-beta-D-glucuronopyranoside.png,
1196,5352710,CC/C=C\C/C=C\C/C=C\CCCCCC=C,5352710,ok,CMPD_4610543AD6C0_Aplotaxene_Z_Z_Z_-heptadeca-1_8_11_14-tetraene.png,
1197,5364508,CCCCCCCC/C=C\CCCCCCCCCCCC(=O)OCC,5364508,ok,CMPD_4610543AD6C0_Aplotaxene_Z_Z_Z_-heptadeca-1_8_11_14-tetraene.png,
1198,5363412,CCCC(=CCC/C=C/CCCCOC(=O)C)CCC,5363412,ok,CMPD_461AA3B9E3DE_Z-Tagetone.png,
1199,44258032,CC1[C@@H](C([C@@H]([C@@H](O1)OC2=C(OC3=CC(=CC(=C3C2=O)O)O)C4=CC(=C(C=C4)O)OC)O)O)O,44258032,ok,CMPD_463583853166_Isorhamnetin_3-rhamnoside.png,
1200,5317513,CC(CC[C@H]([C@@](C)(CO)O)O)C1CCC2(C1(CCC3=C2C(=O)CC4C3(CCC(=O)C4(C)C)C)C)C,5317513,ok,CMPD_4636590B3E74_Peonidin_3-O-glycoside.png,
1201,161298,C1[C@H]2[C@@H](C3=C(O1)C=C(C=C3)O)OC4=CC5=C(C=C24)OCO5,161298,ok,CMPD_463956CBE1C4_Isolariciresinol_9-O-beta-D-glucopyranoside.png,
1202,14376672,C[C@]12C[C@H]([C@H]3C(=CC(=O)[C@H]4[C@@]3(C[C@@H]([C@@H](C4)O)O)C)[C@@]1(CC[C@@H]2[C@](C)([C@@H](CCC(C)(C)O)O)O)O)O,14376672,ok,CMPD_465826B2DF30_turkesterone.png,
1203,169521,C[C@H]1C(=O)CC[C@@H]2[C@@]1(CC[C@H]3[C@]2(CC[C@@]4([C@@]3(CC[C@@]5([C@H]4C[C@](CC5)(C)C(=O)O)C)C)C)C)C,169521,ok,CMPD_466E3AD0EA39_maytenonic_acid.png,
1204,85567,CC1=C[C@@H]([C@@H](CC1)C(C)C)O,85567,ok,CMPD_4671B0F23355_Cis-Piperitol.png,
1205,5281358,C[C@@]12CC[C@H]3C(=O)O[C@@H](C[C@]3([C@@H]1[C@@H]4C=C[C@@]2(C(=O)O4)O)C)C5=COC=C5,5281358,ok,CMPD_467BE1C39C22_alpha-Sitosterol.png,
1206,14704554,COC1=CC(=C2C(=C1)OC(=C(C2=O)O[C@H]3[C@@H]([C@H]([C@@H]([C@H](O3)CO)O)O)O)C4=CC(=C(C=C4)O)O)O,14704554,ok,CMPD_468B6399A1EB_Echimidine.png,
1207,5490048,CCOC(=O)C1=C(NC(=C(C1C(=O)[O])C(=O)OCC)C)C,5490048,ok,CMPD_468B6399A1EB_Echimidine.png,
1208,5281729,C/C=C(/C)\C(=O)O[C@@H]1CCN2[C@@H]1C(=CC2)COC(=O)[C@@]([C@H](C)O)(C(C)(C)O)O,5281729,ok,CMPD_468B6399A1EB_Echimidine.png,
1209,6506548,C/C/1=C\C(=O)C2=C(C/C(=C/CC1)/C)OC=C2C,6506548,ok,CMPD_46DC28AE9D00_furanodiene-6-one.png,
1210,8294,CC(=CCCC(C)(C=C)OC(=O)C)C,8294,ok,CMPD_470C95747999_Linalyl_acetate.png,
1211,14144577,CCON1C2=C(C=C(C=C2)C=O)N=N1,14144577,ok,CMPD_4719B898F795_11beta_13-Dihydrolactucin.png,
1212,10183148,C1=CC=C(C(=C1)C2=CC(=O)C3=C(C(=C(C=C3O2)O[C@H]4[C@@H]([C@H]([C@@H]([C@H](O4)C(=O)O)O)O)O)O)O)O,10183148,ok,CMPD_471A4896A0DE_scabiostellatoside_G.png,
1213,68486,CC(=CCC1=C(C=C2C(=C1)C=CC(=O)O2)OC)C,68486,ok,CMPD_471D2F805E3D_Suberosin.png,
1214,537551,CC1=C(CC(CC1)C=O)C,537551,ok,CMPD_47251455C055_3_4-dimethyl-3-cyclohexen-1-carboxaldehyde.png,
1215,5490064,C1=CC(=C(C=C1C2=C(C(=O)C3=C(C=C(C=C3O2)O)O)O[C@H]4[C@@H]([C@H]([C@@H](O4)CO)O)O)O)O,5490064,ok,CMPD_472D6B54EFE6_Avicularin.png,
1216,10183140,CCOC1=C(C=C2C(=C1)CC(C2=O)(CC3CCN(CC3)CC4=CC=CC=C4)F)OCC.Cl,10183140,ok,CMPD_472FC0F81AC5_Docosyl_cis-p-coumarate.png,
1217,13786700,C[C@H]1C(C2=C(O1)C3=C4C(=C(C=C3C)O)C(=O)C(=O)C4=C2O)(C)C,13786700,ok,CMPD_4736279DE193_Sclerodione.png,
1218,135407446,CCC\1=C2C=C3C(=C4C(=O)[C@@H](C(=C5[C@H]([C@@H](C(=CC6=NC(=CC(=N2)/C1=C/O)C(=C6C)C=C)N5)C)CCC(=O)OC/C=C(\C)/CCC[C@H](C)CCC[C@H](C)CCCC(C)C)C4=N3)C(=O)OC)C,135407446,ok,CMPD_474B07BDB275_pheophytin_b.png,
1219,44258007,C1=CC(=C(C=C1/C=C/C(=O)OCC2[C@H]([C@@H](C([C@@H](O2)OCC3[C@H]([C@@H](C([C@@H](O3)OC4=C(OC5=CC(=CC(=C5C4=O)O)O)C6=CC(=C(C=C6)O)O)O)O)O)O)O)O)O)O,44258007,ok,CMPD_47726897B1B9_madreselvin_B.png,
1220,5610,C1=CC(=CC=C1CCN)O,5610,ok,CMPD_47791BA4032E_tyramine.png,
1221,17106,C[C@H]1[C@H]([C@H]([C@@H](C(O1)O)O)O)O,17106,ok,CMPD_477CD9CDB6D6_fucose.png,
1222,10371536,C[C@H]1[C@@H]([C@H]([C@H]([C@@H](O1)OC[C@@H]2[C@@H]([C@@H]([C@H]([C@@H](O2)OC3=C(OC4=CC(=CC(=C4C3=O)O)O)C5=CC(=C(C=C5)O)O)O)O)O)O)O)O,10371536,ok,CMPD_47D5FAA24BA6_Quercetin-3-O-robinobioside.png,
1223,5367740,CC(/C=[N+](/C1CCCCC1)\[O-])O,5367740,ok,CMPD_47DA86549F71__Z_-trans-alpha-Bergamotol.png,
1224,1651,C1=CN=C(C2=C1N(C=N2)C3C(C(C(O3)CO)O)O)N,1651,ok,CMPD_480619EF8900_meglutol.png,
1225,10103761,C1C[C@H]2[C@@H](C1)[C@]3([C@@H]2[C@]4(CC3)CO4)O,10103761,ok,CMPD_482C619DED72_chaenorrhinoside.png,
1226,108906,C1COC(O1)(CBr)C2=C(C=C(C=C2)Cl)Cl,108906,ok,CMPD_48300207C520_tetrahydro-lavandulol_acetate.png,
1227,89385,CCC(C)(CCCC(C)C)OC(=O)C,89385,ok,CMPD_48300207C520_tetrahydro-lavandulol_acetate.png,
1228,5319526,CC(=C/C=C/1\C2=CC=CC=C2NC1=O)C,5319526,ok,CMPD_48308FFE9236_Neptin.png,
1229,10091889,COC(=O)N[C@@H](CCC(=O)O)C(=O)COC(=O)C1=C(C=CC=C1Cl)Cl,10091889,ok,CMPD_4837E831AB5A_Silenegallisaponin_B.png,
1230,131752494,CC1=CC(C(CC1)(C)/C=C/C2=CC(=C3C(=C2O)OC4=C(C3=O)C=CC=C4O)O)C5=CC(=C6C(=C5O)OC7=C(C6=O)C=CC=C7O)O,131752494,ok,CMPD_484DE8FF11AE_Hemicellulose.png,
1231,10457662,CCCCCCCCCCCCC(C)OC(=O)N(C)C(=O)OC1=C(C=CC=C1C(C)C)C(C)C,10457662,ok,CMPD_485F239472AC_3-acetyl-7-O-methylaromadendrin.png,
1232,12921519,COP(=O)(C(O)/C(=C/C1=CC=CC=C1)/Br)C(O)/C(=C/C2=CC=CC=C2)/Br,12921519,ok,CMPD_489FD95638B7_Silenegallisaponin_A.png,
1233,102143048,CCCCCCCCCCCCOC1=CC=C(C=C1)C(=O)OC2=CC=C(C=C2)C(=O)OC3=CC=C(C=C3)C(=O)OC4=CC=CC(=C4)OC(=O)C5=CC=C(C=C5)OC(=O)C6=CC=C(C=C6)OCCCCCCCCCCCOC7=CC=C(C=C7)OC(=O)C8=CC=C(C=C8)OCCCCCC,102143048,ok,CMPD_48A78991D6E6_trans-Muurola-4_14_5-diene.png,
1234,5316493,C1=C(C=C(C(=C1O)O)O)C2=C(C=C3C(=CC(=CC3=[O+]2)O)O[C@H]4[C@@H]([C@H]([C@H]([C@H](O4)COC(=O)CC(=O)O)O)O)O)O[C@H]5[C@@H]([C@H]([C@H]([C@H](O5)CO)O)O)O,5316493,ok,CMPD_48BF01480A78_Blumenol_C.png,
1235,138117,CCCCCC(C)(C)CC,138117,ok,CMPD_48C2AC0F6993_3_3-dimethyloctane.png,
1236,115127,CC(C)CC[C@H]([C@@](C)([C@H]1CC[C@@]2([C@@]1(CC[C@H]3C2=CC(=O)[C@H]4[C@@]3(C[C@@H]([C@@H](C4)O)O)C)C)O)O)O,115127,ok,CMPD_48CFE31A8FFE_Ponasterone_A.png,
1237,131752116,C[C@@H]1CC[C@@]2(CC[C@@]3(C(=C2[C@H]1C)CCC4[C@]3(CCC5[C@@]4(CCC(C5(C)C)OC(=O)C)C)C)C)C,131752116,ok,CMPD_49164F0EF395_euphelionolides_D.png,
1238,5280898,CCN1C[C@@]2([C@@H](C[C@@H]([C@@]34[C@@H]2[C@H]([C@H](C31)[C@@]5([C@@H]6[C@H]4C[C@@]([C@@H]6OC(=O)C7=CC=CC=C7)([C@H]([C@@H]5O)OC)O)OC(=O)C)OC)OC)O)COC,5280898,ok,CMPD_49242F13F90E_kaempferol_3-O-_-glucopyranoside.png,
1239,102146912,CC(=NCC(=NC1=CC=CC(=C1)C2=C3C=CC(=C(C4=NC(=C(C5=CC=C(N5)C(=C6C=CC2=N6)C7=CC(=CC=C7)N=C(CN=C(C)O)O)C8=CC(=CC=C8)N=C(CN=C(C)O)O)C=C4)C9=CC(=CC=C9)N=C(CN=C(C)O)O)N3)O)O,102146912,ok,CMPD_4927F4D415BF_Erythro-guaiacylglycerol-_-O-4_-dihydroconiferyl_alcohol.png,
1240,8221,CCCCCCCCCCCCCCCCCCO,8221,ok,CMPD_4963131C708E_1-octadecanol.png,
1241,442409,CC1=CCC2C3C1[C@]2(CCC3C(C)C)C,442409,ok,CMPD_496B2F2E7E26_alpha-ylangene.png,
1242,122176375,CC1=CC=CC=C1CN2C3=CC=CC=C3SC(C2=O)C(C)C(=O)O,122176375,ok,CMPD_4976B1518B43_Globimetulin_C.png,
1243,5281435,C/C/1=C\CC/C(=C/[C@@H]2[C@@H]([C@H](C1)OC(=O)C(=C)[C@H](CO)O)C(=C)C(=O)O2)/CO,5281435,ok,CMPD_49CD37788A95_Cnicin.png,
1244,101140025,[HH].C[CH2].C[CH2].[Cl-].[Pb],101140025,ok,CMPD_49D50909B90F_Licanolide.png,
1245,656506,C1=CC=C2C(=C1)C(=CN2)CC(=NOS(=O)(=O)O)S[C@H]3[C@@H]([C@H]([C@@H]([C@H](O3)CO)O)O)O,656506,ok,CMPD_4A0599CA0D46_Indol-3-ylmethyl_glucosinolate.png,
1246,6140,C1=CC=C(C=C1)C[C@@H](C(=O)O)N,6140,ok,CMPD_4A0DB0310143_L-phenylalanine.png,
1247,8500,CC1=CC=C(C=C1)C(=O)C,8500,ok,CMPD_4A155D54D824_p-acetyltoluene.png,
1248,1796220,C[C@]12CCCC([C@@H]3[C@H]1CC[C@@H]3C2=C)(C)C,1796220,ok,CMPD_4A21138F176C_Junipene.png,
1249,11956550,C1CSC2=C1N=C(N=C2NCC3=CC=CC=C3)N4CCN(CC4)C5=CC=CC=C5,11956550,ok,CMPD_4A2895B7F504_6_3_-Di-O-methyl-6-hydroxyluteolin.png,
1250,2682,CCCCCCCCCCCCCCCCO,2682,ok,CMPD_4A3669D650B1_1-hexadecanol.png,
1251,5352342,CCCCCCCCCCC/C=C/CCCCC(=O)O[Si](C)(C)C,5352342,ok,CMPD_4A39A37814E5_yomogialcohol.png,
1252,442364,C[C@@H]1CCCC2=CC[C@H](C[C@]12C)[C@@](C)(CO)O,442364,ok,CMPD_4A51EC07E236_Î_-copaene.png,
1253,348029,CC1C(CCC2C1(CCC3C2(CCC4(C3(CCC5(C4CC(CC5)(C)C)C)C)C)C)C)O,348029,ok,CMPD_4A78911D030E_3-friedelinol.png,
1254,71357574,C1=COC2=C(C3=C(C=C21)C(=CC(=O)O3)O)O,71357574,ok,CMPD_4A7BCDF221F5_8-hydroxy-5-methoxypsoralen.png,
1255,138500,CCCOC1=CC=C(C=C1)C(=O)O,138500,ok,CMPD_4AC2AC7AD13B_p-propoxybenzoic_acid.png,
1256,131751234,C/C(=C\C=C\C=C(/C)\C=C\C=O)/C=C/C=C(/C)\C=C\C(=O)OC,131751234,ok,CMPD_4AC42FF0DAE0_6_-O-_3-hydroxy-3-methylglutaroyl_isoorientin.png,
1257,10183135,C#CCNC1=CC(=C(C(=C1O)CC(=O)NCC2=CC=C(C=C2)C(=N)N)C3=CC(=CC=C3)N)Cl,10183135,ok,CMPD_4AE7F3A694A1_neriumoside.png,
1258,131752252,C[C@]12CC[C@@H](C(C1CC[C@@]3(C2CC=C4[C@]3(CC[C@@]5([C@H]4[C@@H](C(CC5)(C)C)O)C(=O)O[C@H]6[C@@H]([C@H]([C@@H]([C@H](O6)CO)O)O)O)C)C)(C)C)O[C@H]7[C@@H]([C@H]([C@H](CO7)O)O)O,131752252,ok,CMPD_4AF8B5626635_jasonin-c.png,
1259,22375,CN1C=NC2=C1C(=O)N(C(=O)N2C)CC(=O)O,22375,ok,CMPD_4AF96CDF3B80_caffeinic_acid.png,
1260,2519,CN1C=NC2=C1C(=O)N(C(=O)N2C)C,2519,ok,CMPD_4AF96CDF3B80_caffeinic_acid.png,
1261,157009945,C[C@H](CC[C@@H](C)C(C)C)C1CCC2[C@@]1(CCC3C2=CCC4[C@@]3(CC[C@@H](C4)O)C)C,157009945,ok,CMPD_4B1C0AF86BE1_Delta-7-campesterol.png,
1262,13797568,CCCCCCCCCCCCCCCCCCCC(CCCCC(CCCC)O)O,13797568,ok,CMPD_4B1D7F259993_nonacosane-5_10-diol.png,
1263,107848,COC(=O)C1=CO[C@H]([C@H]2[C@@H]1CC=C2CO)O[C@H]3[C@@H]([C@H]([C@@H]([C@H](O3)CO)O)O)O,107848,ok,CMPD_4B2B960389A4_Geniposide.png,
1264,5281614,C1=CC(=C(C=C1C2=C(C(=O)C3=C(O2)C=C(C=C3)O)O)O)O,5281614,ok,CMPD_4B2D7FEC0170_fisetin.png,
1265,5273568,COC1=C(C(=C2C(=C1)C=CC(=O)O2)O[C@H]3[C@@H]([C@H]([C@@H]([C@H](O3)CO)O)O)O)O,5273568,ok,CMPD_4B369AC1C3F7_fraxin.png,
1266,107935,CC1(C=CC2=C(O1)C=CC3=C2O[C@@H]4COC5=CC(=C(C=C5[C@@H]4C3=O)OC)OC)C,107935,ok,CMPD_4B4DD2BE3037_deguelin.png,
1267,5471349,CC(=CCC/C(=C/COC1=C2C=CC(=O)OC2=CC3=C1C=CO3)/C)C,5471349,ok,CMPD_4B6815531B80_bergamottin.png,
1268,66654,CC(=O)C1=C(C=C(C=C1OC)OC)O,66654,ok,CMPD_4B7966530A17_brevifolin.png,
1269,5385014,C/C=C\1/CN2CCC3=C4[C@@H]2C[C@@H]1[C@H](N4C5=CC=CC=C35)C(=O)OC,5385014,ok,CMPD_4B98B60E0706_Pleiocarpamine.png,
1270,442363,CC(C)[C@H]1CC[C@]2([C@]13CC[C@](O3)([C@H](C2)O)C)C,442363,ok,CMPD_4BB843EFE58A_daucol.png,
1271,92234,C.C.C.CC1=CC=C(CC1)C(C)C.CC1=CCC(=CC1)C(C)C.CC(C)C1=CCC(=C)CC1,92234,ok,CMPD_4BED34DCEEF2_terpinene.png,
1272,6223069,CC1C(C(C(C(O1)OCC2C(C(C(C(O2)OC3=C(OC4=CC(=CC(=C4C3=O)O)O)C5=CC(=C(C=C5)O)OC)O)O)O)O)O)O,6223069,ok,CMPD_4BF4221BD3C8_Isorhamnetin-3-O-rutinoside.png,
1273,10168657,CCC1=C(C2=CC3=C(C(=C(N3)C=C4C(C(C(=N4)C(=C5C(=C(C(=N5)C=C1N2)C)C(=O)NCCCO)CC(=O)OC)CCC(=O)O)C)C)C=C)C,10168657,ok,CMPD_4C04F268603A_secologanin-methyl-hemiacetal.png,
1274,101231705,CC/C=C\C/C=C\C[C@]\1(C=C(C(=O)/C1=C/C=C/[C@H](CCC(=O)OC)O[C@@H]2[C@@H]([C@H]([C@@H]([C@H](O2)CO)O)O)O)Br)O,101231705,ok,CMPD_4C410FF34185_clausanitin.png,
1275,22955,COC1=C(C2=C(CC3C4=CC(=C(C=C4CCN3C2)OC)O)C=C1)O,22955,ok,CMPD_4C4545BA19CB_scoulerine.png,
1276,74163,C(CCCCCO)CCCCCBr,74163,ok,CMPD_4C4DEE01F35D_1_5_7-trihydroxy--anthraquinone.png,
1277,10899,CCCCl,10899,ok,CMPD_4C5BFCE79C93_alpha_p-Dimethylstyrene.png,
1278,5282772,CCCCCCCC/C=C/CCCCCCCCCCCC(=O)O,5282772,ok,CMPD_4C5C77ED19CA_11_14_17_ï_½_Elcosatrienoic_acid.png,
1279,8456,CC(C)(C)C1=C(C=CC(=C1)OC)O,8456,ok,CMPD_4C5D78175981_Butylhydroxyanisole.png,
1280,3080635,CC1=COC2=C1C[C@H]3C(=C)CCC[C@@]3(C2)C,3080635,ok,CMPD_4C5E50816294_Atractylone.png,
1281,101596917,CC1=C2[C@H]3[C@H](C3(C)C)CC[C@@]2(CCC1)C,101596917,ok,CMPD_4C707E72CAC2_Beta-maaliene.png,
1282,12301593,CN1CC2=CC=CC=C2C3C1C4=CC(=C(C=C4CC3)OC)OC,12301593,ok,CMPD_4C707E72CAC2_Beta-maaliene.png,
1283,6428573,C[C@]1(CC[C@@H](O1)C(C)(C)O)C=C,6428573,ok,CMPD_4C76019E3451_cis_linalool_oxide.png,
1284,9548703,C[C@H]1CC[C@H](C[C@@H]2[C@H]1CC[C@@H]2C)C(C)C,9548703,ok,CMPD_4CA750189404_guaiane.png,
1285,12400,CCCCCCCCCCCCCCCCCCCCCCCCCCCCCC(=O)OC,12400,ok,CMPD_4CD4F0E25DE3_Triacontane.png,
1286,12535,CCCCCCCCCCCCCCCCCCCCCCCCCCCCCC,12535,ok,CMPD_4CD4F0E25DE3_Triacontane.png,
1287,125114671,C[C@]12CC[C@@H]([C@@H]1CC[C@@]3([C@@H]2CC[C@H]4[C@]3(CC[C@@H]5[C@@]4(C[C@H](CC5(C)C)O)C)C)C)C(C)(C)O,125114671,ok,CMPD_4CE03B8ECA0A_2-hydroxydiplopterol.png,
1288,5370350,CCCCCCCCCCCCCCC/C=C/C(=O)OC,5370350,ok,CMPD_4CEBA65606D0_methyl_octacosanoate.png,
1289,41518,CCCCCCCCCCCCCCCCCCCCCCCCCCCC(=O)OC,41518,ok,CMPD_4CEBA65606D0_methyl_octacosanoate.png,
1290,12309865,C1[C@H]([C@H]([C@@H]([C@H](O1)OC2=C(OC3=CC(=CC(=C3C2=O)O)O)C4=CC(=C(C=C4)O)O)O)O)O,12309865,ok,CMPD_4CEC7D3438C9_quercetin-3-O-arabonoside.png,
1291,15560333,CC(=C)[C@@H]1CC[C@@]2(CCC[C@]([C@H]2C1)(C)O)C,15560333,ok,CMPD_4CEF3A6EA3C2_Intermedeol-neo.png,
1292,5367500,C/C=C(/C(O)(/C(=C/C)/C)CCN1C=CC=C1)\C,5367500,ok,CMPD_4D13E59B4BAA_myrcenone.png,
1293,6430826,CC(=CC(=O)CC(=C)C=C)C,6430826,ok,CMPD_4D13E59B4BAA_myrcenone.png,
1294,5363340,CCCCCCCCCCCC/C=C\CCCCCCCCCCC,5363340,ok,CMPD_4D218B5062C2_Z-12-pentacosene.png,
1295,1662,CC(CC(=O)O)(CC(=O)O)O,1662,ok,CMPD_4D24667812C4_3-hydroxy-3-methylglutaric_acid.png,
1296,101037625,CC(=O)N[C@@H](CC1=CC=C(C=C1)OP(=O)(OCC2=CC=CC=C2)OCC3=CC=CC=C3)C(=O)NCC4=NC(=CS4)CC5CCCCC5,101037625,ok,CMPD_4D2654B2D086_Phlobetinin.png,
1297,14353377,COC1=CC=C(C=C1)C2=CC(=O)C3=C(O2)C(=C(C=C3O)O)OC,14353377,ok,CMPD_4D2F6F3B398C_galangustin.png,
1298,177567503,C1[C@@H]2[C@H]([C@H]3[C@@H]4[C@H](C5=C(C(=C(C(=C5C(=O)O4)C6=C(C(=C(C(=C6C(=O)O3)C7=C(C(=C(C=C7C(=O)O2)O)O)O)O)O)O)O)O)O)C8=C(C(=C(C9=C8C(=O)OC[C@@H]2[C@H]([C@H]3[C@@H]4[C@@H](C5=C(C(=C(C(=C5C(=O)O4)C4=C(C(=C(C(=C4C(=O)O3)C3=C(C(=C(C=C3C(=O)O2)O)O)O)O)O)O)O)O)O)C2([C@H]([C@@H](C(CO2)O)O)O)O)OC(=O)C2=CC(=C(C(=C29)O)O)O)O)O)O)OC(=O)C2=CC(=C(C(=C2C2=C(C(=C(C=C2C(=O)O1)O)O)O)O)O)O,177567503,ok,CMPD_4D552203EFD8_Roburins_C.png,
1299,12921510,CCN(CC)S(=O)(=O)C(O)P(=O)(O)OC,12921510,ok,CMPD_4D552203EFD8_Roburins_C.png,
1300,101670612,C1[C@@H]([C@H]([C@@H](C(O1)([C@@H]2[C@H]3[C@H]4[C@@H]5[C@H](COC(=O)C6=C(C7=C(C(=C(C=C7C(=O)O5)O)O)O)C(=C(C(=C6[C@H]8C9[C@H]1[C@@H]5[C@H](COC(=O)C6=CC(=C(C(=C6C6=C(C(=C(C=C6C(=O)O5)O)O)O)O)O)O)OC(=O)C5=CC(=C(C(=C5C5=C(C(=C(C(=C5O)O)O)C5=C(C8=C(C(=C5O)O)O)C(=O)O9)C(=O)O1)O)O)O)O)O)O)OC(=O)C1=CC(=C(C(=C1C1=C(C(=C(C(=C1O)O)O)C1=C(C2=C(C(=C1O)O)O)C(=O)O3)C(=O)O4)O)O)O)O)O)O)O,101670612,ok,CMPD_4D552203EFD8_Roburins_C.png,
1301,6532,CC(C)C(=O)OC(C)(CCC=C(C)C)C=C,6532,ok,CMPD_4D582756BAA2_linalyl_isobutyrate.png,
1302,10398656,CC1=C[C@H]2[C@@H](CC[C@@]([C@@H]2CC1)(C)O)C(C)C,10398656,ok,CMPD_4D625DD540C5_delta-Cadinol.png,
1303,93045,C[C@@]1(C[C@H]([C@]2([C@@H]1[C@@H](OC=C2)O[C@H]3[C@@H]([C@H]([C@@H]([C@H](O3)CO)O)O)O)O)O)O,93045,ok,CMPD_4D726FA1F0C8_harpagide.png,
1304,73296,C[C@H]1[C@@H]([C@H]([C@H]([C@@H](O1)O[C@@H]2[C@H]([C@H](CO[C@H]2O[C@H]3CC[C@]4([C@H]([C@]3(C)CO)CC[C@@]5([C@@H]4CC=C6[C@]5(CC[C@@]7([C@H]6CC(CC7)(C)C)C(=O)O)C)C)C)O)O)O)O)O,73296,ok,CMPD_4D896D3B8705_Î_-hederin.png,
1305,5282054,C/C=C/C/C=C/CCC(=O)[C@@H]1[C@@H](O1)C(=O)N,5282054,ok,CMPD_4D896D3B8705_Î_-hederin.png,
1306,10408,CC(C)CCCC(C)CCCC(C)CCCC(=O)C,10408,ok,CMPD_4DA0E41DB6F4_6_10_14-trimethyl-pentadecan-2-one.png,
1307,5366119,COC1=CC=C(C=C1)N/C(=C(\C#N)/SC(C(C(F)(F)F)F)(F)F)/C(F)(F)F,5366119,ok,CMPD_4DA0E41DB6F4_6_10_14-trimethyl-pentadecan-2-one.png,
1308,15210,C1=CC=C(C=C1)SC2=CC=CC=C2C(=O)O,15210,ok,CMPD_4DA0E41DB6F4_6_10_14-trimethyl-pentadecan-2-one.png,
1309,10452382,C[C@H]1C/C(=N\NS(=O)(=O)C2=CC=C(C=C2)C)/[C@H]3CCC[C@@H]([C@@H]3[C@@H]1CO)O,10452382,ok,CMPD_4DC6BF544AC0_Cynarasaponin_G.png,
1310,10323671,C1CCN(CC1)CCN2CC3=CC=CC=C3C2C(=O)NCC4=CC(=CC(=C4)C(F)(F)F)C(F)(F)F,10323671,ok,CMPD_4DC6BF544AC0_Cynarasaponin_G.png,
1311,322636,C1=CC=C2C(=C1)NC(=O)C(O2)O,322636,ok,CMPD_4DD96C6A49E1_HBOA.png,
1312,11036326,C1[C@@H]2[C@H]1C(=NN=C2C3=CC=C(C=C3)C(F)(F)F)C4=CC=C(C=C4)C(F)(F)F,11036326,ok,CMPD_4DFD3236E3D4_sec-Butyl-beta-D-glucoside.png,
1313,442428,C[C@H]1[C@@H]([C@H]([C@H]([C@@H](O1)O[C@@H]2[C@H]([C@@H]([C@H](O[C@H]2OC3=CC(=C4C(=O)C[C@H](OC4=C3)C5=CC=C(C=C5)O)O)CO)O)O)O)O)O,442428,ok,CMPD_4E037C03BB1D_Naringin.png,
1314,637517,CCCCCCCC/C=C/CCCCCCCC(=O)O,637517,ok,CMPD_4E04283E4585_Elaidic_acid.png,
1315,5282457,CCCCC/C=C/C/C=C/CCCCCCCC(=O)O,5282457,ok,CMPD_4E04283E4585_Elaidic_acid.png,
1316,442934,C1CN2CC3=C(C=CC(=C3)O)N=C2[C@H]1O,442934,ok,CMPD_4E0EBA8E57FB_vasicinol.png,
1317,164634,C1=CC=C(C=C1)CC#CC2=CC=CO2,164634,ok,CMPD_4E110E3ADEE2_Carlina_oxide.png,
1318,6919,C1=COC(=C1)C(=O)O,6919,ok,CMPD_4E20990BBA59_2-furoic_acid.png,
1319,5319324,COC1=CC2=C(C=C1)C3COC4=C(C3O2)C=CC(=C4)O[C@@H]5[C@@H]([C@H]([C@H]([C@H](O5)CO)O)O)O,5319324,ok,CMPD_4E2496CFF9F5__E_-alpha-Bergamotol.png,
1320,441070,CN1CCCC1CC(=O)CC2CCCN2C,441070,ok,CMPD_4E3523204E88_Î_-Thujone.png,
1321,102213712,C1C2=CC=C(C[N+]3=CC=C(C=C3)C4=CC=[N+](CC5=C6C(=C(CN7C=CC(=C8C=CN1C=C8)C=C7)C=C5)C(=O)N(C6=O)CC(=O)OCCOCC[O+]=C9C=CC(=[O+]CCOCCOC1=CC=CC=C1)C=C9)C=C4)C=C2,102213712,ok,CMPD_4E45BD7FC8BF_hederasaponin_B.png,
1322,21626480,C[C@H]1[C@@H]([C@H]([C@H]([C@@H](O1)O[C@@H]2[C@H](O[C@H]([C@@H]([C@H]2O)O)OC[C@@H]3[C@H]([C@@H]([C@H]([C@@H](O3)OC(=O)[C@@]45CC[C@@]6(C(=CC[C@H]7[C@]6(CC[C@@H]8[C@@]7(CC[C@@H](C8(C)C)O[C@H]9[C@@H]([C@H]([C@H](CO9)O)O)O[C@H]1[C@@H]([C@@H]([C@H]([C@@H](O1)C)O)O)O)C)C)[C@@H]4CC(CC5)(C)C)C)O)O)O)CO)O)O)O,21626480,ok,CMPD_4E45BD7FC8BF_hederasaponin_B.png,
1323,9878825,C[C@@]1([C@@H]([C@@H]([C@H](O1)CO)O)O)N2C=NC3=C(N=CN=C32)N,9878825,ok,CMPD_4E50CCE5BEA8_methyladenosine.png,
1324,16118969,C[C@@H]1CC[C@@]2(CC[C@@]3(C(=CC[C@H]4[C@]3(CC[C@@H]5[C@@]4(C[C@H]([C@@H]([C@@]5(C)CO)O)O)C)C)[C@@H]2[C@]1(C)O)C)C(=O)O[C@H]6[C@@H]([C@H]([C@@H]([C@H](O6)CO)O)O)O,16118969,ok,CMPD_4E6EACB2C1A6_niga-ichigoside_F1.png,
1325,3083857,CCCC[C@H]1[C@@H]2CCCC=C2C(=O)O1,3083857,ok,CMPD_4E7F11A0888F_neocnidilide.png,
1326,5280681,COC1=C(OC2=CC(=CC(=C2C1=O)O)O)C3=CC(=C(C=C3)O)O,5280681,ok,CMPD_4E973119CD2C_quercetin_3-O-methyl_ether.png,
1327,21577087,CC(=O)OC(C)(C)CCC(=O)[C@@](C)([C@H]1[C@@H](C[C@@]2([C@@]1(CC(=O)[C@@]3([C@H]2CC=C4[C@H]3C=C(C(=O)C4(C)C)O)C)C)C)O)O,21577087,ok,CMPD_4E99087DA73A_dihydrocucurbitacin_E.png,
1328,11074994,C[C@H]1CC[C@@H]2[C@H]1[C@@H]3[C@@H](C3(C)C)CC[C@]2(C)O,11074994,ok,CMPD_4E9E0F9E185C_ledol.png,
1329,5363269,CCCCCCCC/C=C\CCCCCCCC(=O)OCC,5363269,ok,CMPD_4EABF8E9E649_Ethyl_oleate.png,
1330,5352825,CC/C=C/CC(C)O,5352825,ok,CMPD_4ECB10E02460_alpha-Ambrinol.png,
1331,163105003,C/C=C(/C)\C(=O)O[C@H]1[C@@H]([C@]23[C@@H](C[C@]4([C@@]5(CC[C@@H]6[C@@]([C@H]5CC[C@@]4([C@@H]2CC1(C)C)O[C@@H]3O)(CC[C@@H](C6(C)C)O[C@H]7[C@@H]([C@H]([C@@H]([C@H](O7)C(=O)O)O)O[C@H]8[C@@H]([C@H]([C@H]([C@H](O8)CO)O)O)O[C@H]9[C@@H]([C@@H]([C@H]([C@@H](O9)O)O)O)O)O[C@@H]1C[C@@H]([C@@H]([C@@H]([C@@H]1O)O)O)CO)C)C)C)O)O,163105003,ok,CMPD_4F087D9591C8_maesasaponin_I.png,
1332,440583,C1CN2CC3=C(C[C@H]2C4=CC5=C(C=C41)OCO5)C=CC6=C3OCO6,440583,ok,CMPD_4F26ACBC6E5D_stylopine.png,
1333,11700083,C[C@@H]1CC[C@@]2(CC[C@@]3(C(=CCC4[C@]3(CCC5[C@@]4(C[C@H]([C@@H](C5(C)C)OC(=O)/C=C/C6=CC=C(C=C6)O)O)C)C)[C@@H]2[C@H]1C)C)C(=O)O,11700083,ok,CMPD_4F404443F313_jacoumaric_acid.png,
1334,5282156,C1=CC(=CC=C1C2=C(C(=O)C3=C(C=C(C=C3O2)O)O)O[C@H]4[C@@H]([C@H]([C@@H]([C@H](O4)CO)O)O)O[C@H]5[C@@H]([C@H]([C@@H]([C@H](O5)CO)O)O)O[C@H]6[C@@H]([C@H]([C@@H]([C@H](O6)CO)O)O)O)O,5282156,ok,CMPD_4F40AC38F73D_kaempferol-O-diglucoside.png,
1335,103857,CC(=O)OCC(C1C(C(CO1)OC(=O)C)OC(=O)C)OC(=O)C,103857,ok,CMPD_4F4CCFA46C84_3-3-4-tri-O-methylellagic_acid_4-O-beta-D-glucopyranoside.png,
1336,101666686,C[C@H]1CCC2[C@H]([C@]3([C@H]1CCC3=O)C)OC(=O)C2(CCC4=C5CC[C@@H]([C@@H]6CCC(=O)[C@]6([C@@H]5OC4=O)C)C)O,101666686,ok,CMPD_4F4CCFA46C84_3-3-4-tri-O-methylellagic_acid_4-O-beta-D-glucopyranoside.png,
1337,11252119,CC1=C(NC=C1)CC(=O)OC,11252119,ok,CMPD_4F4CCFA46C84_3-3-4-tri-O-methylellagic_acid_4-O-beta-D-glucopyranoside.png,
1338,75253873,COC1=C(C=C2C3=C1OC(=O)C4=CC(=C(C(=C43)OC2=O)OC)OC5C(C(C(C(O5)CO)O)O)O)O,75253873,ok,CMPD_4F4CCFA46C84_3-3-4-tri-O-methylellagic_acid_4-O-beta-D-glucopyranoside.png,
1339,5281860,COC1=C(C2=C3C(=C1)C(=O)OC4=C3C(=CC(=C4OC)O)C(=O)O2)OC,5281860,ok,CMPD_4F4CCFA46C84_3-3-4-tri-O-methylellagic_acid_4-O-beta-D-glucopyranoside.png,
1340,102264663,CC(C)[Si](C#C/C(=C\C(=C\C1=CC=CC=C1)\C2=CC=CC=C2)/C3CCCCC3)(C(C)C)C(C)C,102264663,ok,CMPD_4F4CCFA46C84_3-3-4-tri-O-methylellagic_acid_4-O-beta-D-glucopyranoside.png,
1341,11127403,CC1=CC[C@H](C=C1)[C@H](C)CCC=C(C)C,11127403,ok,CMPD_4F508776062A_Alpha-zingiberene.png,
1342,92724,COC1=C(C(=NC=C1)CS(=O)C2NC3=C([N-]2)C=CC(=C3)OC(F)F)OC.[Na+],92724,ok,CMPD_4F508776062A_Alpha-zingiberene.png,
1343,10625284,C[C@@H]1CC[C@@]2(CC[C@@]3(C(=CC[C@H]4[C@]3(CC[C@@H]5[C@@]4([C@@H](C(=O)[C@@H](C5(C)C)O)O)C)C)[C@@H]2[C@]1(C)O)C)C(=O)O,10625284,ok,CMPD_4F5D9CB72363_1-hydroxy-2-oxopomolic_acid.png,
1344,444539,C1=CC=C(C=C1)/C=C/C(=O)O,444539,ok,CMPD_4F76F80E7E7F_Cinnamic_acid.png,
1345,439161,CC(C)(COP(=O)(O)OP(=O)(O)OC[C@@H]1[C@H]([C@H]([C@@H](O1)N2C=NC3=C(N=CN=C32)N)O)OP(=O)(O)O)C(C(=O)NCCC(=O)NCCSC(=O)CCC(=O)O)O,439161,ok,CMPD_4FA65279984E_beta-D-Glucoside.png,
1346,44146779,CC(C)([C@@H]1CC2=C(O1)C(=C3C(=C2)C=CC(=O)O3)O)O,44146779,ok,CMPD_4FB016EC4A67_Rutaretin.png,
1347,11370008,COC1=CC=CC=C1C(N2CCCC2)P(=O)(OC)OC,11370008,ok,CMPD_4FBFB296D781_Amorfrutins_3.png,
1348,392470,C[C@@]12CCC(=O)C([C@H]1CC[C@]34[C@H]2CC(CC3)[C@@](C4)(CO)O)(C)C,392470,ok,CMPD_4FD92A1BD4DA_atisane_diterpene.png,
1349,14135395,CC1=CC(=O)CC([C@H]1CC[C@@H](C)O[C@H]2[C@@H]([C@H]([C@@H]([C@H](O2)CO)O)O)O)(C)C,14135395,ok,CMPD_4FF552D348F6_blumenol_C_glucoside.png,
1350,10091480,CCNC(=O)C1=CC(=CC=C1)NCC(=O)NCCC2=CC(=C(C=C2)OC)OC,10091480,ok,CMPD_5008422579F6_Cyclosieversigenis.png,
1351,403919,CC1=CCC(CC1)C(=C)CCC=C(C)C,403919,ok,CMPD_5009D76A15A1_b-bisabolene.png,
1352,439533,C1=CC(=C(C=C1[C@@H]2[C@H](C(=O)C3=C(C=C(C=C3O2)O)O)O)O)O,439533,ok,CMPD_501D11C24EFB_dihydroquercetin.png,
1353,1794427,C1[C@H]([C@H]([C@@H](C[C@@]1(C(=O)O)O)OC(=O)/C=C/C2=CC(=C(C=C2)O)O)O)O,1794427,ok,CMPD_5023E49B3228_3_5-O-dicaffeoylquinic_acid.png,
1354,60961,C1=NC(=C2C(=N1)N(C=N2)[C@H]3[C@@H]([C@@H]([C@H](O3)CO)O)O)N,60961,ok,CMPD_504C7768541A_Adenosine.png,
1355,65090,C1=CC(=O)OC2=C(C3=C(C=CO3)C=C21)O,65090,ok,CMPD_5061A7BA894E_Xanthotoxol.png,
1356,101016140,CC(=O)OC[C@@H]1[C@H]([C@@H]([C@H]([C@@H](O1)NC(=NCCOC2=C3CC4=CC(=CC(=C4O)CC5=C(C(=CC(=C5)C(C)(C)C)CC6=C(C(=CC(=C6)C(C)(C)C)CC2=CC(=C3)C(C)(C)C)O)OCCN=C(N[C@H]7[C@@H]([C@H]([C@@H]([C@H](O7)COC(=O)C)O[C@H]8[C@@H]([C@H]([C@H]([C@H](O8)COC(=O)C)OC(=O)C)OC(=O)C)OC(=O)C)OC(=O)C)OC(=O)C)S)C(C)(C)C)S)OC(=O)C)OC(=O)C)O[C@H]9[C@@H]([C@H]([C@H]([C@H](O9)COC(=O)C)OC(=O)C)OC(=O)C)OC(=O)C,101016140,ok,CMPD_5071F81831BF_8-epiasterolid.png,
1357,10033935,CC(=O)C[C@]1(C(=O)C=C2[C@H]3[C@@]1(OC4=C3C(=CC(=C4O)O)C(=O)O[C@@H]5[C@H]6COC(=O)C7=CC(=C(C(=C7C8=C(C(=C(C=C8C(=O)O[C@@H]5[C@H]([C@@H](O6)OC(=O)C9=CC(=C(C(=C9)O)O)O)OC2=O)O)O)O)O)O)O)O)O,10033935,ok,CMPD_50C49401114B_ellagitannin.png,
1358,6430754,CC1=C2C[C@@H](CC[C@@]2(CCC1)C)C(C)(C)O,6430754,ok,CMPD_50CEBBE75DA1_10-epi-gamma-eudesmol.png,
1359,44259203,C1[C@H](C(C([C@@H](O1)OC2[C@H]([C@@H](C(O[C@H]2OC3=C(OC4=CC(=CC(=C4C3=O)O)O[C@H]5C(C([C@@H]([C@@H](O5)CO)O)O)O)C6=CC(=C(C=C6)O)O)CO)O)O)OC(=O)/C=C/C7=CC=C(C=C7)O)O)O,44259203,ok,CMPD_50DB08751441_6_8-di-C-glucosyl_naringenin.png,
1360,572863,CC1CCC2C3C1C2(CCCC3(C)C)C,572863,ok,CMPD_50DBB7530C42_longipinane.png,
1361,101344445,CCOC1=C(C=CC(=C1)O[C@H]2[C@@H](O[C@H]([C@H]([C@H]2O)O)O[C@H]3[C@H](O[C@H]([C@@H]([C@@H]3O)O)OC4=CC=C(C=C4)C[C@@H]5C(=O)N[C@H](C(=O)N[C@@H](C(=O)NC(C(=O)NCC(=O)N[C@@H](C(=O)N5)[C@H](C)C6=CC=CC=C6)CO)[C@@H]([C@@H]7CNC(=[N+]7[C@H]8[C@H]([C@H]([C@H]([C@@H](O8)CO)O)O)O)N)O)[C@@H]([C@@H]9CN=C(N9)N)O)CO)CO)OC,101344445,ok,CMPD_50E2B65A4232_Pyrroloquinolone_A.png,
1362,442027,CC(C)C1=C(C=C2C(=C1)CC[C@@H]3[C@@]2(CCCC3(C)C)C)O,442027,ok,CMPD_50E9C44220D2_Ferruginol.png,
1363,13783149,CC[C@H](CC[C@@H](C)[C@H]1CC[C@@H]2[C@@]1(CC[C@H]3[C@H]2CC=C4[C@@]3(CCC=C4)C)C)C(C)C,13783149,ok,CMPD_50F7082573BE_Stigmasta-3_5-diene.png,
1364,13919629,CC(=CCC[C@]1(C(=O)CC[C@@](O1)(C)C=C)C)C,13919629,ok,CMPD_51005FDAE142_6-oxocyclonerolidol.png,
1365,6287,CC(C)[C@@H](C(=O)O)N,6287,ok,CMPD_51203C371F88_L-valine.png,
1366,101416448,C[C@@H]1C=CC=C2[C@]1(CCC3=C(C2)OC=C3)C,101416448,ok,CMPD_51326F93EC61_hanocokinoside.png,
1367,3082427,CC1[C@](O1)(CC[C@@H](C)[C@H]2CC[C@@H]3[C@@]2(CC[C@H]4[C@H]3CC=C5[C@@]4(CC[C@@H](C5)O)C)C)C(C)C,3082427,ok,CMPD_513E0F63EBA6_fucosterol_epoxide.png,
1368,131752126,COC1=C(C=C2CCN(C3C2=C1C4=CC=CC=C4C3)C(=O)OC)O,131752126,ok,CMPD_514802DD54BC_euphelionolides_N.png,
1369,15596598,C1[C@H]([C@@H]([C@H]([C@@H](O1)O[C@@H]2[C@H]([C@@H]([C@H](O[C@H]2C3=C(C=C(C4=C3OC(=CC4=O)C5=CC(=C(C=C5)O)O)O)O)CO)O)O)O)O)O,15596598,ok,CMPD_514979F6D991_viburtinoside_II.png,
1370,162234,C1[C@@H]2[C@H]([C@H]([C@@H](O2)N3C=NC4=C(N=CN=C43)N)OC(=O)CCC(=O)O)OP(=O)(O1)O,162234,ok,CMPD_514979F6D991_viburtinoside_II.png,
1371,11470409,CC1=C(C=CC(=C1)CCCC(=O)NOC)OC,11470409,ok,CMPD_514979F6D991_viburtinoside_II.png,
1372,100067,COC1=CC(=CC(=C1O)OC)C2C3COC(C3CO2)C4=CC(=C(C(=C4)OC)O)OC,100067,ok,CMPD_51583C2E93A7_syringaresinol.png,
1373,5364700,C/C=C/CS(=O)(=O)C1=CC=CC=C1,5364700,ok,CMPD_515A58D2C564__2E_6E_-Farnesyl_acetate.png,
1374,23494,CCCCCCCCCCCCCCCCCCCCCCCCCCCCCCCCCCCCCCCCCCCC,23494,ok,CMPD_517FE05A49ED_tetratetracontane.png,
1375,26519,CCCCCCCCCCCCCCCCCCCCCCCCCCCCCCCCCC,26519,ok,CMPD_517FE05A49ED_tetratetracontane.png,
1376,11462444,CC(CCC1=CC=C(N1C)C(=O)CCCCC2=CC=CC=C2)(CO)NC,11462444,ok,CMPD_5192F87C1232_maesasaponin_IV.png,
1377,10748,COC1=CC2=C(C=C1)C=CC(=O)O2,10748,ok,CMPD_519C08B7D729_7-methoxycoumarin.png,
1378,6440397,C1=CC(=C(C=C1/C=C/C(=O)O[C@H]([C@H](C(=O)O)O)C(=O)O)O)O,6440397,ok,CMPD_51AB89A31DDB_caftaric_acid.png,
1379,10141648,CC1=C(C=CC(=C1)OCC2=C(SC(=C2)C3=CC=C(C=C3)C(F)(F)F)C4=CC=CC=C4)OCC(=O)O,10141648,ok,CMPD_51C41C1EE34D_helioscopinins_B.png,
1380,61098,CCC(=O)OC(C)(CCC=C(C)C)C=C,61098,ok,CMPD_522632EB195D_linalyl_propionate.png,
1381,10743,COC1=CC(=CC(=C1O)OC)C=CC(=O)O,10743,ok,CMPD_524FDF4B10B9_Sinapic_acid.png,
1382,637775,COC1=CC(=CC(=C1O)OC)/C=C/C(=O)O,637775,ok,CMPD_524FDF4B10B9_Sinapic_acid.png,
1383,7005,C1=CC=C2C(=C1)C=CC=C2O,7005,ok,CMPD_529E302F229D_1-Naphthol.png,
1384,10445414,C/C/1=C\CC[C@@]2([C@@H](O2)[C@@H]3[C@@H](CC1=O)C(=C)C(=O)O3)C,10445414,ok,CMPD_529F72A9F4F2_Parthenolid-9-one.png,
1385,5282109,CC(=CCC/C(=C/COC=O)/C)C,5282109,ok,CMPD_52AF11D887FB_geranyl_formate.png,
1386,5753,C[C@]12CCC(=O)C=C1CC[C@@H]3[C@@H]2[C@H](C[C@]4([C@H]3CC[C@@H]4C(=O)CO)C)O,5753,ok,CMPD_52C1431011C2_Corticosterone.png,
1387,70813,C=CC#CC1=CC=C(S1)C2=CC=CS2,70813,ok,CMPD_52D3EF15FE39_5-_but-3-en-1-ynyl_-2_2_-bithiophene.png,
1388,101416453,CCC(/C=C/C(C)(CC(=O)O)O)C(C)C,101416453,ok,CMPD_52D3EF15FE39_5-_but-3-en-1-ynyl_-2_2_-bithiophene.png,
1389,136126988,COC1=C(C=C(C=C1)C2=CC(=C3C(=CC(=CC3=O)O)O2)O)C4=C(C=C(C5=C4OC(=CC5=O)C6=CC=C(C=C6)O)O)O,136126988,ok,CMPD_52F86ADDAA5E_4-methylamentoflavone.png,
1390,131752172,C1=CC(=CC=C1/C=C/C(=O)OCC2C(C(C(C(O2)OC3=CC(=C4C(=C3)OC(=CC4=O)C5=CC=C(C=C5)O)O)O)O)O)O,131752172,ok,CMPD_53015DCB5511_terniflorin.png,
1391,10141655,C1CN(CCC1C2=CN(C3=CC=CC=C32)CC4=CC5=C(C=C4)OCO5)CCOC6=CC=CC=C6C(=O)O,10141655,ok,CMPD_53227063974E_Tragoponol.png,
1392,1110,C(CC(=O)O)C(=O)O,1110,ok,CMPD_533958A2148A_succinic_acid.png,
1393,3873459,CC(=CCOC1=C(C=C2C=CC(=O)OC2=C1)O)C,3873459,ok,CMPD_5349BA18CE21_Prenyletin.png,
1394,72310,COC1=C(C2=C[N+]3=C(C=C2C=C1)C4=CC(=C(C=C4CC3)OC)O)OC,72310,ok,CMPD_535C197806A8_columbamine.png,
1395,534406,CCCCCCCCCCCCC(CC)OC(=O)C(F)(F)F,534406,ok,CMPD_5362D168A934_3-Trifluoroacetoxypentadecane.png,
1396,2537,CC1(C2CCC1(C(=O)C2)C)C,2537,ok,CMPD_537FBECF7A4A_camphor.png,
1397,5316141,COC1=C(C=CC2=C1OCO2)CC=C,5316141,ok,CMPD_538928C18D16_Croweacin.png,
1398,5362660,CCCCCN(CCCCC)C(=S)[S],5362660,ok,CMPD_5398233C53CC__Z_-3-hexenyl_formate.png,
1399,5363024,CC1CN(CC(N1)C)C(=S)N/N=C(/C)\C2=CC=CC=N2,5363024,ok,CMPD_5398233C53CC__Z_-3-hexenyl_formate.png,
1400,5284507,CC(=CCC/C(=C/CCC(C)(C=C)O)/C)C,5284507,ok,CMPD_53A6BB92782E_E_-nerolidol.png,
1401,643757,C(/C(=C/C(=O)O)/C(=O)O)C(=O)O,643757,ok,CMPD_53C25B0CF64A_cis-aconitate.png,
1402,13943205,C=C1C[C@@H]([C@@H]2[C@@H]([C@@H]3[C@H]1C[C@@H](C3=C)O)OC(=O)C2=C)O,13943205,ok,CMPD_53C7C4A5A9F4_Deacyl_cynaropicrin.png,
1403,44581450,CCCCC/C=C\C=C\C(C/C=C\C/C=C\C/C=C\CCCCC(=O)O)O,44581450,ok,CMPD_53CFE7B2E105_Oxylipins.png,
1404,5319019,C[C@H]1CC[C@H]2C[C@]3([C@@H]1CCC3C)OC2(C)C,5319019,ok,CMPD_53D2C3EDB981_3-oxo-tirucallic_acid.png,
1405,92998,CC(C)C1CCC2(C(C1=O)O2)C,92998,ok,CMPD_53E45E45A250_piperitenone_oxide.png,
1406,61942,CC(=C1CCC2(C(C1=O)O2)C)C,61942,ok,CMPD_53E45E45A250_piperitenone_oxide.png,
1407,10141651,C[C@@H](C(=O)NC1C(=O)N(C2=CC=CC=C2C(=N1)C3=CC=CC=C3)C)NC(=O)CC4=CC5=C(C=C4)OCO5,10141651,ok,CMPD_53FA398EC2CC_Aculebiphenyl_B.png,
1408,1130,CC1=C(SC=[N+]1CC2=CN=C(N=C2N)C)CCO,1130,ok,CMPD_54164C3DB2C5_vitamin_B1.png,
1409,7463,CC1=CC=C(C=C1)C(C)C,7463,ok,CMPD_546A3D50EA8A_para-cymene.png,
1410,21636084,C1=CC(=CC=C1[C@H]2[C@@H](C(=O)C3=C(C=C(C=C3O2)O)O)[C@H]4[C@H](OC5=CC(=CC(=C5C4=O)O)O)C6=CC=C(C=C6)O)O,21636084,ok,CMPD_547393ACC11C_neochamaejasmin_B.png,
1411,15558434,C[C@]12CC[C@@H](C(C1CC[C@@]3(C2CC=C4[C@]3(C[C@H](C5(C4CC([C@H]([C@@H]5O)O)(C)C)CO)O)C)C)(C)C)O,15558434,ok,CMPD_5484B1B514BB_Labdanoic_acid.png,
1412,13919424,C[C@@H]1CCC(=O)[C@@H]([C@@]1(C)CCC2=CC=C(C=C2)OC)C,13919424,ok,CMPD_548BD67DC579_Antirrhide.png,
1413,11451555,CC1=CC=C(C=C1)S(=O)(=O)N[C@@H](C2=CC=CC3=CC=CC=C32)[C@H](CO)O,11451555,ok,CMPD_548BD67DC579_Antirrhide.png,
1414,44259837,CC1[C@@H]([C@@H](C([C@@H](O1)OC2=C(C(=C3C(=C2)OC(=C(C3=O)O[C@H]4[C@H](C([C@H](C(O4)C)O)O)O)C5=CC(=C(C=C5)O)O)O)OC)O)OC(=O)C)O,44259837,ok,CMPD_549712BDFA29_Tergallic_acid_dilactone.png,
1415,6199,C1=CC(=O)OC2=CC3=C(C=CO3)C=C21,6199,ok,CMPD_54A8331F9D80_Psoralen.png,
1416,101316804,CC(=CC(=O)O[C@@H]1CC(C[C@@H]2[C@]1(CC[C@@]3(C2=CC[C@H]4[C@]3(CC[C@@H]5[C@]46CC[C@@](C5(C)C)(OC6)O)C)C)C(=O)O)(C)C)C,101316804,ok,CMPD_54AD7449FD59_lantanilic_acid.png,
1417,71720840,COC(=O)C1(C[C@H](C([C@@H](C1)O)OC(=O)/C=C/C2=CC(=C(C=C2)O)O)O)O,71720840,ok,CMPD_54CC2CF5A152_4-O-caffeoylquinic_acid_methyl_ester.png,
1418,5280372,COC1=C(C=CC(=C1)/C=C/CO)O[C@H]2[C@@H]([C@H]([C@@H]([C@H](O2)CO)O)O)O,5280372,ok,CMPD_54D911BA0EF2_Abietin.png,
1419,5352876,CC/C=C/C=C/C(=O)C,5352876,ok,CMPD_54D957365E6D_3_5-octadien-2-one.png,
1420,36586,CC(=O)C1=CC(=C(C(=C1)O)O)O,36586,ok,CMPD_555A805D3C0E_3_4_5-trihydroxyacetophenone.png,
1421,5321270,CC1CC(C23CCCN4[C@@]2(CCC4)C(=O)CC3[C@@H]1O)O,5321270,ok,CMPD_557C9A09C1EE_9_12-Octadecadienoic_acid_z_z.png,
1422,363268,CC1=CC2=C(C(=C1)O)C(=O)C3=C(C2(C4C(C(C(C(O4)CO)O)O)O)O)C=CC(=C3O)C5(C6=C(C(=CC=C6)O)C(=O)C7=C5C=C(C=C7O)C)O,363268,ok,CMPD_55858387A7A3_Ramosin.png,
1423,65126,CC(C)C1=C(C(=C2C(=C1)CC[C@@H]3[C@@]2(CCCC3(C)C)C(=O)O)O)O,65126,ok,CMPD_559959B4AE90_Carnosic_acid.png,
1424,3083834,CC1=CC=C(C=C1)[C@@H](C)CCC=C(C)C,3083834,ok,CMPD_55A75F561FB8_Ar-curcumene.png,
1425,92139,CC1=CC=C(C=C1)C(C)CCC=C(C)C,92139,ok,CMPD_55A75F561FB8_Ar-curcumene.png,
1426,148421,CC1=CC2=C(C(=C1CCO)C)C(=O)[C@]([C@H]2O)(C)CO,148421,ok,CMPD_55A75F561FB8_Ar-curcumene.png,
1427,155165,COC1=C(C=CC(=C1)CC[C@H](CC(=O)CCC2=CC=CC=C2)O)O,155165,ok,CMPD_55B1613568F6_1_2_4-Trithiolane.png,
1428,158539,C[C@@]1(CC[C@H]2C(=CC[C@@H]3[C@@]2(CCC[C@]3(C)CO)C)C1)C=C,158539,ok,CMPD_55C5CE37B75A_Akhdarenol.png,
1429,101297608,C[C@@H]1CC[C@H]2[C@H]3N1[C@@]45[C@H]6CC[C@H]([C@H]([C@@H]6[C@H](C(=C4[C@@]2(C[C@H]5C3)OC(=O)C)C(=O)OC)OC(=O)C)OC(=O)C7=CC=CC=C7)OC(=O)C,101297608,ok,CMPD_55D8428AF9C4_Silenegallisaponin_G.png,
1430,16046185,CC(C)[C@@H]1CCC(=C)[C@@H]2CC[C@]([C@H]2[C@@H]1O)(C)O,16046185,ok,CMPD_55ECD0597B1A_teucladiol.png,
1431,5281800,C[C@H]1[C@@H]([C@H]([C@H]([C@@H](O1)O[C@@H]2[C@H]([C@@H](O[C@@H]([C@H]2OC(=O)/C=C/C3=CC(=C(C=C3)O)O)CO)OCCC4=CC(=C(C=C4)O)O)O)O)O)O,5281800,ok,CMPD_55FE6DF8D112_verbascoside.png,
1432,101511210,CN(CCOC)C1=CCCC1,101511210,ok,CMPD_5603431E3B20_5_7_3_-trihydroxy-4_5_6-trimethoxyflavone.png,
1433,114633,C1=CO[C@@H](C([C@@H]1O)O)CO,114633,ok,CMPD_5615951B7823_Diphenyliodinium_bromide.png,
1434,73568,C1[C@@H]2[C@H]([C@@H]([C@H]([C@@H](O2)OC(=O)C3=CC(=C(C(=C3)O)O)O)O)OC(=O)C4=CC(=C(C(=C4C5=C(C(=C(C=C5C(=O)O1)O)O)O)O)O)O)O,73568,ok,CMPD_56213A1AB1BA_corilagin.png,
1435,536420,C1C(CC(=O)C2=C1N(C3=C(C2=O)C=C(C=C3)Cl)O)C4=CC(=CC=C4)Br,536420,ok,CMPD_562BE2679EB5_3-_3-bromophenyl_-7-chloro-3_4-dihydro-10-hydroxy-1_9_2H_10H_-acridinedione.png,
1436,102213708,C[C@H]1CC[C@@H]([C@H](C1)OC(=O)[C@H]2CCCP2C3=CC=CC=C3)C(C)C,102213708,ok,CMPD_56367B43E03B_Euphoscopin_F.png,
1437,73179,C1[C@H]([C@@H](OC(=O)C2=CC(=C(C(=C2C3=C(C(=C(C=C3C(=O)O1)O)O)O)O)O)O)[C@@H]([C@H](C=O)OC(=O)C4=CC(=C(C(=C4)O)O)O)OC(=O)C5=CC(=C(C(=C5)O)O)O)O,73179,ok,CMPD_563AD0EDE80F_tellimagrandin.png,
1438,149830,C1=CC(=CC2=C3C=CC4=C5C3=C(C=CC5=C6C=C(C=CC6=C4)F)C=C21)F,149830,ok,CMPD_563AD0EDE80F_tellimagrandin.png,
1439,149721,CN(C)C1=CC(=NS(=O)(=O)C)C=CC1=NC2=C3C=CC(=CC3=NC4=CC=CC=C42)N(O)O,149721,ok,CMPD_563AD0EDE80F_tellimagrandin.png,
1440,151590,C1C2C(C(C(C(O2)OC(=O)C3=CC(=C(C(=C3)O)O)O)OC(=O)C4=CC(=C(C(=C4)O)O)O)OC(=O)C5=CC(=C(C(=C5)O)O)O)OC(=O)C6=CC(=C(C(=C6C7=C(C(=C(C=C7C(=O)O1)O)O)O)O)O)O,151590,ok,CMPD_563AD0EDE80F_tellimagrandin.png,
1441,609840,CN1CCC2=CC3=C(C=C2C4C1C5=C(C(O4)O)C6=C(C=C5)OCO6)OCO3,609840,ok,CMPD_563F373B0DD0_isorhoeagenine.png,
1442,102434450,COC(=O)C1=C(NC(=C1C(=O)OC)C(=O)OC)C2=CC=CC3=CC=CC=C32,102434450,ok,CMPD_5649F2017729_Nortrachelogenin-4_4_-di-O-_-D-glucopyranoside.png,
1443,656760,C[C@H]1[C@@H]([C@H]([C@H]([C@@H](O1)O[C@@H]2[C@H]([C@H]([C@H](O[C@H]2O[C@@H]3[C@H]([C@@H]([C@H](O[C@H]3O[C@H]4CC[C@]5([C@H]([C@@]4(C)CO)CC[C@@]6([C@@H]5CC=C7[C@]6(CC[C@@]8([C@H]7CC(CC8=O)(C)C)C)C)C)C)C(=O)O)O)O)CO)O)O)O)O)O,656760,ok,CMPD_566A57372DD6_Dehydrosoyasaponin_I.png,
1444,11240513,CC1=C[C@H]2C[C@@H](C1)C2(C)C,11240513,ok,CMPD_566F99D26BB6_a-pinene.png,
1445,11267104,CCC(=O)NC1=CC(=NC(=N1)C2=CC=C(O2)Cl)N3C=CC=N3,11267104,ok,CMPD_5672262277D7_Sanguiin_H-6.png,
1446,16130897,C1[C@@H]2[C@H]([C@H]3[C@H]([C@@H](O2)OC(=O)C4=CC(=C(C(=C4)OC5=C(C(=C(C6=C5C(=O)O[C@@H]7[C@@H](COC(=O)C8=CC(=C(C(=C86)O)O)O)O[C@@H]([C@H]9[C@H]7OC(=O)C2=CC(=C(C(=C2C2=C(C(=C(C=C2C(=O)O9)O)O)O)O)O)O)OC(=O)C2=CC(=C(C(=C2)O)O)O)O)O)O)O)O)OC(=O)C2=CC(=C(C(=C2C2=C(C(=C(C=C2C(=O)O3)O)O)O)O)O)O)OC(=O)C2=CC(=C(C(=C2C2=C(C(=C(C=C2C(=O)O1)O)O)O)O)O)O,16130897,ok,CMPD_5672262277D7_Sanguiin_H-6.png,
1447,149845,CC(C)P(=O)(C1=CC=CC=C1)OC2=CC=C(C=C2)[N+](=O)[O-],149845,ok,CMPD_5672262277D7_Sanguiin_H-6.png,
1448,131752118,CC1(CCC2(CCC3(C(=CCC4C3(CCC5C4(CCC(C5(C)C)OC)C)C)C2C1)C)C(=O)OC6C(C(C(C(O6)CO)O)O)O)C,131752118,ok,CMPD_567BC1C77528_euphelionolides_F.png,
1449,348154,C1=CC(=C(C=C1CCC(=O)O)O)O,348154,ok,CMPD_56941DAB7E43_Hydrocaffeic_acid.png,
1450,12389,CCCCCCCCCCCCCC,12389,ok,CMPD_5697C42CF4F1_tetradecane.png,
1451,73635,COC1=C(C=CC(=C1)[C@@H]2CC(=O)C3=C(C=C(C=C3O2)O)O)O,73635,ok,CMPD_56BAF105EFEA_Homoeriodictyol.png,
1452,439622,C1=CC(=CC=C1C=C2C(=O)C(=C(O2)O)C3=CC=C(C=C3)O)O,439622,ok,CMPD_56C076264468_Cycloartane.png,
1453,131751515,CCC(C)(C/C(=N\OS(=O)(=O)O)/SC1C(C(C(C(O1)CO)O)O)O)O,131751515,ok,CMPD_56C9BC379A74_20_24-Dihydroxyecdysone.png,
1454,5281699,COC1=C(C=C(C=C1)C2=C(C(=O)C3=C(C=C(C=C3O2)O)O)O)O,5281699,ok,CMPD_56F783A60948_Tamarixetin.png,
1455,441432,C([C@@H]1[C@H]([C@@H]([C@H]([C@@H](O1)O)O[C@H]2[C@@H]([C@H]([C@@H]([C@H](O2)CO)O)O)O)O)O)O,441432,ok,CMPD_57085158388B_N-Methylcytisine.png,
1456,234566,CN1CC2CC(C1)C3=CC=CC(=O)N3C2,234566,ok,CMPD_57085158388B_N-Methylcytisine.png,
1457,10816,C1=CC(=CC=C1C(=O)NN)Cl,10816,ok,CMPD_572F691FDAD0_4-Phenyl-2-butanone.png,
1458,115359,CC(C)(CCCCN1C(=O)C2=C(N=CN2)N(C1=O)C)O,115359,ok,CMPD_573C49BB0438_secoisolariciresinol_9_9-diglucoside.png,
1459,101831204,CCCCCCCCCCCCCCCCCCCCCCC(=O)O[C@@H]1[C@@H](COC[C@H]([C@H]1O)O)O,101831204,ok,CMPD_574462EBA12E_fertidin.png,
1460,5481882,C1[C@@H]([C@@H]([C@H]([C@@H](O1)OC2=C(OC3=CC(=CC(=C3C2=O)O)O)C4=CC=C(C=C4)O)O)O)O,5481882,ok,CMPD_57681DF12F1C_3-O-alpha-L-arabinopyranosyl_kaempferol.png,
1461,10115054,COC1=C2C(=C(C=C1)N3CCOCC3)SC(=N2)NC(=O)C4=CC(=NC=C4)CN5CCCC5,10115054,ok,CMPD_5791F33E8226_atropurpurin_A.png,
1462,14214717,C/C=C/O[C@H]1[C@@H]([C@@H]([C@H]([C@@H](O1)C)OCC2=CC=CC=C2)O[C@H]3[C@@H]([C@H]([C@@H]([C@H](O3)COC(=O)C)OC(=O)C)OC(=O)C)N4C(=O)C5=CC=CC=C5C4=O)OC(=O)C6=CC=CC=C6,14214717,ok,CMPD_5793D32D36DF_23-hydroxy-2-tricosanone.png,
1463,91461,C1CCN2CCC[C@H]([C@H]2C1)CO,91461,ok,CMPD_57994EA23D8B_lupinine.png,
1464,102146908,C1=CC=NC(=C1)C2=CC(=C(C=[C-]2)F)F,102146908,ok,CMPD_57C5CB3BB82D_beta-2-Himachalen-6-ol.png,
1465,369312,CC(=C)[C@H]1CCC(=CC1)CO,369312,ok,CMPD_57CA39441BB3_Perilla_alcohol.png,
1466,10091372,CC1=NC2=CC=CC=C2C(=C1)OCC3=CC=C(C=C3)C4=CC=CC=C4C(=O)OC,10091372,ok,CMPD_57D17C130452_Linarioside.png,
1467,15559404,CC[C@H](CC[C@@H](C)[C@H]1CC[C@@H]2[C@@]1(CC[C@H]3[C@@H]2CC[C@H]4[C@@]3(CC[C@@H](C4)O)C)C)C(C)C,15559404,ok,CMPD_57D17C130452_Linarioside.png,
1468,5367785,C/C=C(\C)/C(=O)OC/C=C(\C)/CCC=C(C)C,5367785,ok,CMPD_58084C429544_geranyl_tiglate.png,
1469,5317770,CC1(C2CCC3(C(C2(CC(C1O[C@H]4[C@@H]([C@H]([C@@H]([C@H](O4)C(=O)O)O)O)O)O)C)C=CC5=C6CC(C(CC6(CCC53C)C)O[C@H]7[C@@H]([C@H]([C@@H]([C@H](O7)C(=O)O)O)O)O)(C)C(=O)O)C)C,5317770,ok,CMPD_58091C644BDF_alpha-Phellandren-8-ol.png,
1470,6439941,C1=CC(=CC=C1/C=C/C(=O)OC[C@@H]2[C@H]([C@@H]([C@H]([C@@H](O2)OC3=CC(=C4C(=C3)OC(=CC4=O)C5=CC=C(C=C5)O)O)O)O)O)O,6439941,ok,CMPD_5816D4A14015_Apigenin-7-O-6-O-E-p-coumaroyl-glucopyranoside.png,
1471,10056061,C1[C@@H]2[C@H]([C@@H]([C@H]([C@@H](O2)OC(=O)C3=CC(=C(C(=C3)O)O)O)O)OC(=O)C4=CC(=C(C(=C4)O)O)O)OC(=O)C5=CC(=C(C(=C5C6=C(C(=C(C=C6C(=O)O1)O)O)O)O)O)O,10056061,ok,CMPD_58376AD7173C_digalloyl-HHDP-glucoside.png,
1472,5367460,CC/C=C\C/C=C\C/C=C\CCCCCCCC(=O)OCC,5367460,ok,CMPD_587814A9C711_9_12_15-octadecatrienoic_acid_ethyl_ester.png,
1473,439640,C[C@H](CCC[C@H](C)CCCC(C)C)CCC[C@H](C)CC(=O)SCCNC(=O)CCNC(=O)C(C(C)(C)COP(=O)(O)OP(=O)(O)OC[C@@H]1[C@H]([C@H]([C@@H](O1)N2C=NC3=C(N=CN=C32)N)O)OP(=O)(O)O)O,439640,ok,CMPD_58AB98A3E923_Benzyl-O-_-D-glucopyranoside.png,
1474,6911854,C=CC/C(=N\OS(=O)(=O)O)/S[C@H]1[C@@H]([C@H]([C@@H]([C@H](O1)CO)O)O)O,6911854,ok,CMPD_58B69537F9DC_Sinigrin.png,
1475,5318769,CC(=C)C1CN[C@@H](C1CC(=O)O)C(=O)O,5318769,ok,CMPD_58D41691485A_kaempferol_rutinoside.png,
1476,12304093,C1=CC(=CC=C1C2=CC(=O)C3=C(C=C(C=C3O2)OC4[C@@H]([C@H]([C@@H]([C@H](O4)CO)O)O)O)O)O,12304093,ok,CMPD_58D4BFE8AE1C_apigenin_7-O-glycoside.png,
1477,5281781,COC1=CC=C(C=C1)C2=COC3=C(C2=O)C(=C(C(=C3)O)OC)O,5281781,ok,CMPD_58DC51E776E3_3_4-Dicaffeoylquinic_acid.png,
1478,14122115,CCCCCCCCCCCCOC1=CC=C(C=C1)C(=O)SC2=CC=C(C=C2)C[C@@H](C)CC,14122115,ok,CMPD_58E8D1BD97EB_Geraniin.png,
1479,436918,CC1C=CC=CN1C2CCC3=CC=CC=C3C2=O,436918,ok,CMPD_58EF83EDC81D_Carotene.png,
1480,6419725,CC1=C(C(CCC1)(C)C)/C=C/C(=C/C=C/C(=C/C=C/C=C(\C)/C=C/C=C(\C)/C=C/[C@H]2C(=CCCC2(C)C)C)/C)/C,6419725,ok,CMPD_58EF83EDC81D_Carotene.png,
1481,442424,COC(=O)C1=CO[C@H]([C@H]2[C@@H]1CC=C2CO)O,442424,ok,CMPD_58F8BCAE7E2B_genipin.png,
1482,72193646Â,,72193646Â,failed,,400 Client Error: PUGREST.BadRequest for url: https://pubchem.ncbi.nlm.nih.gov/rest/pug/compound/cid/72193646%C3%82/PNG?image_size=500x500
1483,5484202,CC[C@H](CC[C@@H](C)[C@H]1CC[C@@H]2[C@@]1(CC[C@H]3[C@H]2CCC4=CC(=O)CC[C@]34C)C)C(C)C,5484202,ok,CMPD_59028DE1605D_Sitostenone.png,
1484,92830,C1=CC(=CC=C1C=CC2=CC=C(C=C2)O)O,92830,ok,CMPD_59028DE1605D_Sitostenone.png,
1485,72506,COC1=C(C=C2[C@H]([C@@H]3COC(=O)[C@@H]3CC2=C1)C4=CC(=C(C=C4)O)OC)O,72506,ok,CMPD_59349BC9C0E3_Conidendrin.png,
1486,71307567,C[C@H]1[C@@H]([C@H]([C@H]([C@@H](O1)O[C@@H]2[C@H]([C@H](CO[C@H]2O[C@H]3CC[C@]4([C@H]([C@]3(C)CO)CC[C@@]5([C@@H]4CC=C6[C@]5(CC[C@@]7([C@H]6CC(CC7)(C)C)C(=O)O[C@H]8[C@@H]([C@H]([C@@H]([C@H](O8)CO[C@H]9[C@@H]([C@H]([C@@H]([C@H](O9)CO)O)O)O)O)O)O)C)C)C)O)O)O)O[C@H]1[C@@H]([C@H]([C@@H]([C@H](O1)CO)O[C@H]1[C@@H]([C@H]([C@@H]([C@H](O1)CO)O)O)O)O)O)O,71307567,ok,CMPD_593F3A052EEF_macranthoidin_B.png,
1487,154417,CN1[C@@H]2CC[C@H]1CC(C2)OC(=O)[C@H](CO)C3=CC=CC=C3,154417,ok,CMPD_594238774A29_Hyoscyamine.png,
1488,9881148,C=CCSS/C=C\CS(=O)CC=C,9881148,ok,CMPD_594EA336451F__Z_-ajoene.png,
1489,12315492,C[C@@H](CCC=C(C)C)[C@H]1CCC(=C)C=C1,12315492,ok,CMPD_5973651E7281_Beta-sesquiphellandrene.png,
1490,102213134,CCCCCCCCCCCCCCCCOCCOCCOCCOCCOCCOCCOCCOCCOCCOCCOS(=O)(=O)[O-],102213134,ok,CMPD_59864790C251_geranioside_A.png,
1491,439306,C([C@@H]1[C@H]([C@@H]([C@H](C(O1)O)O)OC2[C@@H]([C@H]([C@@H]([C@H](O2)CO)O)OC3[C@@H]([C@H]([C@@H]([C@H](O3)CO)O)O)O)O)O)O,439306,ok,CMPD_599708BABA66_laminarin.png,
1492,1183,COC1=C(C=CC(=C1)C=O)O,1183,ok,CMPD_599E9EF3575A_Vanillic_aldehyde.png,
1493,25080064Â,,25080064Â,failed,,400 Client Error: PUGREST.BadRequest for url: https://pubchem.ncbi.nlm.nih.gov/rest/pug/compound/cid/25080064%C3%82/PNG?image_size=500x500
1494,537233,CCC(=O)CCCCCCCCC(=O)C,537233,ok,CMPD_59AAB946F512_2-methyloctyl_acetate.png,
1495,17785347,CCCCCCC(C)COC(=O)C,17785347,ok,CMPD_59AAB946F512_2-methyloctyl_acetate.png,
1496,94221,CC1=CC[C@H](C[C@@H]1O)C(=C)C,94221,ok,CMPD_59B91D23495D_trans-carveol.png,
1497,5462286,C1=NC2=[N+](C=NC(=C2N1)N)[C@H]3[C@@H]([C@@H]([C@H](O3)COP(=O)(O)O[Se](=O)(=O)[O])OP(=O)(O)O)O,5462286,ok,CMPD_59F799E237DB_3-methylsulphinylpropylglucosinolate.png,
1498,12071382,C[C@]12CCC(=O)C([C@@H]1CC[C@@]3([C@@H]2CC[C@H]4[C@]3(CC=C4)C)C)(C)C,12071382,ok,CMPD_5A1FCF6BEDC6_mansumbinone.png,
1499,146798,C1[C@@H]([C@H](OC2=C1C(=CC(=C2[C@H]3[C@@H]([C@H](OC4=CC(=CC(=C34)O)O)C5=CC(=C(C=C5)O)O)O)O)O)C6=CC(=C(C=C6)O)O)O,146798,ok,CMPD_5A2B94B1859B_procyanidin_B3.png,
1500,11227325,CC1=C(C(C[C@@H](C1)O)(C)C)C#C/C(=C/C=C/C(=C/C=C/C=C(\C)/C=C/C=C(\C)/C(=O)/C=C\2/[C@](C[C@H](CC2(C)C)O)(C)O)/C)/CO,11227325,ok,CMPD_5A39344321A2_carotenoid.png,
1501,157010307,CC(C)C(C)CCC(C)C1CCC2[C@@]1(CCC3C2CCC4C3(CC[C@@H](C4)OC(=O)/C=C/C5=CC(=C(C=C5)O)OC)C)C,157010307,ok,CMPD_5A394E03FFEC_buddlenol_D.png,
1502,101460591,CC(C)[C@@H]1C[C@H]([C@@]2([C@@H]3[C@H]1C(=O)C2([C@H](C3)O)C)C)O,101460591,ok,CMPD_5A481BE351AA_Isolarrien.png,
1503,122822,COC(=C1C=C2C3=CC=CC=C3N=C2C(=C(O)OC)C=C4C1=NC5=CC=CC=C54)O,122822,ok,CMPD_5A49C0881273_alpha-amyrin_acetate.png,
1504,92842,C[C@@H]1CC[C@@]2(CC[C@@]3(C(=CC[C@H]4[C@]3(CC[C@@H]5[C@@]4(CC[C@@H](C5(C)C)OC(=O)C)C)C)[C@@H]2[C@H]1C)C)C,92842,ok,CMPD_5A49C0881273_alpha-amyrin_acetate.png,
1505,171120371,C=C(/C=C/CC1=CC(=C(C=C1)O)O)O[C@@H]2[C@H](O[C@H]([C@@H]([C@H]2O)O)OC[C@@H]3[C@H]([C@@H]([C@H]([C@@H](O3)OC4=CC(=C5C(=C4)OC(=CC5=O)C6=CC(=C(C=C6)O)O)O)O)O)O)CO,171120371,ok,CMPD_5A62D63E022B_implexaflavone.png,
1506,11962143,COC1=C(C=CC(=C1)O[C@H]2[C@@H]([C@H]([C@@H]([C@H](O2)CO)O)O)O)O,11962143,ok,CMPD_5A65C854FDDA_tachioside.png,
1507,442333,CN1CCC2=CC(=C(C3=C2[C@@H]1CC4=CC=C(C=C4)OC5=C(C=CC(=C5)C[C@@H]6C7=CC(=C(C=C7CCN6C)OC)O3)O)OC)OC,442333,ok,CMPD_5A71C9BE6D21_oxyacanthine.png,
1508,5282160,C1=CC(=C(C=C1C2=C(C(=O)C3=C(C=C(C=C3O2)O[C@H]4[C@@H]([C@H]([C@@H]([C@H](O4)CO)O)O)O)O)O)O)O,5282160,ok,CMPD_5A75879D9C3D_7-O-glucoside_quercetin.png,
1509,5281691,COC1=CC(=C2C(=C1)OC(=C(C2=O)O)C3=CC(=C(C=C3)O)O)O,5281691,ok,CMPD_5A75879D9C3D_7-O-glucoside_quercetin.png,
1510,6038,C1=CC=C2C(=C1)C=CC(=O)N2,6038,ok,CMPD_5A7619040504_2_1H_-quinolinone.png,
1511,5358363,CCCC/C=C/C(=O)OCC,5358363,ok,CMPD_5A78C2FF4231__E_-2-heptenoic_acid_ethyl_ester.png,
1512,14035654,CC1=CC=C(C=C1)S(=O)(=O)OC[C@H](C)CCC[C@H](C)COCOCCOC,14035654,ok,CMPD_5AAF6AE841FA_1-O-acetyl_prinsepiol.png,
1513,4962363,COC(=O)CCCN=C=S,4962363,ok,CMPD_5ABC9C6413CC_Methyl_4-isothiocyanatobutyrate.png,
1514,131752591,C1C2C(C(C(C(O2)OC(=O)C3=CC(=C(C(=C3)OC4=C(C(=C(C5=C4C(=O)OC6C(COC(=O)C7=CC(=C(C(=C75)O)O)O)OC(C8C6OC(=O)C9=CC(=C(C(=C9C2=C(C(=C(C=C2C(=O)O8)O)O)O)O)O)O)OC(=O)C2=CC(=C(C(=C2)O)O)O)O)O)O)O)O)O)O)OC(=O)C2=CC(=C(C(=C2C2=C(C(=C(C=C2C(=O)O1)O)O)O)O)O)O,131752591,ok,CMPD_5AEAC37CAD6D_Sanguiin_H-10.png,
1515,101183351,CCON(C1=CC=CC=C1)C(=O)[C@@H]2C[C@H]3C[C@@H]2C=C3,101183351,ok,CMPD_5AEAC37CAD6D_Sanguiin_H-10.png,
1516,104719,CCN(CC)C1=C(C=C(C(=C1)NC(=O)C)N=NC2=C(C=C(C=C2I)[N+](=O)[O-])[N+](=O)[O-])OC,104719,ok,CMPD_5AF2659C77B6_Spirostane.png,
1517,6540709,C/C=C(/C)\C(=O)O[C@H]1[C@@H]([C@@]2([C@@H](C[C@@]3(C(=CCC4[C@]3(CCC5[C@@]4(CC[C@@H]([C@]5(C)CO)O[C@H]6[C@@H]([C@H]([C@@H]([C@H](O6)C(=O)O)O[C@H]7[C@@H]([C@H]([C@@H]([C@H](O7)CO)O)O)O)O)O[C@H]8[C@@H]([C@H]([C@@H]([C@H](O8)CO)O)O)O)C)C)C2CC1(C)C)C)O)CO)OC(=O)C,6540709,ok,CMPD_5AFDB01CB505_saponins.png,
1518,6428435,CC(CCC=C(C)C)[C@@]12CC[C@@](C1C2)(C)O,6428435,ok,CMPD_5B01E9B01DC2_cis-sesquisabinene_hydrate.png,
1519,101140024,[HH].C.C.[Cl-].[Pb],101140024,ok,CMPD_5B304BF4689C_alatusamine.png,
1520,443007,CN1C2CCC1CC(C2)OC(=O)C3=CC(=C(C=C3)O)OC,443007,ok,CMPD_5B6934CF6C30_phyllalbine.png,
1521,638062,C1C[C@@H]2[C@H](C1)C3CC2C3,638062,ok,CMPD_5B6B66A41751_3_4-epithiobutane_nitrile.png,
1522,637563,C/C=C/C1=CC=C(C=C1)OC,637563,ok,CMPD_5B6DE98FDF3E_trans-anethole.png,
1523,325,CC(C)C1=CC=C(C=C1)CO,325,ok,CMPD_5B7B704E4B79_cuminyl_alcohol.png,
1524,5282150,C[C@H]1[C@@H]([C@H]([C@H]([C@@H](O1)O[C@@H]2[C@H]([C@@H]([C@H](O[C@H]2OC3=CC(=C4C(=C3)OC(=CC4=O)C5=CC=C(C=C5)O)O)CO)O)O)O)O)O,5282150,ok,CMPD_5B818E0E5982_Rhoifolin.png,
1525,441082,C[C@H]1[C@H]2CC[C@@H]3[C@@]2(CC[C@H]4[C@H]3CC=C5[C@@]4(CC[C@@H](C5)N(C)C)C)CN1C,441082,ok,CMPD_5B8341D26810_neriin.png,
1526,10168646,CCCCN(C1=CC=CC(=C1)C(=O)NC(CC(C)C)C(=O)NC(CCC2=CC=CC=C2)CS(=O)(=O)NC3=CC=C(C=C3)OC)C(=O)O,10168646,ok,CMPD_5B8341D26810_neriin.png,
1527,21603207,COC1=CC(=CC(=C1O[C@H]2[C@@H]([C@H]([C@@H]([C@H](O2)CO)O)O)O)OC)[C@@H]3[C@H]4CO[C@@H]([C@H]4CO3)C5=CC(=C(C(=C5)OC)O[C@H]6[C@@H]([C@H]([C@@H]([C@H](O6)CO)O)O)O)OC,21603207,ok,CMPD_5B8D6A322ECE_liriodendrin.png,
1528,12313923,CN1CC[C@@]23C=C(C(=O)C=C2[C@@H]1CC4=CC(=C(C=C34)OC)O)OC,12313923,ok,CMPD_5B9938A85092_pallidine.png,
1529,70698091,CC(=CCC1=C(C2=C(C=C1O)OC[C@@H]3[C@H]2OC4=C3C=CC(=C4)O)OC)C,70698091,ok,CMPD_5BC2662DEF71_Edudiol.png,
1530,89594,CN1CCC[C@H]1C2=CN=CC=C2,89594,ok,CMPD_5BC91A7A94AD_nicotine.png,
1531,10183151,C1CN(CCC1NCCNC2=NC=CC(=N2)C3=CSC=C3)CC4=CC(=C(C=C4)Cl)Cl,10183151,ok,CMPD_5BE241914DBE_Silenegallisaponin_F.png,
1532,17085,CCCCCCCCCCCCCCCCCCCCCCC(=O)O,17085,ok,CMPD_5C0765F8B885_tricosanoic_acid.png,
1533,5320438,COC1=CC=C(C=C1)C2=CC(=O)C3=C(O2)C=C(C(=C3O)OC)O,5320438,ok,CMPD_5C0D42F8C40E_scutellarein_6_4_-dimethyl_ether.png,
1534,101614070,CC1(CN[P+](OC1)(N=C2C=CC(=[N+](O)[O-])C=C2)O)C,101614070,ok,CMPD_5C39E624A9B6_8alpha-Hydroxypinoresinol.png,
1535,5321435,COC1=C(C=CC(=C1)C2=C(C(=O)C3=C(O2)C=C(C(=C3O)OC)O)O)O,5321435,ok,CMPD_5C439FFC41D8_spinacetin.png,
1536,222653,CC(C(=O)NC1=CC=C(C=C1)C(=O)O)OC2=C(C=C(C=C2)Cl)Cl,222653,ok,CMPD_5C49A6EAB5DA_beta-sitosterol.png,
1537,222284,CC[C@H](CC[C@@H](C)[C@H]1CC[C@@H]2[C@@]1(CC[C@H]3[C@H]2CC=C4[C@@]3(CC[C@@H](C4)O)C)C)C(C)C,222284,ok,CMPD_5C49A6EAB5DA_beta-sitosterol.png,
1538,15560276,C[C@@H]1CC[C@@H]2[C@@H](C2(C)C)C3=C(CC[C@H]13)C,15560276,ok,CMPD_5C4EEE28E93F_alpha-gurjunene.png,
1539,5282761,CCCCCC/C=C\CCCCCCCCCC(=O)O,5282761,ok,CMPD_5C5D87257392_Cis-Vaccenic_acid.png,
1540,6427071,CC1=CC(=C(C=C1OC)C(C)C)OC,6427071,ok,CMPD_5C67ECB55EFA_2_5-dimethoxy-p-cymene.png,
1541,13585,CCCCCCCCCCCCCCCCCCOC=C,13585,ok,CMPD_5C760D3B50CD_Octadecyl_vinyl_ether.png,
1542,15243,C(C(C(C(C(C(C(=O)O)(F)F)(F)F)(F)F)(F)F)(F)F)(F)F,15243,ok,CMPD_5C760D3B50CD_Octadecyl_vinyl_ether.png,
1543,12948,COC1=CC2=C(C=CN=C2C=C1)[C@@H]([C@H]3CC4CCN3C[C@@H]4C=C)O.OS(=O)(=O)O,12948,ok,CMPD_5C760D3B50CD_Octadecyl_vinyl_ether.png,
1544,5366479,C/C(=C\CC/C(=C/C(=O)OC)/C)/CCC(C(C)(C)OC)OC(=O)CBr,5366479,ok,CMPD_5C89E8363035_3_4-Dihydro-gamma-ionone.png,
1545,10886561,CCOC(=O)CC1=C(SC(=C1[N+]2=CC=C(C=C2)C)SCC3=CC=C(C=C3)Cl)C(=O)C4=CC=CC=C4.[Br-],10886561,ok,CMPD_5CA46A82FEF8_5-Hydroxy_auranetin.png,
1546,150636,C=CC1CC=CSS1,150636,ok,CMPD_5CA9C5A6537D_3-vinyl-3_4-dihydro-1_2-dithiin.png,
1547,10168669,CCCCC1=NC2(CCCC2)C(=O)N1CC3=CC(=C(C=C3)C4=CC=CC=C4S(=O)(=O)NC5=C(C(=NO5)C)C)N(C)C(=O)C6=CN=CC=C6,10168669,ok,CMPD_5CD08C681E4C_10-hydroxylancerodiol-6-benzoate.png,
1548,5280445,C1=CC(=C(C=C1C2=CC(=O)C3=C(C=C(C=C3O2)O)O)O)O,5280445,ok,CMPD_5CD1AD44EE7D_Luteolin.png,
1549,643101,C1C=CC(=O)[C@H]1C2CC=CC2,643101,ok,CMPD_5CD4A9AB7EEE_Î_-calacorene.png,
1550,445858,COC1=C(C=CC(=C1)/C=C/C(=O)O)O,445858,ok,CMPD_5CFEA2DAAAC4_trans_ferulic_acid.png,
1551,102555365,CCC(C)C(C)NC(=O)NC1CC2CC1C3C2CCC3,102555365,ok,CMPD_5D1FEF23C5C7_Olean-12-ene-3_7_15_28-tetraol.png,
1552,101783853,C1[C@H](C=C[C@H]1O)COCC2=CC=CC=C2,101783853,ok,CMPD_5D1FEF23C5C7_Olean-12-ene-3_7_15_28-tetraol.png,
1553,12921509,CCN(CC)S(=O)(=O)C(O)P(=O)([O-])OC.[Na+],12921509,ok,CMPD_5D33F2939F23_6_-O-acetyl-daucosterol.png,
1554,2879,CC1=CC=C(C=C1)O,2879,ok,CMPD_5D577568C631_p-cresol.png,
1555,134756435,C[C@@H]1[C@H]([C@@H]([C@@H]([C@H](O1)OC2=CC(=C3C(=C2)OC(=C(C3=O)O[C@@H]4[C@H]([C@@H]([C@H]([C@@H](O4)CO)O)O)O)C5=CC(=C(C=C5)O)O)O)O)O)O,134756435,ok,CMPD_5D7D33091F69_quercetin-3-O-alpha-L-rhamnopyranoside-7-O-beta-D-glucopyranoside.png,
1556,5281243,CC1=C(C(C[C@@H](C1)O)(C)C)/C=C/C(=C/C=C/C(=C/C=C/C=C(\C)/C=C/C=C(\C)/C=C/[C@H]2C(=C[C@@H](CC2(C)C)O)C)/C)/C,5281243,ok,CMPD_5D8E47B8B14F_Lutein.png,
1557,5316819,C1=CC(=C(C=C1/C=C/C(=O)O/C=C\C2=CC(=C(C=C2)O)O)O)O,5316819,ok,CMPD_5D9A3B00A32D_Nepetoidin_B.png,
1558,52953106,C[C@H](CCC(=C)C(C)C)[C@H]1CC[C@@]2([C@@]1(CC[C@]34[C@H]2CC[C@@H]5[C@]3(C4)CC[C@@H]([C@@]5(C)CO)O)C)C,52953106,ok,CMPD_5DAB89BC3F53_24-methylenecycloartane-3_28-diol.png,
1559,443354,C1C=C([C@@H]2[C@H]1C(=CO[C@H]2O[C@H]3[C@@H]([C@H]([C@@H]([C@H](O3)CO)O)O)O)C(=O)O)CO,443354,ok,CMPD_5DBCE5F1CAE9_Geniposidic_acid.png,
1560,13991590,C1=CC(=C(C=C1C[C@H](C(=O)O)OC(=O)/C=C/C2=C3C=C(OC3=C(C=C2)O)C4=CC(=C(C=C4)O)O)O)O,13991590,ok,CMPD_5DD8D374D7CE_salvianolic_acid_C.png,
1561,10168645,C1[C@H](N[C@H](C2=C1C3=CC=CC=C3N2)C4=CC=C(C=C4)C5=CC=CC=C5)C(=O)NC(C6=CC=C(C=C6)C7=CC=CC=C7)C(=O)NCC8=CC=CC=C8,10168645,ok,CMPD_5DE45FCFCB81_coprozoic_acid.png,
1562,10183149,COC1=C(C=C2C(=C1)NC=C2C3=C(C(=O)C(=C(C3=O)O)C4=CNC5=CC(=C(C=C54)O)OC)O)O,10183149,ok,CMPD_5E0DEE7E9A3F_Gallicaside_A.png,
1563,5469796,CCCCCCCC/C=C\CCCCC[C@H](CC1=C(C=CC(=C1)O)O)O,5469796,ok,CMPD_5E4308BDE1A1_Falcarindiol.png,
1564,12403,CCCCCCCCCCCCCCCCCCCCC,12403,ok,CMPD_5E5922E34B93_n-heneicosane.png,
1565,5280637,C1=CC(=C(C=C1C2=CC(=O)C3=C(C=C(C=C3O2)O[C@H]4[C@@H]([C@H]([C@@H]([C@H](O4)CO)O)O)O)O)O)O,5280637,ok,CMPD_5E9677F796E6_luteolin-glucoside.png,
1566,10111585,C1=NC(=NN1[C@H]2[C@@H]([C@@H]([C@H](O2)COC(=O)[C@@H](CCCN=C(N)N)N)O)O)C(=O)N,10111585,ok,CMPD_5EA08C8483EF_Pluchoic_acid.png,
1567,92043450,C[C@H]1CC(=O)[C@]2([C@@H]1[C@@H](OC=C2C(=O)OC)O[C@H]3[C@@H]([C@H]([C@@H]([C@H](O3)CO)O)O)O)O,92043450,ok,CMPD_5EA1C007F0AD_hastatoside.png,
1568,10470,CCCCCCCCCCCCCCCCCCCCCCCCCCCC(=O)O,10470,ok,CMPD_5EA5BC5A1233_n-octacosanoic_acid.png,
1569,5464132,C1=CC=C2C(=C1)C(=O)C3=C(C=CC(=C3C2=O)[N+](=O)[O-])NC4=C5C(=C(C=C4)[N+](=O)[O-])C(=O)C6=CC=CC=C6C5=O,5464132,ok,CMPD_5EBA56C19483_Sinalbin.png,
1570,101037626,C1CCC(CC1)CC2=CSC(=N2)[C@H](CCC(=O)OCC3=CC=CC=C3)N,101037626,ok,CMPD_5EBA56C19483_Sinalbin.png,
1571,76956748,C[N+](C)(C)CCOC(=O)/C=C/C1=CC(=C(C(=C1)OC)O)OC.C1=CC(=CC=C1CC(=NOS(=O)(=O)[O-])S[C@H]2[C@@H]([C@H]([C@@H]([C@H](O2)CO)O)O)O)O,76956748,ok,CMPD_5EBA56C19483_Sinalbin.png,
1572,2214,CC(=O)C1=CC(=C(C=C1)O)OC,2214,ok,CMPD_5EC475005D2A_Apocynin.png,
1573,5281233,C/C(=C\C=C\C=C(\C=C\C=C(\C(=O)O[C@@H]1O[C@@H]([C@H]([C@@H]([C@H]1O)O)O)CO[C@@H]2O[C@@H]([C@H]([C@@H]([C@H]2O)O)O)CO)/C)/C)/C=C/C=C(/C(=O)O[C@@H]3O[C@@H]([C@H]([C@@H]([C@H]3O)O)O)CO[C@@H]4O[C@@H]([C@H]([C@@H]([C@H]4O)O)O)CO)\C,5281233,ok,CMPD_5EE01F7F23B5_Crocin.png,
1574,6431022,C[C@H]1CC[C@@H]2[C@H]1C(=O)OC=C2C,6431022,ok,CMPD_5F099C45C895__4aR_7S_7aS_-Nepetalactone.png,
1575,10123,CC1=CCCC2(C1CC(CC2)C(=C)C)C,10123,ok,CMPD_5F21CD9B2DD0_a-selinene.png,
1576,10471,CCCCCCCCCCCCCCCCCCCCCCCCCCCCCC(=O)O,10471,ok,CMPD_5F374045D174_Dimethylacrylic_acid.png,
1577,442422,C[C@H]1CC[C@@H]([C@@H]1C=O)C(=C)C=O,442422,ok,CMPD_5F5503852B40_Î_-eudesmol.png,
1578,73337,C[N+]1(CCC2=CC(=C(C3=C2[C@@H]1CC4=C3C(=C(C=C4)OC)O)O)OC)C,73337,ok,CMPD_5F578F31FBBB_magnoflorine.png,
1579,7428,COC(=O)C1=CC(=C(C(=C1)O)O)O,7428,ok,CMPD_5F5FD30B774B_methyl_2_3_5_6-tetrahydroxybenzoate.png,
1580,5960,C([C@@H](C(=O)O)N)C(=O)O,5960,ok,CMPD_5F6FCF64D162_Aspartic_acid.png,
1581,14081350,C[C@@H]1CC[C@@H]2[C@](O1)(C=CCC2(C)C)C,14081350,ok,CMPD_5F91641CF282_dihydroedulane_II.png,
1582,7461,CC1=CCC(=CC1)C(C)C,7461,ok,CMPD_5FADFE12DE56__-terpinene.png,
1583,12530,CCCCCCCCCCCCC(=O)O,12530,ok,CMPD_5FC54F9C5374_Tridecanoic_acid.png,
1584,15607,CCCCCCCCCCC(=O)OC,15607,ok,CMPD_5FC54F9C5374_Tridecanoic_acid.png,
1585,9601115,C1=CC(=CC=C1C/C(=N\OS(=O)(=O)O)/S[C@H]2[C@@H]([C@H]([C@@H]([C@H](O2)CO)O)O)O)O,9601115,ok,CMPD_5FCA66FAF234_Glucosinalbin.png,
1586,7408692,CC1=CC(=O)OC2=C1C=CC(=C2)NC(=O)[C@H](CC3=CC=C(C=C3)O)N,7408692,ok,CMPD_5FD0245D627B_L-tyrosine_7-amido-4-methylcoumarin.png,
1587,608504,CCCC1=CC(=CC(=N1)CCC)C2=CC=CO2,608504,ok,CMPD_5FF0B4D18154_2_6-di-n-propyl-4-_2-furyl_pyridine.png,
1588,8182,CCCCCCCCCCCC,8182,ok,CMPD_602D180AD067_n-dodecane.png,
1589,10212,CC(=CCOC1=C2C(=CC3=C1OC=C3)C=CC(=O)O2)C,10212,ok,CMPD_604651B8B01B_Furanocoumarin.png,
1590,10478550,C[C@H]1[C@@H]2[C@H]3CC[C@@H]4[C@]5(CC[C@@H](C([C@@H]5CC[C@]4([C@@]3(C[C@@H]([C@]2(CCC1=C)C)O)C)C)(C)C)O)C,10478550,ok,CMPD_604E364D1819_Arnidiol.png,
1591,11449446,CCCCCCCCCCCC[C@H]([C@H](C)C(=O)O)C(=O)O,11449446,ok,CMPD_606AC317B969_roccellic_acid.png,
1592,3084995,C1[C@@H]([C@@H]([C@H]([C@@H](O1)C2=C(C(=C3C(=C2O)C(=O)C=C(O3)C4=CC=C(C=C4)O)[C@H]5[C@@H]([C@H]([C@@H]([C@H](O5)CO)O)O)O)O)O)O)O,3084995,ok,CMPD_606B9F820ACF_Isoshaftoside.png,
1593,13943286,C[C@]12CC[C@@]34C[C@@]35CC[C@@H](C([C@@H]5[C@H](C[C@H]4[C@@]1(C[C@@H]([C@@H]2[C@]6(CC[C@H](O6)C(C)(C)O)C)O)C)O)(C)C)O,13943286,ok,CMPD_6084A1C8C6F1_Cycloastragenol.png,
1594,46211014,C[C@H]1[C@@H]([C@H]([C@H]([C@@H](O1)OC(C)(C)/C=C/C[C@@](C)([C@H]2CC[C@@]3([C@@]2(CC(=O)[C@@]4([C@H]3CC=C5[C@H]4CC[C@@H](C5(C)C)O[C@H]6[C@@H]([C@H]([C@@H]([C@H](O6)CO)O)O)O)C)C)C)O)O)O)O,46211014,ok,CMPD_609960FD3387_Bryoniaoside_A.png,
1595,97214,COC1=C(C=C(C=C1)C2=CC(=O)C3=C(C(=C(C=C3O2)OC)OC)O)O,97214,ok,CMPD_609E5BF9A85E_eupatorin.png,
1596,101456953,CC1=CC(=CC(=C1)C2=CSC(=C2C3=C(SC=C3)C4=[S+]C5=CC=CC=C5S4)C6=[S+]C7=CC=CC=C7S6)C,101456953,ok,CMPD_60A26846CA28_lathyrane.png,
1597,5320060,C1=CC(=CC=C1[C@@H]2[C@@H](C(=O)C3=C(C=C(C=C3O2)O)O)[C@H]4[C@H](OC5=CC(=CC(=C5C4=O)O)O)C6=CC=C(C=C6)O)O,5320060,ok,CMPD_60A3B6A7C13B_neochamaejasmin_A.png,
1598,162983482,CC(=C)[C@H]1CC[C@@]1(C)CCOC(=O)C,162983482,ok,CMPD_60ABB4EFF9EC_fragranyl_acetate.png,
1599,154831470,C[C@@H]1[C@H]([C@@H]([C@@H]([C@H](O1)OC[C@H]2[C@H]([C@H]([C@@H]([C@H](O2)OC3=C(OC4=CC(=CC(=C4C3=O)O)O)C5=CC(=C(C=C5)O)O)O)O)O)O)O)O,154831470,ok,CMPD_60AC43ACC0A6_Quercetin-3-O-rhamnosyl-galactoside.png,
1600,7894,CC(C)CCN,7894,ok,CMPD_60C9422F76A5_Isoamylamine.png,
1601,12304372,CN1CCC2=CC3=C(C=C2[C@H]4[C@H]1C5=C([C@H](O4)O)C6=C(C=C5)OCO6)OCO3,12304372,ok,CMPD_60CB683753AF_rhoeagenine.png,
1602,6716,CC1=CC(=O)C2=C(O1)C=C3C(=C2OC)C=CO3,6716,ok,CMPD_60D63AB37E68_Visnagin.png,
1603,549742,CC1CCC2(C(C1=O)O2)C(C)C,549742,ok,CMPD_60D73232F62D_carvenone_oxide.png,
1604,667496,C1CN2CC3=CC=CC=C3N=C2[C@H]1O,667496,ok,CMPD_60D88DA19416_vasicine.png,
1605,64945,C[C@@H]1CC[C@@]2(CC[C@@]3(C(=CC[C@H]4[C@]3(CC[C@@H]5[C@@]4(CC[C@@H](C5(C)C)O)C)C)[C@@H]2[C@H]1C)C)C(=O)O,64945,ok,CMPD_60E0D0C96854_Ursolic_acid.png,
1606,14033977,CC(=CCC1=C(C(=C(C=C1OC)OC)C(=O)/C=C/C2=CC=CC=C2)O)C,14033977,ok,CMPD_60F1380CA1CC_ovalichalcone.png,
1607,5971,C=CCN=C=S,5971,ok,CMPD_6116309181DA_Allyl_isothiocyanate.png,
1608,5355457,[Ba],5355457,ok,CMPD_611BB1C4C395_Barium.png,
1609,129315877,C1=CC=C(C=C1)C2=CN=C(N2)C3=NC=CC(=C3)C4=CC(=CN=C4)NC(=O)C5=CC=CC=C5Cl,129315877,ok,CMPD_611E8AFCEFA1_7-O-angeloyllycopsamine_N-oxide.png,
1610,5280537,COC1=C(C=CC(=C1)/C=C/C(=O)NCCC2=CC=C(C=C2)O)O,5280537,ok,CMPD_614634A75DDD_N-trans-feruloyl_tyramine.png,
1611,1742212,CC[NH+](CC)C[C@@H](CN1C(=C(C2=C1C3=CC=CC=C3C=C2)C4=CC=CC=C4)C5=CC=CC=C5)O,1742212,ok,CMPD_614BAB9A8580_Î²-caryophyllene_oxide.png,
1612,5379000,C1C(N(N=C1/C=C/C2=CC=CC=C2)C3=CC=CC=C3)C4=CC=CC=C4,5379000,ok,CMPD_615C065F755C_1_5-diphenyl-3-styryl-2-pyrazoline.png,
1613,8205,CCCCCCCCCCCCOC(=O)C,8205,ok,CMPD_615C703DB632_lauryl_acetate.png,
1614,5318428,C[C@@H]1[C@@H](C2CC[C@@]3(C(=C2[C@@]([C@@H]1C)(C)O)[C@H](CC4[C@@]3(CCC5[C@@]4(CCC(C5(C)C)O[C@@H]6[C@@H]([C@@H]([C@H]([C@@H](O6)CO)O)O)O[C@@H]7[C@@H]([C@@H]([C@H]([C@@H](O7)CO)O)O)O)C)C)O)C)C,5318428,ok,CMPD_617250A5B789_Aurone.png,
1615,70991,CC(=O)C1=C(C=CC(=C1)OC)OC,70991,ok,CMPD_6172FD01A205_2_5-dimethoxyacetophenone.png,
1616,76098,C1COCCN1C2=NC=NC3=C2NC=N3,76098,ok,CMPD_6172FD01A205_2_5-dimethoxyacetophenone.png,
1617,5274585,C1=CC(=C(C=C1C2=C(C(=O)C3=C(C=C(C=C3O2)O)O)O[C@H]4[C@@H]([C@H]([C@@H]([C@H](O4)C(=O)O)O)O)O)O)O,5274585,ok,CMPD_61A0BCFE41AA_Quercetin-3-O-Î²-D-glucuronide.png,
1618,366269,CN1CCC2=CC(=C(C=C2C13CC4=C(C3O)C5=C(C=C4)OCO5)O)OC,366269,ok,CMPD_61A3B2EDD592_fumaritine.png,
1619,44562997,CC1=C(C(=O)O[C@H](C1)[C@@](C)([C@@]2(C[C@@H]([C@@]3([C@@]2(CC[C@H]4[C@H]3CC=C5[C@@]4(C(=O)C=CC5)C)C)O)O)O)O)C,44562997,ok,CMPD_61D67D47889A_22R-14alpha_15alpha_17S_20S-tetrahydroxy-1-oxowitha-2_5_24-trien-26_22-olide.png,
1620,5491808,C[C@H]1[C@@H]([C@H]([C@H]([C@@H](O1)OC[C@@H]2[C@@H]([C@@H]([C@H](C(O2)OC3=C(OC4=CC(=CC(=C4C3=O)O)O)C5=CC(=C(C=C5)O)OC)O)O)O)O)O)O,5491808,ok,CMPD_61DC9C60E967_isorhamnetin_3-robinobioside.png,
1621,188384,CC1C(C(C(C(O1)OC2C(C(C(OC2OC3C(C(C(OC3OC4CCC5(C(C4(C)C)CCC6(C5CC=C7C6(CCC8(C7CC(CC8O)(C)C)C)C)C)C)C(=O)O)O)O)CO)O)O)O)O)O,188384,ok,CMPD_61E845D422A5_Kaikasaponin_III.png,
1622,5281677,COC1=CC(=C2C(=C1)OC(=C(C2=O)OC)C3=CC(=C(C=C3)O)OC)O,5281677,ok,CMPD_6235A4F2174E_pachypodol.png,
1623,131752959,C1=CC(=C(C=C1/C=C\C2=CC(=CC(=C2)O)O)O)OC3C(C(C(C(O3)CO)O)O)O,131752959,ok,CMPD_623AA3F9F733_polydatin.png,
1624,7967,C1CCC(=O)CC1,7967,ok,CMPD_623EC2BCA1D6_cyclohexanone.png,
1625,12217608,C1C2C=CC1C3C2C4=CC=CC5=C4C3=CC=C5,12217608,ok,CMPD_625658A42131_Ethyl_alpha-D-lyxofuranoside.png,
1626,10384166,CN1C2=CC=CC=C2C3=C1[C@H]([C@H]([C@H](NCC3)C4=CC=CC=C4)C(=O)OC)O,10384166,ok,CMPD_627858CFB070_Cynarasaponin_H.png,
1627,101614071,CC1=C(C=C(C=C1)C2(C(OO2)(C)C3=CC=CC=C3)C)C,101614071,ok,CMPD_628507928890_Luteolin_4_-O-beta-D-xyloside.png,
1628,10856614,CC1=CCC[C@]2([C@H]1C[C@@H](CC2)C(=C)C)C,10856614,ok,CMPD_628FFEAE9324_selinene.png,
1629,442393,CC(=C)[C@@H]1CC[C@]2(CCCC(=C)[C@@H]2C1)C,442393,ok,CMPD_628FFEAE9324_selinene.png,
1630,10141650,COC1=C(C=C(C=C1)C(=O)NCC2=CC3=C(C=C2)OSO3)C(=O)NCC4=CC5=C(C=C4)OSO5,10141650,ok,CMPD_62A9D84009AB_9-hydroxylinaloyl_glucoside.png,
1631,11036814,C1=CC(=C2C=CC(=C(C2=C1)S(=O)(=O)O)N)CNC3=C(C(=NC(=N3)F)F)Cl,11036814,ok,CMPD_62A9D84009AB_9-hydroxylinaloyl_glucoside.png,
1632,441688,C1=CC(=C(C=C1C2=C(C=C3C(=CC(=CC3=[O+]2)O)O[C@H]4[C@@H]([C@H]([C@@H]([C@H](O4)CO)O)O)O)O[C@H]5[C@@H]([C@H]([C@@H]([C@H](O5)CO)O)O)O)O)O,441688,ok,CMPD_62A9EB72FEA7_Cyanidin-3_5-diglucoside.png,
1633,7824,CCCCCC(=O)OC,7824,ok,CMPD_62C500D5D090_hexanoic_acid_methyl_ester.png,
1634,11013444,CC1=NC=CN1CCC[Si](C2CCCCC2)(C3=CC=C(C=C3)F)O,11013444,ok,CMPD_62D0500A04FB_3-_4-hydroxybenzoyl_-cynaratriol.png,
1635,5282743,CCCCCCCCCCCCC/C=C/C(=O)O,5282743,ok,CMPD_62ECFCD844D5_Hexadecenoic_acid.png,
1636,24211971,C1=CC(=CC=C1C2=C(C(=O)C3=C(C=C(C=C3O2)O)O)O[C@H]4C([C@@H]([C@@H](C(O4)CO)O)O)O)O,24211971,ok,CMPD_633BAC123F4E_kaempferol_3-O-glucoside.png,
1637,5282102,C1=CC(=CC=C1C2=C(C(=O)C3=C(C=C(C=C3O2)O)O)O[C@H]4[C@@H]([C@H]([C@@H]([C@H](O4)CO)O)O)O)O,5282102,ok,CMPD_633BAC123F4E_kaempferol_3-O-glucoside.png,
1638,21368,CNC1=C(C=CC=C1OC)C(=O)OC,21368,ok,CMPD_634798397303_damascenine.png,
1639,12441,CN1CCC2=CC3=C(C4=C2[C@@H]1CC5=C4C(=C(C=C5)OC)O)OCO3,12441,ok,CMPD_634D8E3A017A_bulbocapnine.png,
1640,219893,C(C(C(C(C1C(C(C(=O)O1)O)O)O)O)O)O,219893,ok,CMPD_636767C5E8D1_l-gala-l-ido-octonic_lactone.png,
1641,577926,CC1(C(C12CC(C2)C(=O)OC)(C)C)C,577926,ok,CMPD_63856D90ECB6_Spirohexane-5-carboxylic_acid_1_1_2_2-tetramethyl-_methyl_ester.png,
1642,9832502,CCCCCCCCCCCCCCCCCCCCCC[C@H](C(=O)N[C@@H](CO[C@H]1[C@@H]([C@H]([C@@H]([C@H](O1)CO)O)O)O)[C@@H]([C@@H](CCC/C=C\CCCCCCCCC)O)O)O,9832502,ok,CMPD_63C2CA2BA95E_phytolacca_cerebroside.png,
1643,7500,CCC1=CC=CC=C1,7500,ok,CMPD_63C34A2A7797_ethylbenzene.png,
1644,155903165,C1C2C(C3C(C(O2)OC(=O)C4=CC(=C(C(=C4)O)O)O)OC(=O)C5=CC(=C(C(=C5C6=C(C(=C(C=C6C(=O)O3)O)O)O)O)O)O)OC7=C(C(=C(C(=C7C8=C(O1)C=C(C(=C8O)O)O)O)O)O)OC9=CC(=CC(=C9O)O)C(=O)OC1C2C(C3C(O1)COC(=O)C1=CC(=C(C(=C1C1=C(C(=C(C(=C1O)O)O)OC1=CC(=CC(=C1O)O)C(=O)OC1C4C(C5C(O1)COC(=O)C1=CC(=C(C(=C1C1=C(C(=C(C=C1C(=O)O5)O)O)O)O)O)O)OC(=O)C1=CC(=C(C(=C1C1=C(C(=C(C=C1C(=O)O4)O)O)O)O)O)O)C(=O)O3)O)O)O)OC(=O)C1=CC(=C(C(=C1C1=C(C(=C(C=C1C(=O)O2)O)O)O)O)O)O,155903165,ok,CMPD_63F70A88B346_Lambertianin.png,
1645,101344405,CCCCCCCCCCCCOC1=CC=C(C=C1)OC[C@@]23CC[C@@H]([C@@]4(CC[C@H]2N(C4=O)C)COC5=CC=C(C=C5)OCCCCCCCCCCCC)N(C3=O)C,101344405,ok,CMPD_63F70A88B346_Lambertianin.png,
1646,10091883,CN(CCOC1=CC=C(C=C1)CC2C(=O)NC(=O)S2)C3=NC=C(C=C3)Cl,10091883,ok,CMPD_63F70A88B346_Lambertianin.png,
1647,5281702,COC1=CC(=CC(=C1O)OC)C2=CC(=O)C3=C(C=C(C=C3O2)O)O,5281702,ok,CMPD_646E9D24A46B_acteoside.png,
1648,5493036,CCOC1=C2C3=C(C[C@@H]4[C@H]5[C@]3(CCN4C)[C@@H](O2)[C@@H](C=C5)O)C=C1,5493036,ok,CMPD_6479F215625A_dihydrosyingin.png,
1649,802,C1=CC=C2C(=C1)C(=CN2)CC(=O)O,802,ok,CMPD_648F21D2790F_3-indoleacetic_acid.png,
1650,68169,CCC=CCC=CCC=CCCCCCCCCO,68169,ok,CMPD_64980D181718_9_12_15-Octadecatrien-1-ol.png,
1651,6427789,CC/C=C\C=C\C(=O)C,6427789,ok,CMPD_64987E9BA438__E_Z_-octa-3_5-dien-2-one.png,
1652,5318557,C/C=C/C1=CC(=C(C(=C1)OC)OC)OC,5318557,ok,CMPD_649C09BC06BD_Isoelemicin.png,
1653,513197,CC(=CCC1=C2C(=C(C=C1O)OC)C(=O)CC(O2)C3=CC=C(C=C3)O)C,513197,ok,CMPD_64D0FE20A921__2S_-7-hydroxy-5-methoxy-8-prenylflavanone.png,
1654,5375048,C1=CC=C2C(=C1)C(=CN2)/C=C/C(=O)O,5375048,ok,CMPD_64D8B0412377_Indole-3-acrylic_acid.png,
1655,10091885,CCCN(CCC)C(=O)CC/C(=N/NC1=CC=C(C=C1)Cl)/C2=CC=CS2,10091885,ok,CMPD_64DFD3E7C8FD_Sambulin_A.png,
1656,205586,C1CCN[C@@H](C1)C2=CN=CC=C2,205586,ok,CMPD_64E8CB6F8A70_Anabasine.png,
1657,10007,CC(C)(CC1=CC=C(C=C1)Cl)N,10007,ok,CMPD_64E8CB6F8A70_Anabasine.png,
1658,18985,C1CCN=C(C1)C2=CN=CC=C2,18985,ok,CMPD_64E8CB6F8A70_Anabasine.png,
1659,74247,CCCCCCCCCCOC(=O)CCCCCCCCC,74247,ok,CMPD_6502859697C5_decanoic_acid_decyl_ester.png,
1660,10254,CC1=CC(=C(C(=C1)C)C=O)C,10254,ok,CMPD_650A68F624AA_2_4_6-trimethylbenzaldehyde.png,
1661,16346,CCCCCCCCC=C(NCC1=CC=CC=C1Cl)NCC2=CC=CC=C2Cl,16346,ok,CMPD_650A68F624AA_2_4_6-trimethylbenzaldehyde.png,
1662,10168672,CCOC(=O)CN1C=CC(=C(C1=O)O)CN2CCN(CCN(CCN(CC2)CC(=O)O)CC(=O)O)CC(=O)O.[111In],10168672,ok,CMPD_650C492F3322_Anthylloside_B.png,
1663,5280435,C[C@@H](CCC[C@@H](C)CCC/C(=C/CO)/C)CCCC(C)C,5280435,ok,CMPD_6510359CC631_E-phytol.png,
1664,8175,CCCCCCCCCC=O,8175,ok,CMPD_652091890CC7_decanal.png,
1665,10091387,CC1(C=C(C2=C(N1)C=CC(=C2)C3=CC=CC=C3OC)CSCC(=O)OC)C,10091387,ok,CMPD_6520988B5300_sinuatoside.png,
1666,85844078,C1C2C(CC(=O)O2)(C=CC1=O)O,85844078,failed,,"('Connection aborted.', RemoteDisconnected('Remote end closed connection without response'))"
1667,12405,CCCCCCCCCCCCCCCCCCCCCC,12405,ok,CMPD_65495F1AB9CF_docosane.png,
1668,5318820,COC1=CC(=CC(=C1O)OC)O[C@H]2[C@@H]([C@H]([C@@H]([C@H](O2)CO)O)O)O,5318820,ok,CMPD_6585D6BDA00D_koaburaside.png,
1669,49800176,COC1=CC(=CC(=C1O)OC)C2=CC(=O)C3=C(O2)C=C(C=C3O[C@H]4[C@@H]([C@H]([C@@H]([C@H](O4)CO)O)O)O)O,49800176,failed,,"('Connection aborted.', RemoteDisconnected('Remote end closed connection without response'))"
1670,101460359,CCC1(CCCNC1=O)CCC2=C(C3=CC=CC=C3N2)CC#N,101460359,ok,CMPD_6588EA895F45_Carissaeduloside_I.png,
1671,13860533,CN(C)P(N)(N1CC1)(N(C)C)Cl,13860533,ok,CMPD_65B2A3764E97_6-beta-Hydroxyantirrhide.png,
1672,5365703,C1CCCCOC(=O)CCCCC/C=C\CCC1,5365703,failed,,"('Connection aborted.', RemoteDisconnected('Remote end closed connection without response'))"
1673,5286955,CCOC(=O)C1=C(N=C2N(C1C3=CC=CC=C3)C(=O)/C(=C\C4=CC(=C(C=C4)OC5=C(C=C(C=C5)[N+](=O)[O-])[N+](=O)[O-])OC)/S2)C,5286955,ok,CMPD_65D641440F5F_Sinapic_methyl_ether.png,
1674,102213769,CC1CC/C=C(\CCC2=C(COC2/C=C(\CCC1=O)/C)C)/C,102213769,ok,CMPD_65DB2950D2DA_Isorhamnetin_3-O-arabinoside-7-O-glucoside.png,
1675,5280961,C1=CC(=CC=C1C2=COC3=CC(=CC(=C3C2=O)O)O)O,5280961,ok,CMPD_65F26AFFEC7C_Genistein.png,
1676,5316335,CC1=C2[C@H]([C@@H]([C@@]3([C@H](C[C@@H]4[C@](C3[C@@H]([C@@]2(C[C@@H]1OC(=O)C)C(C)(C)O)OC(=O)C5=CC=CC=C5)(CO4)O)OC(=O)C)C)OC(=O)C)OC(=O)C,5316335,ok,CMPD_660654A1E840_martynoside.png,
1677,5319292,C[C@H]1[C@@H]([C@H]([C@H]([C@@H](O1)O[C@@H]2[C@H]([C@@H](O[C@@H]([C@H]2OC(=O)/C=C/C3=CC(=C(C=C3)O)OC)CO)OCCC4=CC(=C(C=C4)OC)O)O)O)O)O,5319292,ok,CMPD_660654A1E840_martynoside.png,
1678,14529,CC1=CC=C(C=C1)C(C)(C)O,14529,ok,CMPD_6606DD418CC1_p-cymen-8-ol.png,
1679,155353,CCCOC1=CC=CC=C1N(C)C(=O)C2=CC=C(C=C2)C(C)(C)C,155353,ok,CMPD_6612A6EEDB9D_tuberiferin.png,
1680,5356108,CCCCCCCC/C=C\CCCCCCCC(=O)OC(C)C,5356108,failed,,"('Connection aborted.', RemoteDisconnected('Remote end closed connection without response'))"
1681,643675,C[C@H]1C(=O)O[C@@H]\2[C@@]1([C@@H]([C@@H]3[C@@]([C@@H](/C=C\C(=C2)\CO)OC(=O)C)([C@H]([C@H]([C@H]([C@]34CO4)OC(=O)C)OC(=O)C)OC(=O)C)C)OC(=O)C)O,643675,ok,CMPD_662BBE7274B0_Î_-elemene.png,
1682,9815648,CS(=O)CCCCCCN=C=S,9815648,ok,CMPD_662E167145E2_hesperin.png,
1683,10115061,CCCN1CCCCC(C1)(C#N)NC(=O)[C@H](CC(C)(C)C)NC2=NC(=O)OC3=CC=CC=C32,10115061,ok,CMPD_6632C0D14032_nilotinin_M9.png,
1684,12304220,C[C@H]1CC[C@H]([C@H]2[C@@]1(CCC(=C2)C)O)C(C)C,12304220,ok,CMPD_664B29F58FEC_1_10-di-epi-cubenol.png,
1685,131752314,C[C@]1(CCC2[C@]([C@@]13[C@H](O3)C(=O)O)(C(=O)CC4[C@]2(COC4(C)C)C(CC(=O)O)O)C)[C@H](C5=COC=C5)O,131752314,failed,,"('Connection aborted.', RemoteDisconnected('Remote end closed connection without response'))"
1686,101416457,CCC\1C(C(=O)N/C1=C\C2=C(C(=C(N2)/C=C\3/C(=C(C(=CC4=NC(=O)C(=C4C)CC)N3)C)CCC(=O)OC)CCC(=O)OC)C)C,101416457,ok,CMPD_6679618D0FAA_beta-Hederin.png,
1687,275182,CN1CCC2=CC(=C3C=C2[C@@H]1CC4=CC=C(C=C4)OC5=C(C=CC(=C5)C[C@@H]6C7=C(O3)C(=C(C=C7CCN6C)OC)OC)O)OC,275182,ok,CMPD_667EC5A45F21_berbamine.png,
1688,3081930,CC1=COC2=C1C(=O)[C@@H]([C@@](C2)(C)C=C)C(=C)C,3081930,ok,CMPD_66A6C77B5F8B_Curzerenone.png,
1689,90785,CC1CCC2=C(CCC(CC12)C(C)(C)O)C,90785,ok,CMPD_66C565BA3CDD_bulnesol.png,
1690,534460,CCCCCCC=CCC=CCC=CCC=CCCCCC(=O)OC,534460,ok,CMPD_67000E43B896_6_9_12_15-docosatetraenoic_acid_methyl_ester.png,
1691,5319528,CC(=CCOC1=CC=C(C=C1)CCNC(=O)C2=CC=CC=C2)C,5319528,ok,CMPD_6724D4ACFAAD_3_3_-Di-O-methylellagic_acid.png,
1692,114646,C=CCCC=CCCC=C,114646,ok,CMPD_6724D4ACFAAD_3_3_-Di-O-methylellagic_acid.png,
1693,11197,CCCCCCCCCCCCCCCCCCCCCCCC(=O)O,11197,ok,CMPD_672B30EBEFDE_Lignoceric_acid.png,
1694,11394145,CC(C)(C)OC(=O)NC1=NC2=C(S1)CCN(CC2)CCCC(=O)O,11394145,ok,CMPD_672B88CD8DDF_diphyllin_glycoside.png,
1695,14275037,CCCCCCCCC(=O)NCC1=CC(=C(C=C1)OCC2=C(C(=C(C(=C2F)F)F)F)F)OC,14275037,ok,CMPD_672BE2699E15_acetyl_martynoside.png,
1696,64796,C1CC(=O)NC2=CC=CC=C21,64796,ok,CMPD_6736584FF35F__1_2_4_triazolo_1_5-a_pyrimidin-7-ol.png,
1697,115162,CC1([C@@H](N2[C@H](S1)[C@@H](C2=O)N=CN3CCCCCC3)C(=O)OCOC(=O)C(C)(C)C)C.Cl,115162,ok,CMPD_6736584FF35F__1_2_4_triazolo_1_5-a_pyrimidin-7-ol.png,
1698,24478,OS(=O)(=S)O,24478,failed,,Response ended prematurely
1699,660,C1CC(=O)OC2=CC=CC=C21,660,ok,CMPD_6765C043A097_3_4-dihydrocoumarin.png,
1700,73309,C[C@]12CC[C@@H](C([C@@H]1CC[C@@]3([C@@H]2CC=C4[C@]3(C[C@H]([C@@]5([C@H]4CC(CC5)(C)C)C(=O)O)O)C)C)(C)C)O,73309,ok,CMPD_676EE9D2C608_Echinocystic_acid.png,
1701,135191,C1[C@H]([C@@H]([C@H](C(O1)O)O)O)O,135191,ok,CMPD_67CFC0604029_D-xylose.png,
1702,133556532Â,,133556532Â,failed,,400 Client Error: PUGREST.BadRequest for url: https://pubchem.ncbi.nlm.nih.gov/rest/pug/compound/cid/133556532%C3%82/PNG?image_size=500x500
1703,124375,CO[C@@H]1[C@H]([C@@H]([C@H](C(O1)OC(=O)C2=CC(=C(C(=C2)O)O)O)O)O)O,124375,ok,CMPD_67E7BBFE48C8_tetra-galloylglucose.png,
1704,5280373,COC1=CC=C(C=C1)C2=COC3=CC(=CC(=C3C2=O)O)O,5280373,ok,CMPD_6817C7516114_Biochanin_A.png,
1705,264,CCCC(=O)O,264,ok,CMPD_682A03F4CD9E_Butanoic_acid.png,
1706,5318603,CC(=CCC1=C2C(=C(C3=C1O[C@@]45[C@@H]6C[C@@H](C=C4C3=O)C(=O)C5(OC6(C)C)C/C=C(\C)/C(=O)O)O)C=CC(O2)(C)C)C,5318603,ok,CMPD_6838B5E8D807_Mesembrenone.png,
1707,68972,CCCCCCCCCCCCCCCCCCCCCCCCCCCCCCO,68972,ok,CMPD_683EAA16B0B5_triacontanol.png,
1708,109267,CCCCCCCCCCCC(=O)N(CCN(CC(CS(=O)(=O)O)O)CC(=O)O)CCO,109267,ok,CMPD_683EAA16B0B5_triacontanol.png,
1709,73981563,C1=CC=C(C(=C1)CCC(=O)O)OC2C(C(C(C(O2)CO)O)O)O,73981563,ok,CMPD_68425041D6C8_dihydro-p-coumaric_acid_glucoside.png,
1710,44130232,C[C@H]1[C@@H]([C@H]([C@H]([C@@H](O1)O[C@@H]2[C@H]([C@@H]([C@H](O[C@H]2OC3=CC(=C4C(=C3)OC(=C(C4=O)O)C5=CC(=C(C=C5)O)OC)O)CO)O)O)O)O)O,44130232,ok,CMPD_684690CADBC7_3_-methoxy-3_5_4_-trihydroxy_flavone-7-neohesperidoside.png,
1711,101150,CC1CC(=CC(C1C=O)C)C,101150,ok,CMPD_685BDB556910_5_3_4_-trihydroxy-6_7_5_-trimethoxyflavone.png,
1712,11953934,C/C=C(/C)\C(=O)O[C@H]1[C@@H]2[C@@H](/C=C(\[C@H](C/C=C(/C1O)\C)OC(=O)C)/C)OC(=O)C2=C,11953934,ok,CMPD_68614055EAD6_8-desoxy_lactucin.png,
1713,119198,C[C@@]12CCN([C@@H]1N(C3=C2C=C(C=C3)O)C)C,119198,ok,CMPD_6868CEC73140_Eseroline.png,
1714,7505,C1=CC=C(C=C1)C#N,7505,ok,CMPD_6871D57F8B4C_Benzonitrile.png,
1715,10222,CC1=C2C=CC3=C(C2=CC=C1)C=CC(=C3)C(C)C,10222,ok,CMPD_6872F91C7BFD_retene.png,
1716,181511,C1=CC(=CC(=C1)O)CCC2=CC=C(C=C2)O,181511,ok,CMPD_68849A027F19_lunularin.png,
1717,53386731,C/C/1=C\CC/C(=C/C[C@@]2(CC[C@@](O2)([C@H](CC1)OC(=O)C)C)C(C)C)/C,53386731,ok,CMPD_689379887190_incensole_acetate.png,
1718,25240035,CCCCCCCCCCCCCCCCCCCC(CCCCCCCCC)O,25240035,ok,CMPD_689435499D8C_nonacosan-10-ol.png,
1719,11956487,CC1=C(C=CC(=N1)NC(=O)C2=CC(=C(C=C2)CN3C=CN(C=C3)C)F)NC4=NC=CC(=N4)C5=CN=CC=C5,11956487,ok,CMPD_68BD864DFC54_Methyl_thymol_ether.png,
1720,31039,C#CCCCCCCCCC(=O)O,31039,ok,CMPD_68C8DA7D9320_undec-10-ynoic_acid.png,
1721,6453359,C1=CC(=C(C=C1C2=C(C(=O)C3=C(C=C(C=C3O2)O)O)O[C@H]4[C@@H]([C@H]([C@H]([C@H](O4)CO)O)O)OC(=O)C5=CC(=C(C(=C5)O)O)O)O)O,6453359,ok,CMPD_690D36327ADC_2-O-galloylhyperin.png,
1722,101297601,C[C@@H]1CC[C@H]2[C@H]3N1[C@@]45[C@@]2(C[C@@H](C3)[C@@H]4[C@H]6CCCC[C@@H]6[C@H](C5)O)O,101297601,ok,CMPD_69352DA2B961__2S_5_3_4_trihydroxy-7-methoxyflavanone.png,
1723,23724755,CC(CCNC1=NC=NC2=C1NC=N2)CO[C@H]3[C@@H]([C@H]([C@@H]([C@H](O3)CO)O)O)O,23724755,ok,CMPD_693AF917FD8D_Dihydrozeatin-O-glucoside.png,
1724,92265,C[C@H]1[C@@H]2[C@H](CC(=C3C=C[C@@]([C@@H]3[C@H]2OC1=O)(C)O)C)OC(=O)C,92265,ok,CMPD_6949FD0884FA_matricin.png,
1725,10038020,C1=CC(=CC=C1C[C@@]([C@@H](C(=O)O)O)(C(=O)O)O)O,10038020,ok,CMPD_695D10FCA760_piscidic_acid.png,
1726,5280794,CC[C@H](/C=C/[C@@H](C)[C@H]1CC[C@@H]2[C@@]1(CC[C@H]3[C@H]2CC=C4[C@@]3(CC[C@@H](C4)O)C)C)C(C)C,5280794,ok,CMPD_698732DE9FE9_Stigmasterol.png,
1727,12313020,CC1=C[C@@H]2[C@H](CC1)C(=C)CC[C@H]2C(C)C,12313020,ok,CMPD_699482D0D158_gamma-muurolene.png,
1728,521948,CC(C)(C)CCCCN,521948,ok,CMPD_699482D0D158_gamma-muurolene.png,
1729,84740,C(=O)[C@@H]([C@H]([C@H]([C@@H](C(=O)O)O)O)O)O,84740,ok,CMPD_69977F67F818_galacturonic_acid.png,
1730,442347,CC1=CC[C@]2(CC[C@@H]([C@]2(CC1)O)C(C)C)C,442347,ok,CMPD_69A49CACC893_carotol.png,
1731,643742,C1CCN(CC1)/C(=C\C2=CC=C(S2)[N+](=O)[O-])/C3=CC=CS3,643742,ok,CMPD_69A91E81CBA6_cis-Aconitic_acid.png,
1732,3014191,C(CCCCO)CCCC=CCCCCCCCC(=O)O,3014191,ok,CMPD_69B8CCEA10E1_18-hydroxyoctadec-9-enoic_acid.png,
1733,6365155,C(CCCCO)CCC/C=C/CCCCCCCC(=O)O,6365155,ok,CMPD_69B8CCEA10E1_18-hydroxyoctadec-9-enoic_acid.png,
1734,198277,C1=NC2=NC=NC(=C2N1)N.OP(=O)(O)O,198277,ok,CMPD_69BD9E674DFC_3-hydroxy-tirucallic_acid.png,
1735,101297607,C[C@]1(CC[C@H](O1)C(C)(C)O)[C@H]2CC[C@@]3([C@@]2(CC(=O)[C@@]4([C@H]3CC=C5[C@H]4CCC(C5(C)C)O)C)C)C,101297607,ok,CMPD_69D25CE4D12E_Gallicaside_J.png,
1736,442584,C1[C@@H]([C@@H]([C@H]([C@@H](O1)C2=C3C(=C(C(=C2O)[C@H]4[C@@H]([C@H]([C@@H]([C@H](O4)CO)O)O)O)O)C(=O)C=C(O3)C5=CC(=C(C=C5)O)O)O)O)O,442584,ok,CMPD_69D43708B2B4_Carlinoside.png,
1737,101569428,[2H]C1[C@@](CC[C@@]2(N1)[C@H]([C@H]3[C@@H](O2)C[C@@H]4[C@@]3(CC[C@H]5[C@H]4CC[C@@H]6[C@@]5(CC[C@@H](C6)O[C@H]7[C@@H]([C@H]([C@H]([C@H](O7)CO)O[C@H]8[C@@H]([C@H]([C@@H]([C@H](O8)CO)O)O[C@H]9[C@@H]([C@H]([C@@H](CO9)O)O)O)O[C@H]1[C@@H]([C@H]([C@@H]([C@H](O1)CO)O)O)O)O)O)C)C)C)([2H])C([2H])([2H])[2H],101569428,ok,CMPD_69DCE1508370_copaenol.png,
1738,5281761,C1=CC(=C(C=C1/C=C/C(=O)O[C@H]2[C@@H]([C@H]([C@@H]([C@H](O2)CO)O)O)O)O)O,5281761,ok,CMPD_69EE61FEABBF_Caffeic_acid_hexoside.png,
1739,10179,C1=C(C=C(C(=C1C(=O)O)C(=O)O)C(=O)O)C(=O)O,10179,ok,CMPD_69F996D03416_Baptifoline.png,
1740,155102,CC(=C)C(=O)O[C@H]1CC(=C)[C@@H]2C[C@@H](C(=C)[C@@H]2[C@@H]3[C@@H]1C(=C)C(=O)O3)O,155102,ok,CMPD_69FCC0D00F30_Aguerin_B.png,
1741,65252,C[C@H]1[C@@H]2CCC3=C([C@]2(CC[C@@H]1O)C)CC[C@]4([C@]3(CC[C@@H]4[C@H](C)CCC(=C)C(C)C)C)C,65252,ok,CMPD_6A22AA123768_obtusifoliol.png,
1742,101569432,CCCCC#C/C=C/CCCCCCCCOC(=O)C,101569432,ok,CMPD_6A3615D2BC1D_Uncinanone_E.png,
1743,102379124,CC1([C@H]2CC=C([C@@H]1C2)OO)C,102379124,ok,CMPD_6A3E0F43EC3D_Shorealactone.png,
1744,159646,C1C[N+]2=CC3=CC4=C(C=C3C5=CC(=CC1=C52)O)OCO4,159646,ok,CMPD_6A4D68376105_ungeremine.png,
1745,441245,CC(=C)[C@@H]1CCC2(C(C1)O2)C,441245,ok,CMPD_6A5C1C0BE343_limonene_1_2-epoxide.png,
1746,12366,CCCCCCCCCCCCCCCC(=O)OCC,12366,ok,CMPD_6A70769DA7CA_Ethyl_palmitate.png,
1747,5481663,C[C@H]1[C@@H]([C@H]([C@H]([C@@H](O1)OC[C@@H]2[C@H]([C@@H]([C@H]([C@@H](O2)OC3=C(OC4=CC(=CC(=C4C3=O)O)O)C5=CC(=C(C=C5)O)OC)O)O)O)O)O)O,5481663,ok,CMPD_6A716E5B7CAB_narcissin.png,
1748,10891540,CC#CC1=CC=CC=C1O[Si](C(C)C)(C(C)C)C(C)C,10891540,ok,CMPD_6A778E36A50E_2H-Furo_2_3-b_indole.png,
1749,10394,C1=CC(=CC=C1CCC(=O)O)O,10394,ok,CMPD_6AF5841185F8_phloretic_acid.png,
1750,5282804,CCCCC/C=C\C/C=C\CCCCCCCCC(=O)O,5282804,ok,CMPD_6B03607C27B4_Octadecatrienoic_acid.png,
1751,101670390,C1[C@H]2[C@@H]([C@@H]3[C@@H]4[C@@H](C5=C(C(=C(C(=C5C(=O)O4)C6=C(C(=C(C(=C6C(=O)O3)C7=C(C(=C(C=C7C(=O)O2)O)O)O)O)O)O)O)O)O)C8=C(C(=C(C9=C8C(=O)OC[C@@H]2[C@H]([C@@H]3[C@@H]4[C@@H](C5=C(C(=C(C(=C5C(=O)O4)C4=C(C(=C(C(=C4C(=O)O3)C3=C(C(=C(C=C3C(=O)O2)O)O)O)O)O)O)O)O)O)O)OC(=O)C2=CC(=C(C(=C29)O)O)O)O)O)O)OC(=O)C2=CC(=C(C(=C2C2=C(C(=C(C=C2C(=O)O1)O)O)O)O)O)O,101670390,ok,CMPD_6B089109661E_Roburins_A.png,
1752,101859874,C1C=C[C@H](ON1C2=CC=CC=C2I)/C=C/C3=CC=CC=C3,101859874,ok,CMPD_6B089109661E_Roburins_A.png,
1753,289,C1=CC=C(C(=C1)O)O,289,ok,CMPD_6B0F4D999089_catechol.png,
1754,6054,C1=CC=C(C=C1)CCO,6054,ok,CMPD_6B1BE617FEFE_2-phenylethanol.png,
1755,66948,C=C1C=CC(=O)O1,66948,ok,CMPD_6B2280D87550_Protoanemonin.png,
1756,399204,COC1=C2CN3CC[C@@]4([C@H]3C[C@H]([C@H]5[C@@H]4O5)O)C2=CC6=C1OCO6,399204,ok,CMPD_6B503C2D329C_Crinamidine.png,
1757,129715989,CC(=CCC/C(=C\CCC(=CCO)C)/C)C,129715989,ok,CMPD_6B5F9E371027_6Z-farnesol.png,
1758,5317564,CC(=CCC/C(=C/COC1=C2C(=CC3=C1OC=C3)C=CC(=O)O2)/C)C,5317564,ok,CMPD_6B5FB7624F0C_8-geranyloxypsoralen.png,
1759,440967,CC1([C@H]2CCC(=C)[C@@H]1C2)C,440967,ok,CMPD_6B795C2EA934__-pinene.png,
1760,12534,CCCCCCCCCCCCCCCCCCCCCCC,12534,ok,CMPD_6B7991F38270_N-tricosane.png,
1761,10115038,CC(C)OC(=O)CCN1CCC(=C(C2=CC=CC=C2)C3=CC=CC=C3)CC1.C(=O)(C(=O)O)O,10115038,ok,CMPD_6BA49B6FC9F5_isolinariin_B.png,
1762,73201,COC1=CC(=C2C(=O)C[C@H](OC2=C1)C3=CC=CC=C3)O,73201,ok,CMPD_6BB89BBF0AD9_5-hydroxy-7-methoxy-2-phenyl-2_3-dihydrochromen-4-one.png,
1763,10091398,C1=CC=C2C(=C1)[N+](=CS2)CCCBr,10091398,ok,CMPD_6BE33789F6F7_7-O-angeloylretronecine.png,
1764,2758,CC1(C2CCC(O1)(CC2)C)C,2758,ok,CMPD_6BE7996F0EE0_Cineole.png,
1765,170833,C[C@@H]1CC[C@H]([C@@H](C1)O)C(=C)C,170833,ok,CMPD_6BF068606555_isopulegol.png,
1766,5281642,C1=CC(=C(C=C1C2=CC(=O)C3=C(O2)C=C(C(=C3O)O)O)O)O,5281642,ok,CMPD_6C01323C6621_6-Hydroxyluteolin.png,
1767,5281622,COC1=CC(=C2C(=C1)OC3=CC(=C(C=C3C2=O)O)O)O,5281622,ok,CMPD_6C01323C6621_6-Hydroxyluteolin.png,
1768,5318765,C[C@H]1[C@@H]([C@H]([C@H]([C@@H](O1)O[C@@H]2[C@H]([C@@H]([C@H](O[C@H]2OC3=C(OC4=CC(=CC(=C4C3=O)O)O)C5=CC=C(C=C5)O)COC(=O)CC(=O)O)O)O)O)O)O,5318765,ok,CMPD_6C2036AE3885_9_19-cyclolanost-23E-ene-3_25-diol.png,
1769,5367676,CCCCCCC#CC(=O)OCC/C=C\CC,5367676,ok,CMPD_6C50138300F7_Ceryl_palmitate.png,
1770,1054,CC1=NC=C(C(=C1O)CO)CO,1054,ok,CMPD_6C8E459F96D9_pyridoxine.png,
1771,5363411,CC(=O)/C=C/C1C(CCCC12CO2)(C)C,5363411,ok,CMPD_6C8E731ABDF9_ethyl-_Z_-cinnamate.png,
1772,5281744,C/C=C\1/CC(=C)[C@@](C(=O)OCC2=CCN3[C@H]2[C@@H](CC3)OC1=O)(CO)O,5281744,ok,CMPD_6C9751631FCD_Coniferylic_aldehyde.png,
1773,12867,CC(C)(C)C1=CC(=O)C=C(C1=O)C(C)(C)C,12867,ok,CMPD_6C9D72ABAB3E_2_6-di-tert-butyl-1_4-benzoquinone.png,
1774,5280362,C1=CC(=C(C=C1C2=C(C(=O)C3=C(C=C(C=C3O2)O)O)OS(=O)(=O)O)O)O,5280362,ok,CMPD_6CCACF3173C1_Quercetin_3-O-sulfate.png,
1775,10482829,C1=CC(=C(C=C1C[C@H](C(=O)O)OC(=O)/C=C/C2=CC(=C(C=C2)O[C@H]([C@@H](C3=CC(=C(C=C3)O)O)O)C(=O)O)O)O)O,10482829,ok,CMPD_6CCE069C84D8_salvianolic_acid_K.png,
1776,440308,C1=C(C=C(C(=C1O)O)O)C(=O)OC[C@@H]2[C@H]([C@@H]([C@H]([C@@H](O2)OC(=O)C3=CC(=C(C(=C3)O)O)O)OC(=O)C4=CC(=C(C(=C4)O)O)O)O)O,440308,ok,CMPD_6CFD6F33AC11_1_2_6-Trigalloylglucose.png,
1777,441381,C1=CC(=CC=C1C2=CC(=O)C3=C(C(=C(C=C3O2)O[C@H]4[C@@H]([C@H]([C@@H]([C@H](O4)CO)O)O)O)[C@H]5[C@@H]([C@H]([C@@H]([C@H](O5)CO)O)O)O)O)O,441381,ok,CMPD_6D196C6331B2_Saponarine.png,
1778,102213195,C1=CN(C=C1)C2=C3C=CC=C4C3=C(C=C2)SS4(=O)=O,102213195,ok,CMPD_6D23287915C2_Lippifoli-1-en-5-one.png,
1779,161036,C=C[C@@H]1[C@@H]2CCOC(=O)C2=CO[C@H]1O[C@H]3[C@@H]([C@H]([C@@H]([C@H](O3)CO)O)O)O,161036,ok,CMPD_6D4317628B78_sweroside.png,
1780,444305,[C@@H]([C@H](C(=O)O)O)(C(=O)O)O,444305,ok,CMPD_6D4AFE4C3123_Tartaric_acid.png,
1781,875,C(C(C(=O)O)O)(C(=O)O)O,875,ok,CMPD_6D4AFE4C3123_Tartaric_acid.png,
1782,12810,CCCCCC1CCCC(=O)O1,12810,ok,CMPD_6D6A04C8BC5E_delta_decalactone.png,
1783,6782,CC(C)COC(=O)C1=CC=CC=C1C(=O)OCC(C)C,6782,ok,CMPD_6D7084B4994A_Diisobutyl_phthalate.png,
1784,10231,COC1=C(C2=C(C=C1CC=C)OCO2)OC,10231,ok,CMPD_6D7C3A24DE5E_Dillapiole.png,
1785,11135431,CCCCOC1=CC(=C(C2=C1C(=C(C=C2OCCCC)I)N)N)I,11135431,ok,CMPD_6D9BFB2E5B41_1_2_6-Trigalloyl-HHDP-glucoside.png,
1786,25086832,CC(C)C12CCC(=C)[C@H]1C2,25086832,ok,CMPD_6DAF297098DF_cis-sabinene.png,
1787,102072049,CC(C)N(C(C)C)P(OCCSC(=O)C)O[C@H]1C[C@@H](O[C@@H]1COC(C2=CC=CC=C2)(C3=CC=C(C=C3)OC)C4=CC=C(C=C4)OC)N5C=NC6=C5N=C(N=C6OCCO[Si](C)(C)C)NC(=O)OCC[Si](C)(C)C,102072049,ok,CMPD_6DB7A6915744_amorfrutin_E.png,
1788,5318015,CC(=CCC1=C(C(=CC2=C1NC3=CC=CC=C32)C=O)O)C,5318015,ok,CMPD_6DC0EAF4BDBF_heptaphylline.png,
1789,65048,C[C@@]12CC[C@@H]3[C@@]([C@H]1CC=C4[C@]2(CC[C@@]5([C@H]4CC(CC5)(C)C)C(=O)O)C)(C[C@@H]([C@@H]([C@@]3(C)C(=O)O)O)O)C,65048,ok,CMPD_6DC3F827EDDB_medicagenic_acid.png,
1790,24836139,C[C@H]1/C=C/C=C/C=C/C=C/C=C/C=C/C=C/[C@@H](C[C@H]2[C@@H]([C@H](C[C@](O2)(C[C@H]([C@@H](CCC(=O)C[C@H](C[C@H](CC(=O)O[C@H]([C@@H]([C@@H]1O)C)C)O)O)O)O)O)O)C(=O)O)O[C@H]3[C@H]([C@H]([C@@H]([C@H](O3)C)O)N)O,24836139,ok,CMPD_6DE877C4816F_candidin.png,
1791,9167405,CC1=CC(=C(C=C1)C(=O)C)OC,9167405,ok,CMPD_6DF55F9CD0CC_2-methoxy-4-methylacetophenone.png,
1792,10103123,C[C@@H](C=C)[C@@H]1CO1,10103123,ok,CMPD_6E05C0582158_quercetin_O-hexoside.png,
1793,5281149,CCCCCCC/C=C\CC#CC#C[C@@H](C=C)O,5281149,ok,CMPD_6E09F7B1B5CE_Falcarinol.png,
1794,99474,C[C@@H]1CC[C@@]2([C@H]([C@H]3[C@@H](O2)C[C@@H]4[C@@]3(CC[C@H]5[C@H]4CC=C6[C@@]5(CC[C@@H](C6)O)C)C)C)OC1,99474,ok,CMPD_6E1D174DFD44_diosgenin.png,
1795,5490400,CC1=CC(=C(C=C1)N/N=C/2\C(=CC3=C(C2=O)C=CC(=C3)NC(=O)NC4=CC5=C(C=C4)C(=O)/C(=N\NC6=CC7=C(C=C6)C=C(C=C7)S(=O)(=O)[O-])/C(=C5)S(=O)(=O)[O-])S(=O)(=O)[O-])C.[Na+].[Na+].[Na+],5490400,ok,CMPD_6E1EE949C73B_Acacetin_7-O-sophoroside.png,
1796,15394,CCC(=O)C=C,15394,ok,CMPD_6E2403DB682E_p-Coumarin.png,
1797,475277,C1[C@H]([C@H](OC2=C1C(=CC(=C2[C@@H]3[C@H]([C@H](OC4=C3C(=CC5=C4[C@@H]6[C@H]([C@](O5)(OC7=CC(=CC(=C67)O)O)C8=CC(=C(C=C8)O)O)O)O)C9=CC(=C(C=C9)O)O)O)O)O)C1=CC(=C(C=C1)O)O)O,475277,failed,,"('Connection aborted.', RemoteDisconnected('Remote end closed connection without response'))"
1798,20393,CCCCC(CC)COC(=O)C1=CC=CC=C1C(=O)O,20393,ok,CMPD_6E35BA332F47_monoethylhexyl_phthalate.png,
1799,16129719,C1C(C(OC(=O)C2=CC(=C(C(=C2C3=C(C(=C4C5=C3C(=O)OC6=C(C(=C(C7=C(C(=C(C=C7C(=O)O1)O)O)O)C(=C56)C(=O)O4)O)O)O)O)O)O)O)C8C(OC(=O)C9=CC(=C(C(=C9C1=C(C(=C(C=C1C(=O)O8)O)O)O)O)O)O)C=O)O,16129719,ok,CMPD_6E48E33C522E_punicalagin.png,
1800,7405,C1CC(=O)N[C@@H]1C(=O)O,7405,ok,CMPD_6E54B584FCEA_Pyroglutamic_acid.png,
1801,65724,CC1=CC(=O)[C@@H]2C[C@H]1C2(C)C,65724,ok,CMPD_6E7497A5D61B_verbenone.png,
1802,102004666,C[C@H]1[C@@H]([C@H]([C@H]([C@@H](O1)OC[C@@H]2[C@H]([C@@H]([C@H]([C@@H](O2)OC[C@@H]3[C@H]([C@@H]([C@H]([C@@H](O3)OC(=O)[C@@]45CC[C@@]6(C(=CC[C@H]7[C@]6(CC[C@@H]8[C@@]7(CC[C@@H]([C@@]8(C)CO)O[C@H]9[C@@H]([C@H]([C@H](CO9)O)O)O[C@H]1[C@@H]([C@H]([C@@H]([C@H](O1)CO)O)O)O)C)C)[C@@H]4CC(CC5)(C)C)C)O)O)O)O)O)O)O)O)O,102004666,failed,,Response ended prematurely
1803,5280441,C1=CC(=CC=C1C2=CC(=O)C3=C(O2)C(=C(C=C3O)O)[C@H]4[C@@H]([C@H]([C@@H]([C@H](O4)CO)O)O)O)O,5280441,ok,CMPD_6E9FF7824FC3_apigenin-8-C-glucoside.png,
1804,5469424,COC1=C(C=CC(=C1)/C=C/C(=O)CC(=O)/C=C/C2=CC=C(C=C2)O)O,5469424,ok,CMPD_6ECDB2A9EE69_Demethoxycurcumin.png,
1805,5312413,CCCC/C=C/CCCCCCCCCC(=O)O,5312413,ok,CMPD_6ED7BBDFAE07_E-11-Hexadecenoic_acid.png,
1806,7456,COC(=O)C1=CC=C(C=C1)O,7456,ok,CMPD_6EE606E43495_methyl-4-hydroxybenzoate.png,
1807,10548420,C[C@@H]1[C@H](C[C@H]2[C@@H]1[C@@H](OC=C2C(=O)OC)O[C@H]3[C@@H]([C@H]([C@@H]([C@H](O3)CO)O)O)O)O,10548420,failed,,"('Connection aborted.', RemoteDisconnected('Remote end closed connection without response'))"
1808,8184,CCCCCCCCCCCO,8184,failed,,"('Connection aborted.', RemoteDisconnected('Remote end closed connection without response'))"
1809,13996685,CC(=O)O[C@H]1[C@@H](CO[C@H]([C@@H]1OC(=O)C)O[C@H]2CC[C@]34C[C@]35CC[C@@]6([C@H]([C@H](C[C@]6([C@@H]5C[C@@H]([C@H]4C2(C)C)O[C@H]7[C@@H]([C@H]([C@@H]([C@H](O7)CO)O)O)O)C)O)[C@]8(CC[C@H](O8)C(C)(C)O)C)C)O,13996685,ok,CMPD_6F08FE3538D5_astragaloside_I.png,
1810,119046,C[C@H](CCC(=O)NCCS(=O)(=O)O)[C@H]1CC[C@@H]2[C@@]1(CC[C@H]3[C@H]2C[C@@H]([C@H]4[C@@]3(CC[C@H](C4)O)C)O)C,119046,ok,CMPD_6F08FE3538D5_astragaloside_I.png,
1811,5459131,C1=CC(=CC=C1/C=C/C(=O)OC[C@H](COC2C(C(C(C(O2)CO)O)O)O)O)O,5459131,ok,CMPD_6F2DA738261C_Regaloside_A.png,
1812,10207,C1=CC2=C(C(=C1)O)C(=O)C3=C(C2=O)C=C(C=C3O)CO,10207,ok,CMPD_6F3148D6FE56_Aloe_emodin.png,
1813,3035292,CC1=CC2=C(C(=C1)OC)C(=O)C3(O2)C(=CC(=O)C=C3OC)C(=O)OC,3035292,ok,CMPD_6F60330E357C_Trypacidin.png,
1814,6428423,CC1=CC2[C@@H](CC[C@@](C2CC1)(C)O)C(C)C,6428423,ok,CMPD_6F8AD500CE15_cadinol.png,
1815,44256626,CC1[C@@H]([C@@H](C([C@@H](O1)OCC2[C@H](C(C([C@@H](O2)OC3=CC4=C(C=C(C=C4[O+]=C3C5=CC=C(C=C5)O)O)O)O)O)O)O)O)O,44256626,ok,CMPD_6F96F063D90D_Pelargonidin-3-rutinoside.png,
1816,102431715,C1=CC=C2C(=C1)C(=C3C(=O)NC=C(N3)C4=CC=C(C=C4)F)C=N2,102431715,ok,CMPD_6FCE2FDAFD54_5_7_4_-trihydroxy-3_8-dimethoxyflavanone.png,
1817,18504424Â,,18504424Â,failed,,400 Client Error: PUGREST.BadRequest for url: https://pubchem.ncbi.nlm.nih.gov/rest/pug/compound/cid/18504424%C3%82/PNG?image_size=500x500
1818,101737380,CC1(C2CC3CC1CC(C2)C3O)O,101737380,ok,CMPD_701AFEF1A396_hypepontine.png,
1819,102004797,CC(=O)OC[C@@]12[C@H]([C@H]([C@H]3[C@]([C@@]14[C@@H]([C@@H](C(=O)[C@H]2OC(=O)C)[C@@](O4)(COC(=O)C5=C(CC[C@@](C(=O)O3)(C)O)N=CC=C5)C)OC(=O)C)(C)O)OC(=O)C6=CC=CC=C6)OC(=O)C,102004797,ok,CMPD_706158B6E8DA_alatamine.png,
1820,92158,CC(=C)[C@@H]1CC[C@]2([C@H]1[C@H]3CC[C@@H]4[C@]5(CCC(=O)C([C@@H]5CC[C@]4([C@@]3(CC2)C)C)(C)C)C)C,92158,ok,CMPD_70633890D270_lupeone.png,
1821,101416447,CCC(C#CC#C/C=C/C=C/CCC=C)O,101416447,ok,CMPD_708055C09F09_6_-O-cinnamoylantirrinoside.png,
1822,441674,C[C@H]1[C@@H]([C@H]([C@H]([C@@H](O1)OC[C@@H]2[C@H]([C@@H]([C@H]([C@@H](O2)OC3=CC4=C(C=C(C=C4[O+]=C3C5=CC(=C(C=C5)O)O)O)O)O)O)O)O)O)O,441674,ok,CMPD_70A6EB10A13B_Cyanidin_3-rutinoside.png,
1823,29231,C[C@H]1[C@@H]([C@H]([C@H]([C@@H](O1)OC[C@@H]2[C@H]([C@@H]([C@H]([C@@H](O2)OC3=CC4=C(C=C(C=C4[O+]=C3C5=CC(=C(C=C5)O)O)O)O)O)O)O)O)O)O.[Cl-],29231,ok,CMPD_70A6EB10A13B_Cyanidin_3-rutinoside.png,
1824,10183142,CC1=C(C=C(O1)C(C(=O)O)NC2=C(C=C(C(=N2)C)Br)Br)C(=O)OC,10183142,ok,CMPD_70B1DB0B04E2_Cocciferins_T.png,
1825,5281520,C/C/1=C\CC(/C=C/C/C(=C/CC1)/C)(C)C,5281520,ok,CMPD_70C16DDA1618_Humulene.png,
1826,24762836,C1C=CC(=O)O[C@H]1C[C@H](CCC2=CC=C(C=C2)O)O,24762836,ok,CMPD_70CE4B7F5FD0_Dodoneine.png,
1827,5281818,CN(CCC1=CN(C=N1)[C@H]2[C@@H]([C@H]([C@@H]([C@H](O2)CO)O)O)O)C(=O)/C=C/C3=CC=CC=C3,5281818,ok,CMPD_7102EDBE2F59_Casimiroedin.png,
1828,7410,CC(=O)C1=CC=CC=C1,7410,ok,CMPD_711480778320_Acetophenone.png,
1829,11616,C(#N)[S-].C(#N)[S-].[Pb+2],11616,ok,CMPD_717876BFA25D_Allyl_nitrile.png,
1830,5324289,CN1CC[C@]23[C@@H]4C(=CC=C2[C@H]1CC5=C3C(=C(C=C5)OC)O4)OC,5324289,ok,CMPD_718889B77070_thebaine.png,
1831,5271805,COC1=C(C=C(C=C1)C2=CC(=O)C3=C(C=C(C=C3O2)OC)O)C4=C(C=C(C5=C4OC(=CC5=O)C6=CC=C(C=C6)O)O)O,5271805,ok,CMPD_7194D65DB4AB_ginkgetin.png,
1832,7298,C1CCC(C1)O,7298,ok,CMPD_71952A14F5F6_cyclopentanol.png,
1833,353908,COC1=CC(=CC(=C1O)OC)C2C3COC(C3CO2)C4=CC(=C(C(=C4)OC)OC(CO)C(C5=CC(=C(C=C5)O)OC)O)OC,353908,ok,CMPD_719F4CA68AC5_buddlenol_C.png,
1834,5754,C[C@]12CCC(=O)C=C1CC[C@@H]3[C@@H]2[C@H](C[C@]4([C@H]3CC[C@@]4(C(=O)CO)O)C)O,5754,ok,CMPD_71B1C04593B6_Amberin.png,
1835,11394017,C1CN(CCC1CC2=CC=CC=C2)CC(CC3=CC=CC=C3)CC(=O)O,11394017,ok,CMPD_71E244128A73_1-beta-Acetoxyfuranoeudesm-4-ene.png,
1836,443152,CCC1=C2CN3C(=CC(=C(C3=O)CO)[C@@](CC)(C(=O)[O-])O)C2=NC4=C1C=C(C=C4)O[C@H]5[C@@H]([C@H]([C@@H]([C@H](O5)C(=O)O)O)O)O,443152,ok,CMPD_721F49818254_beta-Terpineol.png,
1837,443028,COC1=CC(=CC(=C1OC)OC)[C@@H]2[C@H]3CO[C@@H]([C@H]3CO2)C4=CC(=C(C(=C4)OC)OC)OC,443028,ok,CMPD_721F56FF9EE3__-lirioresinol_beta-dimethyl_ether.png,
1838,131752427,CC1(C2CCC34CC(CCC3C2(CCC1=O)C)C5(C4O5)C)C,131752427,ok,CMPD_7230C3733B70_Dihydrosinapic_acid-O-glucoside.png,
1839,101037619,CCC(C1=CC=CC(=C1)CC2CCCCC2)OC(=O)[C@H](CC3=CC=C(C=C3)OP(=O)(OCC4=CC=CC=C4)OCC5=CC=CC=C5)NC(=O)OC(C)(C)C,101037619,ok,CMPD_724D77B8E781__25S_-5beta-Furostane-3beta_22alpha_26-triol.png,
1840,5367382,C/C=C/C/C=C/C=C,5367382,ok,CMPD_724F08EA7D06_1_3_6-octatriene.png,
1841,3041569,CC(=O)[C@@H]1CC[C@]2([C@H]1CC[C@@]3([C@@H]2CC[C@H]4[C@]3(CC[C@@H]5[C@@]4(CCCC5(C)C)C)C)C)C,3041569,ok,CMPD_7278B121836A_isoadiantone.png,
1842,442935,C1CN2C(=NC3=CC=CC=C3C2=O)[C@H]1O,442935,ok,CMPD_7279DF58C089_vasicinone.png,
1843,442155,CN1CCC2=CC(=C(C=C2[C@H]1[C@@H]3C4=C(C5=C(C=C4)OCO5)C(=O)O3)OC)OC,442155,ok,CMPD_7287E6FEBA23_adlumine.png,
1844,10735190,CC(C)C1=C(C(=C2C(=C1)C(=O)C(=C3[C@@]2(CCCC3(C)C)C)O)O)O,10735190,ok,CMPD_729000463985_6-hydroxysalvinolone.png,
1845,7641,CCCCC(CC)COC(=O)CCCCC(=O)OCC(CC)CCCC,7641,ok,CMPD_7293CD97DA46_bis_2-ethylhexyl_adipate.png,
1846,93081,C[C@@H]1CC[C@H]([C@H]2[C@]13[C@@H]2C(=C)CC3)C(C)C,93081,ok,CMPD_729A5BF6F40D_beta-cubebene.png,
1847,25079965,C[C@H]1[C@@H]([C@H]([C@H]([C@@H](O1)OC2=CC(=C3C(=C2)OC(=C(C3=O)O)C4=CC=C(C=C4)O)O)O)O)O,25079965,ok,CMPD_72A20242D1F6_Kaempferol-7-O-alpha-L-rhamnopyranoside.png,
1848,10075681,COC(=O)C1(C[C@H](C([C@@H](C1)OC(=O)/C=C/C2=CC(=C(C=C2)O)O)O)OC(=O)/C=C/C3=CC(=C(C=C3)O)O)O,10075681,ok,CMPD_72B895E21715_methyl_3_5-di-O-caffeoyl_quinate.png,
1849,11413696,CCCCCCCC/C=C\CCCCCC=C,11413696,ok,CMPD_72C328B9B39A_Tetrahydroaplotaxene.png,
1850,102146432,CCCCCCCCOC1=CC=C(C=C1)C#CC2=CC=C(C=C2)OC(=O)C3=CC=C(C=C3)OC(F)(F)F,102146432,ok,CMPD_72DEB363EAF6_Herniaria_saponin_A.png,
1851,443252,C[C@@]1([C@@H](C2=CC3=NC(=CC4=C(C(=C(N4)C=C5[C@@]([C@@H](C(=N5)C=C1N2)CCC(=O)O)(C)CC(=O)O)CC(=O)O)CCC(=O)O)C(C3CC(=O)O)CCC(=O)O)CCC(=O)O)CC(=O)O,443252,ok,CMPD_72EE83CBDA39_trans-P-mentha-1-8-dien-2-ol.png,
1852,5364492,CCCCCCCC/C=C\CCCCCCCC=O,5364492,ok,CMPD_72EE83CBDA39_trans-P-mentha-1-8-dien-2-ol.png,
1853,144,C1=CC2=C(C=C1O)C(=CN2)CC(C(=O)O)N,144,ok,CMPD_7320828C9153_5-hydroxytryptophan_5-HTP.png,
1854,439499,C1=CC(=C(C2=C1C=CC(=O)O2)O)O[C@H]3[C@@H]([C@H]([C@@H]([C@H](O3)CO)O)O)O,439499,ok,CMPD_7322CC7C5224_daphnin.png,
1855,164874,C[C@]12CC[C@@H]([C@@H]1CC[C@@]3([C@@H]2CC[C@H]4[C@]3(CC[C@@H]5[C@@]4(CCCC5(C)C)C)C)C)C(C)(C)O,164874,ok,CMPD_73259265F5D4_diplopterol.png,
1856,6476333,C[C@H]1[C@@H]([C@H]([C@H]([C@@H](O1)O[C@H]2[C@@H]([C@H](O[C@H]([C@@H]2O)OCCC3=CC(=C(C=C3)O)O)COC(=O)/C=C/C4=CC(=C(C=C4)O)O)O)O)O)O,6476333,ok,CMPD_7331AC4ECCB2_isoverbascoside.png,
1857,5192,C(CCCCC(=O)O)CCCC(=O)O,5192,ok,CMPD_73526FD08692_Decanedioic_acid.png,
1858,26840,CC(C)CCCC(C)CCCC(C)CCCC(C)CC(=O)O,26840,ok,CMPD_736E7E1B53C1_phytanic_acid.png,
1859,246983,C[C@H](CCC=C(C)C)[C@H]1CC[C@@]2([C@@]1(CCC3=C2CC[C@@H]4[C@@]3(CC[C@@H](C4(C)C)O)C)C)C,246983,failed,,"('Connection aborted.', RemoteDisconnected('Remote end closed connection without response'))"
1860,46833715,C1[C@@H]2[C@H]([C@@H]([C@@H]3[C@@H](O2)OC(=O)C4=CC(=C(C(=C4)OC5=C(C(=C(C=C5C(=O)O3)OC6=C(C(=C(C=C6C(=O)O)O)O)O)O)O)O)O)OC(=O)C7=CC(=C(C(=C7)O)O)O)OC(=O)C8=CC(=C(C(=C8C9=C(C(=C(C=C9C(=O)O1)O)O)O)O)O)O,46833715,ok,CMPD_73C11F293EA2_nilotinin_M4.png,
1861,168301776,C1=CN2C=C(C(=O)C2C1=O)C(=O)O,168301776,ok,CMPD_73CBDA693D9F_Pyrrolizin-1_7-dione-6-carboxylic_acid.png,
1862,7362,C1=COC(=C1)C=O,7362,ok,CMPD_73E30D8F22EC_2-furaldehyde.png,
1863,12921523,CCN(CC)CC.C1=CC=C(C=C1)C#CC(O)P(=O)(C(C#CC2=CC=CC=C2)O)O,12921523,ok,CMPD_741B82CEB6D2_nilotinin_D2.png,
1864,5283626,C[C@H](CCCC(C)C)[C@H]1CC[C@@H]2[C@@]1([C@H](C[C@H]3[C@H]2[C@@H](C=C4[C@@]3(CC[C@@H](C4)O)C)O)O)C,5283626,ok,CMPD_74380369C2CE_isofucosterol.png,
1865,101239851,COC1=CC=C(C=C1)O[C@H]2[C@@H]([C@H]([C@@H]([C@H](O2)COC(=O)C3=CC=CC=C3)O[C@@H]4[C@@H]([C@H]([C@H]([C@H](O4)COCC=C)OC(=O)C5=CC=CC=C5)OC(=O)C6=CC=CC=C6)OC(=O)C7=CC=CC=C7)OC(=O)C8=CC=CC=C8)OC(=O)C9=CC=CC=C9,101239851,ok,CMPD_746EEAE9CAD1_Carissaeduloside_G.png,
1866,101037618,CC(C)(C)OC(=O)N[C@@H](CC1=CC=C(C=C1)OP(=O)(OCC2=CC=CC=C2)OCC3=CC=CC=C3)C(=O)OCC4=CC=CC(=C4)CC5CCCCC5,101037618,ok,CMPD_74802E37A5E1_13-dihydrosonchucarpolide.png,
1867,890,C1(C(C(C(C(C1OP(=O)(O)O)OP(=O)(O)O)OP(=O)(O)O)OP(=O)(O)O)OP(=O)(O)O)OP(=O)(O)O,890,ok,CMPD_749BC367FD90_phytic_acid.png,
1868,5281239,C/C(=C\C=C\C=C(/C)\C=C\C=C(/C)\C(=O)C[C@]12[C@](O1)(C[C@H](CC2(C)C)O)C)/C=C/C=C(\C)/C=C=C3[C@](C[C@H](CC3(C)C)OC(=O)C)(C)O,5281239,ok,CMPD_74AD6F3DE273_fucoxanthin.png,
1869,102146951,CCN(CCN(CCN(CCN(CCN(CCN(CC)C(=O)CCCCCCCCCCC(=O)O)C(=O)CCCCCCCCCCC(=O)O)C(=O)CCCCCCCCCCC(=O)O)C(=O)CCCCCCCCCCC(=O)O)C(=O)CCCCCCCCCCC(=O)O)C(=O)CCCCCCCCCCC(=O)O,102146951,ok,CMPD_74C86B1863E4_7-hydroxycallitrisic_acid.png,
1870,5317025,C[C@H]1[C@@H]([C@H]([C@H]([C@@H](O1)OC[C@@H]2[C@H]([C@@H]([C@H]([C@@H](O2)OC3=CC(=C4C(=C3)OC(=CC4=O)C5=CC=C(C=C5)OC)O)O)O)O)O)O)O,5317025,ok,CMPD_74F3D10D1F07_Acacetin-7-O-rutinoside.png,
1871,91895373,C[C@H]1[C@@H]([C@H]([C@H]([C@@H](O1)O[C@H]2[C@@H]([C@H](O[C@H]([C@@H]2O)OCCC3=CC(=C(C=C3)OC)O)COC(=O)/C=C/C4=CC(=C(C=C4)O)OC)O)O)O)O,91895373,ok,CMPD_74F65CCF0C0A_isomartynoside.png,
1872,7067262,C[C@@]12CC[C@H](C([C@H]1CCC(=C)[C@@H]2COC3=CC4=C(C=C3)C=CC(=O)O4)(C)C)O,7067262,ok,CMPD_74FDB835A3F1_farnesiferol_A.png,
1873,131348,COC(=O)C1=CO[C@@H]([C@H]([C@H]1CCOC(=O)C2=CC(=C(C(=C2)O)O)O)C=C)O[C@H]3[C@@H]([C@H]([C@@H]([C@H](O3)CO)O)O)O,131348,ok,CMPD_7503BC884AFE_Cornuside.png,
1874,1549108,CC(=CCC/C(=C/CC/C(=C\CO)/C)/C)C,1549108,ok,CMPD_753465EBF238__2Z_6E_-farnesol.png,
1875,70697812,C1=CC(=CC=C1C2=CC(=O)C3=C(C(=C(C(=C3O2)O)O)[C@H]4[C@@H]([C@H]([C@@H]([C@H](O4)CO)O)O)O)O)O,70697812,ok,CMPD_7560B1804044_Isoscutellarein_glycoside.png,
1876,101140027,CCCCCCCCCCCC(=O)N[C@@H](CCC(=O)N)C(=O)N[C@@H](CCCCN)C(=O)O,101140027,ok,CMPD_759AC5797C85_bis_dihydrocaffeoyl_spermidine.png,
1877,529354,CCCC1=NC=C(C=C1)C=CCC,529354,ok,CMPD_75AECFA87AEC_Z-ethyl_cinnamate.png,
1878,101297610,C[C@@H]1C[C@H]2C[C@H]([C@@]34C[C@@H](CN5[C@]3(C1)[C@@H]2C[C@@H]4C5)OC(=O)C6=CC=CC=C6)O,101297610,ok,CMPD_75FDCA8802E8_nilotinin_M2.png,
1879,21594261,C[C@]12CC[C@@H]([C@@]([C@@H]1CC[C@@]3([C@@H]2C=C[C@@]45[C@]3(C[C@@H]([C@@]6([C@H]4CC(CC6)(C)C)CO5)O)C)C)(C)CO)O,21594261,ok,CMPD_760AD3C992CF_Saikogenin_F.png,
1880,5323559,COC1=C(C(=C(C(=C1)C2=CC(=O)C3=C(C=C(C=C3O2)O)O)OC)OC)O,5323559,ok,CMPD_7628AFDA1579_5_7_4_-trihydroxy-2_3_5_-trimethoxyflavone.png,
1881,452147,C1C[C@@H]([C@H]([C@@H]1CO)F)N2C=CC(=O)NC2=O,452147,ok,CMPD_762BE06C982D_gamma-sitosterol.png,
1882,135542082,CC1=C(C(=O)C2=C(C1=O)C=CC(=C2O)O)OC,135542082,ok,CMPD_7637DE316D44_Malvone_A.png,
1883,73174,C=C1CC[C@@H]2[C@@H]([C@@H]3[C@H]1CCC3=C)OC(=O)C2=C,73174,ok,CMPD_764380FAC66C_Dehydrocostus_lactone.png,
1884,21633105,C[C@@]1(CC[C@H]2[C@@H]1[C@@H](OC=C2C(=O)O)O[C@H]3[C@@H]([C@H]([C@@H]([C@H](O3)CO)O)O)O)O,21633105,ok,CMPD_768A9C8EF286_Mussaenosidic_acid.png,
1885,9017,CC(CCC=C(C)C)CCOC(=O)C,9017,ok,CMPD_7691F1E30DAA_citronellyl_acetate.png,
1886,12310403,C[C@H]([C@@](C(C)C)(C(=O)OCC1=CCN2[C@H]1CCC2)O)OC,12310403,ok,CMPD_7696E2173348_heleurine.png,
1887,119,C(CC(=O)O)CN,119,ok,CMPD_76A9B4AEEA65_gamma-Aminobutyric_acid.png,
1888,6439848,CCCCC/C=C\C/C=C\CCCCCCCCCC(=O)O,6439848,failed,,"('Connection aborted.', RemoteDisconnected('Remote end closed connection without response'))"
1889,5326079,B(C#CCC)(C1CCCCC1)C2CCCCC2,5326079,ok,CMPD_76E5C885731B__3S_5R_6S_-Loliolide_derivative.png,
1890,131752581,COC1=C(C=CC(=C1)CCC(=O)OC)OC2C(C(C(C(O2)CO)O)O)O,131752581,ok,CMPD_770B97D6CF6A_citrusin_E.png,
1891,68401,C1=CNC(=O)N=C1,68401,ok,CMPD_770F307E4447_Pyrimidin-2-ol.png,
1892,88302,CC1([C@@H]2C[C@H]1C(=C)[C@H](C2)O)C,88302,ok,CMPD_7741BA3CE4E3_Transpinocarveol.png,
1893,5351656,C1=CC=C(C=C1)NC(=O)CN.[Cl-],5351656,ok,CMPD_7741BA3CE4E3_Transpinocarveol.png,
1894,442688,C1[C@@H]2[C@H]([C@H]3[C@H](C(O2)O)OC(=O)C4=CC(=C(C(=C4C5=C(C(=C(C=C5C(=O)O3)O)O)O)O)O)O)OC(=O)C6=CC(=C(C(=C6C7=C(C(=C(C=C7C(=O)O1)O)O)O)O)O)O,442688,failed,,"('Connection aborted.', RemoteDisconnected('Remote end closed connection without response'))"
1895,34627,C=C1CCC(CC1)C(=C)CO,34627,ok,CMPD_7771F64BA605_p-mentha-1_7_8_10_-dien-9-ol.png,
1896,15600,CCCCCCCCCC,15600,ok,CMPD_777527A4B4A3_Decane.png,
1897,94266,CC(C)C12CC1C(=C)C(C2)OC(=O)C,94266,failed,,"('Connection aborted.', RemoteDisconnected('Remote end closed connection without response'))"
1898,7021154,COC(=CC1=CC=CC=C1)C(=O)O,7021154,ok,CMPD_77A39F45804D_methoxycinnamic_acid.png,
1899,328066,CC1=C(C(=O)C2=C(C1=O)C(=CC(=C2C=O)O)C(C)C)OC,328066,failed,,"('Connection aborted.', RemoteDisconnected('Remote end closed connection without response'))"
1900,11986429,CC1=CC=CC=C1.[C-]#[O+].[C-]#[O+].[Si](Cl)(Cl)Cl.[Si](Cl)(Cl)Cl.[Cr+6],11986429,ok,CMPD_77CB8BB65E08_Quercetagetin_3_5_6_7_3_-pentamethyl_ether.png,
1901,154388,C1=CC(=CC=C1C2=C(C=C(C=C2Br)Br)Br)Br,154388,ok,CMPD_77CB8BB65E08_Quercetagetin_3_5_6_7_3_-pentamethyl_ether.png,
1902,72277,C1[C@H]([C@H](OC2=CC(=CC(=C21)O)O)C3=CC(=C(C(=C3)O)O)O)O,72277,ok,CMPD_77CCF5EB620C_epigallocatechin_gallate.png,
1903,441828,C[C@H](CC[C@H]([C@@](C)([C@H]1CC[C@@]2([C@@]1(CC[C@H]3C2=CC(=O)[C@H]4[C@@]3(C[C@@H]([C@@H](C4)O)O)C)C)O)O)O)CO,441828,ok,CMPD_77FC9B0476D7_Inkosterone.png,
1904,102555627,CC1CN(CC(O1)C)C2=NC=C(C=C2)C(=O)NC3=CN=C(C=C3)NC4=CC=CC=C4,102555627,ok,CMPD_77FC9B0476D7_Inkosterone.png,
1905,10115041,CN(C)C1=NC(=NC2=CC=CC=C21)NC3CCC(CC3)CNC(=O)CC4=CC(=C(C=C4)F)F,10115041,ok,CMPD_77FC9B0476D7_Inkosterone.png,
1906,161860,C1=CC=C(C(=C1)C2=CC(=O)C3=CC=CC=C3O2)O,161860,ok,CMPD_78134520101C_Hydroxyflavon.png,
1907,636822,C/C=C/C1=CC(=C(C=C1OC)OC)OC,636822,ok,CMPD_781BC4AA5AC2_Asarone.png,
1908,12406,CCCCCCCCCCCCCCCCCCCCCCCCC,12406,ok,CMPD_783121D730C0_n-pentacosane.png,
1909,44254084,CCO[C@H]1[C@@H]([C@]2(CC[C@]3([C@@H](C[C@@H]4[C@@H]5[C@@]3(CCC[C@@]5(C(=O)O4)C)C)C)O[C@H]2O1)O)O,44254084,ok,CMPD_783A2DC28D5F_marrulibacetal_A.png,
1910,12921504,CC(C)N1C(=O)C=NN1,12921504,ok,CMPD_783A2DC28D5F_marrulibacetal_A.png,
1911,5371138,CCOC1=CC=CC=C1C(=O)N/N=C(\C)/C2=CC=CC=C2,5371138,ok,CMPD_7854FF4167C8_Methyl_p-coumarate.png,
1912,10091884,CCCSS[C@H]1[C@@H]([C@H](O[C@H]1N2C=NC3=C2N=C(N=C3Cl)N)CO)O,10091884,ok,CMPD_785940364350_Salvibuchanic_acid.png,
1913,445638,CCCCCC/C=C\CCCCCCCC(=O)O,445638,ok,CMPD_78608DE1EB94_palmitoleic_acid.png,
1914,441837,CC[C@H](CC[C@@H](C)[C@H]1CC[C@@H]2[C@@]1(CC[C@H]3C2=CC[C@@H]4[C@@]3(CC[C@@H](C4)O)C)C)C(C)C,441837,ok,CMPD_787B44599D15_schottenol.png,
1915,5281613,C[C@H]1[C@@H]([C@H]([C@H]([C@@H](O1)OC[C@@H]2[C@H]([C@@H]([C@H]([C@@H](O2)OC3=CC(=C4C(=C3)OC(=CC4=O)C5=CC(=C(C=C5)OC)O)O)O)O)O)O)O)O,5281613,ok,CMPD_78822B740133_Diosmin.png,
1916,6998,C1=CC=C(C(=C1)C=O)O,6998,ok,CMPD_7885A5416019_Salicylaldehyde.png,
1917,31244,COC1=CC=C(C=C1)C=O,31244,ok,CMPD_78863D535A8B_p-anisaldehyde.png,
1918,101673911,CC1=CC=C(C=C1)C2=CS/C(=N/[N+](=O)O)/N2C,101673911,ok,CMPD_78D0033721F2_Isorhamnetin_3-O-xylosylglucoside.png,
1919,6758,CC(=C)[C@H]1CC2=C(O1)C=CC3=C2O[C@@H]4COC5=CC(=C(C=C5[C@@H]4C3=O)OC)OC,6758,ok,CMPD_78EA4A53B36D_rotenone.png,
1920,14466231,C[C@@H]1CC[C@@]2(CC[C@@]3(C(=CC[C@H]4[C@]3(CC[C@@H]5[C@@]4(CC[C@@H](C5(C)C)O[C@H]6[C@@H]([C@H]([C@@H]([C@H](O6)C)O)O)O)C)C)[C@@H]2[C@H]1C)C(=O)O)C(=O)O[C@H]7[C@@H]([C@H]([C@@H]([C@H](O7)CO)O)O)O,14466231,ok,CMPD_78FEB3DC53A2_3-O-beta-D-quinovopyranosyl-quinovic_acid_28-O-beta-D-glucopyranosyl_ester.png,
1921,489944,C[C@@]12CC[C@]3(CCC(C=C3[C@H]1CC[C@H]4[C@]2(CC[C@@H]5[C@@]4(CC[C@@H](C5(C)C)O)C)C)(C)C)C(=O)O,489944,ok,CMPD_7916658C125A_Morolic_acid.png,
1922,101679107,C[C@H]1[C@@H]([C@H]([C@H]([C@@H](O1)O[C@@H]2[C@H]([C@H]([C@H](O[C@H]2O[C@@H]3[C@H]([C@@H]([C@H](O[C@H]3O[C@H]4CC[C@]5([C@H](C4(C)C)CC[C@@]6([C@@H]5CC=C7[C@]6(CC[C@@]8([C@H]7CC(CC8=O)(C)C)C)C)C)C)C(=O)O)O)O)CO)O)O)O)O)O,101679107,ok,CMPD_79348CBDB167_Phaseoside_IV.png,
1923,64971,CC(=C)[C@@H]1CC[C@]2([C@H]1[C@H]3CC[C@@H]4[C@]5(CC[C@@H](C([C@@H]5CC[C@]4([C@@]3(CC2)C)C)(C)C)O)C)C(=O)O,64971,ok,CMPD_79381E2830EB_Betulinic_acid.png,
1924,460893,COC(=O)C1(CC(C(C(C1)OC(=O)C=CC2=CC(=C(C=C2)O)O)O)OC(=O)C=CC3=CC(=C(C=C3)O)O)O,460893,ok,CMPD_794933F1EC7F_macranthoin_G.png,
1925,8141,CCCCCCCCC,8141,ok,CMPD_794A17084557_Nonane.png,
1926,107412,C[C@]12CC[C@H]3[C@@]4(CCCC([C@H]4CC[C@@]3(C1)C=C2)(C)C)C,107412,ok,CMPD_795310D2D2D7_ent-beyerene.png,
1927,638278,C1=CC(=CC=C1/C=C/C(=O)C2=C(C=C(C=C2)O)O)O,638278,ok,CMPD_795A7A375936_Isoliquiritigenin.png,
1928,5281227,CC1=C(C(CCC1=O)(C)C)/C=C/C(=C/C=C/C(=C/C=C/C=C(/C=C/C=C(/C=C/C2=C(C(=O)CCC2(C)C)C)\C)\C)/C)/C,5281227,ok,CMPD_795A7A375936_Isoliquiritigenin.png,
1929,120593,COC1=CC(=CC(=C1OC)OC)C(=O)ON=C2C3=CC=CC=C3C4=CC=CC=C42,120593,ok,CMPD_7982D932C872_5-hydroxy---1H-indole-3-carbaldehyde.png,
1930,155173,C[C@H]1C[C@@H]2[C@H](CC=C1CCC(=O)C)C(=C)C(=O)O2,155173,ok,CMPD_79988D66F119_tomentosin.png,
1931,1549026,CC(=CCC/C(=C/COC(=O)C)/C)C,1549026,ok,CMPD_799A423B2300_Geranyl_acetate.png,
1932,6780,C1=CC=C2C(=C1)C(=O)C3=CC=CC=C3C2=O,6780,ok,CMPD_79A8972321DA_anthraquinone.png,
1933,114632,CC(=CC(=O)C)O[Si](C)(C)C,114632,ok,CMPD_79AC40B91F01_2_3_4-trimethylthiophene.png,
1934,526279,C1=C2C(=C(C(=C1Br)Cl)Br)OC3=C(C(=C(C=C3O2)Br)Cl)Br,526279,ok,CMPD_79AC40B91F01_2_3_4-trimethylthiophene.png,
1935,5321954,COC1=CC=C(C=C1)C2=CC(=O)C3=C(C=C(C=C3O2)O[C@H]4[C@@H]([C@H]([C@@H]([C@H](O4)CO)O)O)O)O,5321954,ok,CMPD_79CA4B57EA10_acacetin-7-O-glucoside.png,
1936,9322,C(#N)[S-],9322,ok,CMPD_79F4CEB1728C_thiocyanate.png,
1937,131752127,C1CC2C3(CCC4C2(CC(=O)C5=C4C=CO5)CO)CC1C(C3)(COC6C(C(C(C(O6)CO)O)O)O)O,131752127,ok,CMPD_7A3347DB4616_eupheliotriols_A.png,
1938,12235227,CCCCCCCC[C@H]1[C@H](O1)CCCCCCCC(=O)O,12235227,ok,CMPD_7A353A653358_9_10-epoxy-octadecanedioic_acid.png,
1939,29025,CC1=CC(=O)C2CC1C2(C)C,29025,ok,CMPD_7A38055C46EF_cis-verbenone.png,
1940,115049,C[C@@H]1CC2=C(C1=O)C(=C(C(=C2)C)CCO)C,115049,ok,CMPD_7A39B160DE51_Crysanthenone.png,
1941,5780,C([C@H]([C@H]([C@@H]([C@H](CO)O)O)O)O)O,5780,ok,CMPD_7A422879511B_sorbitol.png,
1942,14534,C1=CC=C2C(=C1)C=CC(=C2[NH3+])O.[Cl-],14534,ok,CMPD_7A61E4B3C843_vitamins_B1.png,
1943,11008,CCCCCCCCCCCCCCCCCCCCCCCCCCCCCCCC,11008,ok,CMPD_7A8F8605A1A3_Dotriacontane.png,
1944,13917457,CCC(C)CC(C)C1=NC2=CC=CC=C2N=C1C,13917457,ok,CMPD_7A8FB24BA797_3-O-methyl-3_4-methylenedioxyellagic_acid.png,
1945,985,CCCCCCCCCCCCCCCC(=O)O,985,ok,CMPD_7A9B4F722009_Palmitic_acid.png,
1946,102213766,CC(C(=C)/C=C/C1=CC=C(C=C1)C=C)OC(=O)C2=CC=CC=C2,102213766,ok,CMPD_7AA58268406E_2alpha_3beta-dihydroxydammara-20_24-diene.png,
1947,115300,CC1=CC2=C(C(=C1)O)C(=C(C(=C2C(C)C)O)O)C=O,115300,ok,CMPD_7AAC7848BA02_isohemigossypol.png,
1948,5319116,C1=CC(=C(C=C1C2=CC(=O)C3=C(C=C(C=C3O2)O)O)O)O[C@H]4[C@@H]([C@H]([C@@H]([C@H](O4)CO)O)O)O,5319116,ok,CMPD_7AAD48596B93_luteolin-4-O-glucoside.png,
1949,5282128,CC1=C(C=CC2=C1OC(=C(C2=O)NC(=O)C3=CNC(=C3C)C(=O)NC4=C(OC5=C(C4=O)C=CC(=C5C)O)O)O)O,5282128,ok,CMPD_7AAD48596B93_luteolin-4-O-glucoside.png,
1950,12304738,C1=CC(=C(C=C1C2=CC(=O)C3=C(C=C(C=C3O2)O)O)O)OC4[C@@H]([C@H]([C@@H]([C@H](O4)CO)O)O)O,12304738,ok,CMPD_7AAD48596B93_luteolin-4-O-glucoside.png,
1951,22227,C[C@@H]1CC[C@H](CC1=O)C(=C)C,22227,ok,CMPD_7AB4A6505503_trans-dihydrocarvone.png,
1952,300085,CC(C)C1(CCC(C=C1)(C)O)O,300085,ok,CMPD_7ABA91725942_1_4-dihydroxy-p-menth-2-ene.png,
1953,73386,COC1=CC(=CC(=C1O)O)C2=[O+]C3=CC(=CC(=C3C=C2O)O)O.[Cl-],73386,ok,CMPD_7B045A2D762C_Petunidin.png,
1954,69061,C1=CC=C2C(=C1)C=CC3=C2C=CC(=C3)O,69061,ok,CMPD_7B2036751CF6_2-phenanthrenol.png,
1955,5320839,C1=CC(=C(C=C1C2=C(C(=O)C3=C(C=C(C=C3O2)O[C@H]4[C@@H]([C@H]([C@@H]([C@H](O4)C(=O)O)O)O)O)O)O[C@@H]5[C@H]([C@@H]([C@H]([C@@H](O5)C(=O)O)O)O)O)O)O,5320839,ok,CMPD_7B42EC6BB924_Isorhamnetin_3-O-alpha-L-rhamnoside.png,
1956,44257896,CC1[C@@H](C([C@@H]([C@@H](O1)OC2=CC(=C3C(=C2)OC(=CC3=O)C4=CC=C(C=C4)OC)O)O)O)O,44257896,ok,CMPD_7B76F3E5F214_acacetin-7-O-rhamnoside.png,
1957,101344485,CO[C@@H]1[C@@H]([C@H]([C@@H]([C@H](O1)COC(=O)C2=CC=CC=C2)O[C@@H]3[C@@H]([C@H]([C@H]([C@H](O3)COCC4=CC=CC=C4)OCC5=CC=CC=C5)OCC6=CC=CC=C6)OCC7=CC=CC=C7)OC(=O)C8=CC=CC=C8)OC(=O)C9=CC=CC=C9,101344485,ok,CMPD_7B76F3E5F214_acacetin-7-O-rhamnoside.png,
1958,5490399,CCCCCCC(CC=CCCCCCCCC(=O)OCC(COC(=O)CCCCCCCC=CCC(CCCCCC)OS(=O)(=O)[O])OC(=O)CCCCCCCC=CCC(CCCCCC)OS(=O)(=O)[O])OS(=O)(=O)[O],5490399,ok,CMPD_7B76F3E5F214_acacetin-7-O-rhamnoside.png,
1959,12409,CCCCCCCCCCCCCCCCCCCCCCCCCCCCC,12409,ok,CMPD_7B7E1C1F160A_nonacosane.png,
1960,10173618,CCOC(=O)CC1=CC(=C(N=C1)C2=CC=CC=C2)CC3=NC4=C(C(=CC(=C4S3)F)F)F,10173618,ok,CMPD_7B80D285B345_Afrocyclamin_B.png,
1961,14126749,C1CN(CCN1CCCl)C2=C(C=C(C=C2)F)F.Cl,14126749,ok,CMPD_7BA35DF7D1E2_Hispidulin-7-O-_-glucuronide.png,
1962,13058,C1CC2=CC=CC=C2C3=CC=CC=C31,13058,ok,CMPD_7BA5D729D81A_Dihydrophenanthrenes.png,
1963,5280601,C1=CC(=C(C=C1C2=CC(=O)C3=C(C=C(C=C3O2)O[C@H]4[C@@H]([C@H]([C@@H]([C@H](O4)C(=O)O)O)O)O)O)O)O,5280601,ok,CMPD_7BC584AEC00F_Luteolin_7-O-glycoside.png,
1964,9909368,C[C@@H]1C(=O)O[C@@H]2[C@]1([C@@]34C(=O)O[C@H]5[C@]3(C2)[C@@]6([C@@H](C5)C(C)(C)C)[C@H](C(=O)O[C@H]6O4)O)O,9909368,ok,CMPD_7BCF1BB1702F_Ginkgool.png,
1965,179651,C[C@@]12CC[C@H]3[C@]([C@@]14[C@H](O4)C(=O)O[C@H]2C5=COC=C5)(C(=O)C[C@@H]6[C@@]37COC(=O)C[C@@H]7OC6(C)C)C,179651,ok,CMPD_7BDD7C53C6E5_limonin.png,
1966,152430,COC1=C(C=C(C=C1)C2=CC(=O)C3=C(C(=C(C=C3O2)OC)OC)O)OC,152430,ok,CMPD_7BDE59A6872A_5-hydroxy-6_7_3_4-tetramethoxyflavone.png,
1967,5366472,CC12CCC(CC1CCC3C2C(CC\4(C3CC/C4=N\OC)C)O[Si](C)(C)C)O[Si](C)(C)C,5366472,ok,CMPD_7BE8E9B52BBE_Guaia-6_10-dien-4_-ol.png,
1968,14081907,C1C=C([C@H]2[C@@H]1C=CO[C@H]2O[C@H]3[C@@H]([C@H]([C@@H]([C@H](O3)CO)O)O)O)CO,14081907,ok,CMPD_7BF3920AF70B_Bartsioside.png,
1969,10103131,[Li+].COCOCC=[CH-],10103131,ok,CMPD_7C002C5AAF77_cyanidin-O-hexoside.png,
1970,5387614,CC(=CCC/C(=C/CCC1(C=CC2=C(O1)C3=CC=CC=C3OC2=O)C)/C)C,5387614,ok,CMPD_7C00B36E82EB_Ferprenin.png,
1971,101456949,CCOC(=O)CC[C@@H](C(=O)C1=C(C=CC(=C1)OC)OC)OC(C2=CC=CC=C2)C3=CC=CC=C3,101456949,ok,CMPD_7C04BC483303_Peregrine.png,
1972,495345,CCN1CC2(CCC(C34C2C(C(C31)C5(CC(C6CC4C5C6O)OC)OC)OC(=O)C)OC)C,495345,ok,CMPD_7C04BC483303_Peregrine.png,
1973,541568,CC(=O)OCC(C(C(C(=O)C#N)OC(=O)C)OC(=O)C)OC(=O)C,541568,ok,CMPD_7C174A5C9185_Tetraacetyl-d-xylonic_nitrile.png,
1974,12300213,C[C@H]1CCC2=C(C=NC=C12)C(=O)O,12300213,ok,CMPD_7C2402E348C3_plantagonine.png,
1975,11417,CC1=C(C=NC=C1)C,11417,ok,CMPD_7C3818679D2E_3-n-butylphthalide.png,
1976,61361,CCCCC1C2=CC=CC=C2C(=O)O1,61361,ok,CMPD_7C3818679D2E_3-n-butylphthalide.png,
1977,9548714,C[C@H](CCCC(C)C)[C@H]1CC[C@@]2([C@@H]1CC[C@H]3[C@]2(CC[C@@H]4[C@@]3(CCCC4(C)C)C)C)C,9548714,ok,CMPD_7C40321746ED_Dammarane_triterpenoid.png,
1978,122553541,C1=CC(=C(C(=C1)O)O[C@H]2[C@@H]([C@H]([C@@H]([C@H](O2)C(=O)O)O)O)O)O,122553541,ok,CMPD_7C459A3894D3_Pyrogallol-2-O-glucuronide.png,
1979,10621,C[C@H]1[C@@H]([C@H]([C@H]([C@@H](O1)OC[C@@H]2[C@H]([C@@H]([C@H]([C@@H](O2)OC3=CC(=C4C(=O)C[C@H](OC4=C3)C5=CC(=C(C=C5)OC)O)O)O)O)O)O)O)O,10621,ok,CMPD_7C62E6D7D1C6_Hespiridin.png,
1980,72616,CN1CCC2=CC(=C(C=C2C(=O)CC3=C(C1)C4=C(C=C3)OCO4)OC)OC,72616,ok,CMPD_7C63B1EA7FB2_cryptopine.png,
1981,27398,CC(=O)O[C@H]1CC[C@@]2(C3CC[C@@]4(C(CC[C@@]4(C3CC=C2C1)O)C5=CC(=O)OC5)C)C=O,27398,ok,CMPD_7C70B750F6BB_nerolidol-E.png,
1982,10183130,C[Si](C)(C)O[C@@H]1CC2(CCN(CC2)[C@@H]3CCC4=C(C3)C=CC(=C4)C#N)OC5=C1C=C(C=C5)N,10183130,ok,CMPD_7C79C567582C_thalassiolin_D.png,
1983,143717,CC1=CCC(CC1=O)C(C)(C)O,143717,ok,CMPD_7C79C8BF19DC_carvone_hydrate.png,
1984,5281350,C/C=C\1/CN[C@H]2C[C@H]1C([C@@]34[C@@]2(NC5=CC=CC=C53)OCC4)(CO)C(=O)OC,5281350,ok,CMPD_7C7E34E7F925_N-acetyl_loline.png,
1985,101614068,CC1(CN[P+](OC1)(NC2=CC=C(C=C2)F)[O-])C,101614068,ok,CMPD_7C9E3C7B5716_Arganine_D.png,
1986,736186,COC1=C(C=C(C=C1)/C=C/C(=O)O)O,736186,ok,CMPD_7CBA30DC0008_isoferulic_acid.png,
1987,10915671,CC1=CC=C(C=C1)S(=O)(=O)N2[C@H]([C@H]2CO[Si](C)(C)C(C)(C)C)CO,10915671,ok,CMPD_7CE82794B5A1_3-alpha-phenylacetyltropane.png,
1988,16212170,[2H]C1=C(C(=C(C(=C1[2H])[2H])C(=C2C=CC(=[N+](C)C)C=C2)C3=CC=C(C=C3)N(C)C)[2H])[2H],16212170,ok,CMPD_7CF12E5B8455_Ficin.png,
1989,10151874,C1=C2C3=C(C(=C1O)O)OC(=O)C4=CC(=C(C(=C43)OC2=O)O)OC5=C(C(=C(C=C5C(=O)O)O)O)O,10151874,ok,CMPD_7D0A0B8D3182_valoneic_acid.png,
1990,12444662,C1=C(C(=C(C(=C1O)O)O)C2=C(C(=C(C=C2C(=O)O)OC3=C(C(=C(C=C3C(=O)O)O)O)O)O)O)C(=O)O,12444662,ok,CMPD_7D0A0B8D3182_valoneic_acid.png,
1991,10091874,CC(C)[C@H]([C@@]1(CC(=NO1)C2=CC=CC=C2)C(=O)OC)O[Si](C)(C)C(C)(C)C,10091874,ok,CMPD_7D25A4205F44_shogunal.png,
1992,12558,C1CC2CCCN2C1,12558,ok,CMPD_7D3F636B1D7A_Pyrrolizidine.png,
1993,246728,CCCCCC(=O)CC,246728,ok,CMPD_7D4CD610BA19_3-octanone.png,
1994,10379640,CC(=CCC1=C2C3=CC=CC=C3NC2=C(C=C1C=O)OC)C,10379640,ok,CMPD_7D532204FCB5_ekeberginine.png,
1995,100528,COC1=C(C=C(C=C1)C[C@H]2COC(=O)[C@@H]2CC3=CC(=C(C=C3)O[C@H]4[C@@H]([C@H]([C@@H]([C@H](O4)CO)O)O)O)OC)OC,100528,ok,CMPD_7D54E9E9F8E6_arctiin.png,
1996,4970,CN1CCC2=CC3=C(C=C2C(=O)CC4=C(C1)C5=C(C=C4)OCO5)OCO3,4970,ok,CMPD_7D5E529737E8_protopine.png,
1997,6474309,C1[C@H]([C@@H]([C@@H](C[C@]1(C(=O)O)O)OC(=O)/C=C/C2=CC(=C(C=C2)O)O)OC(=O)/C=C/C3=CC(=C(C=C3)O)O)O,6474309,ok,CMPD_7D6DAE8C8C8F_3-dicaffeoylquinic_acid.png,
1998,6455477,COC1=C(C=CC(=C1)C2=C(C(=O)C3=C(C=C(C=C3O2)O[C@H]4[C@@H]([C@H]([C@@H]([C@H](O4)CO)O)O)O)O)O)O,6455477,ok,CMPD_7D734F9B61FB_isorhamnetin-7-O-beta-D-glucopyranoside.png,
1999,5318083,COC1=C(C=C2C(=C1O)C(=O)C=C(O2)C3=CC=C(C=C3)O)O[C@H]4[C@@H]([C@H]([C@@H]([C@H](O4)CO)O)O)O,5318083,ok,CMPD_7D8020E344EE_hispidulin-7-O-glucoside.png,
2000,73659,C[C@@]12CC[C@@H]3[C@@]([C@H]1CC=C4[C@]2(CC[C@@]5([C@H]4CC(CC5)(C)C)C(=O)O)C)(C[C@H]([C@@H](C3(C)C)O)O)C,73659,ok,CMPD_7DA1BAED0F81_maslinic_acid.png,
2001,5281607,C1=CC=C(C=C1)C2=CC(=O)C3=C(C=C(C=C3O2)O)O,5281607,ok,CMPD_7DC614224CA4_Chrysin.png,
2002,12303662,CC[C@H](CC[C@@H](C)[C@H]1CCC2[C@@]1(CC[C@H]3[C@H]2CC=C4[C@@]3(CC[C@@H](C4)O)C)C)C(C)C,12303662,ok,CMPD_7DDB64E5F0FA_Kaurene.png,
2003,119058015,C1[C@H]([C@@H](OC(=O)C2=CC(=C(C(=C2C3=C(C(=C(C=C3C(=O)O1)O)OC4=C(C(=C(C=C4C(=O)O)O)O)O)O)O)O)O)[C@H]5[C@@H](OC(=O)C6=CC(=C(C(=C6C7=C(C(=C(C=C7C(=O)O5)O)O)O)O)O)O)C=O)O,119058015,ok,CMPD_7DF7DF3D1A1D_Platycaryanin_B.png,
2004,7517,C1CCC(=NO)CC1,7517,ok,CMPD_7E01C68DA843_Ppropiolic_acid.png,
2005,5280444,C/C(=C\CNC1=C2C(=NC=N1)N(C=N2)C[C@@H](C(=O)O)N)/CO,5280444,ok,CMPD_7E1582125700_Isoorientin.png,
2006,114776,C1=CC(=C(C=C1C2=CC(=O)C3=C(O2)C=C(C(=C3O)[C@H]4[C@@H]([C@H]([C@@H]([C@H](O4)CO)O)O)O)O)O)O,114776,ok,CMPD_7E1582125700_Isoorientin.png,
2007,8363,C1=CC=C(C=C1)COC(=O)C2=CC=CC=C2O,8363,ok,CMPD_7E16A7E0A1CE_salicylic_acid_benzyl_ester.png,
2008,5280704,C1=CC(=CC=C1C2=CC(=O)C3=C(C=C(C=C3O2)O[C@H]4[C@@H]([C@H]([C@@H]([C@H](O4)CO)O)O)O)O)O,5280704,ok,CMPD_7E3C35E3FD7F_Cosmetin.png,
2009,5281719,COC1=CC(=CC(=C1)O)/C=C/C2=CC=CC=C2,5281719,ok,CMPD_7E47822CFEE9_seneciphyline.png,
2010,11652416,C/C=C(/C=O)\[C@@H](CC=O)CC(=O)OCCC1=CC=C(C=C1)O,11652416,ok,CMPD_7E4FAED932D0_oleocanthal.png,
2011,6432285,CC(=C)[C@H]1CC[C@]1(C)CCO,6432285,ok,CMPD_7E51DCAE3A66_fragranol.png,
2012,1715135,CCCCCC/C(=C/C1=CC=CC=C1)/C=O,1715135,ok,CMPD_7E638B691BF1_hexyl_cinnamic_aldehyde.png,
2013,96943,CC1=CC2=C(C3=C1OC(C=C3)(C)C)NC4=CC=CC=C42,96943,ok,CMPD_7E653B120ACB_girinimbine.png,
2014,141018,CCOC(=O)C1=C(NC(=C1C)[N+](=O)[O-])C,141018,ok,CMPD_7E7E20D26A0E_Alaternoside_A.png,
2015,5281616,C1=CC=C(C=C1)C2=C(C(=O)C3=C(C=C(C=C3O2)O)O)O,5281616,ok,CMPD_7E9062217C6E_galangin.png,
2016,10565,C(=O)([O-])[O-].[Co+2],10565,ok,CMPD_7E976BB15215_alpha-Toxicarol.png,
2017,88708,C=C[C@H]1[C@@H](OC=C2C1=CCOC2=O)O[C@H]3[C@@H]([C@H]([C@@H]([C@H](O3)CO)O)O)O,88708,ok,CMPD_7E980CFAE6FC_gentiopicrin.png,
2018,9015,COC1=CC=C(C=C1)O,9015,ok,CMPD_7EAF06E9C6A1_mequinol.png,
2019,12592,CCCCCCCCCCCCCCCCCCCCCCCC,12592,ok,CMPD_7EC708F5B438_tetracosane.png,
2020,10919701,C[C@H]1[C@@H]([C@H]([C@H]([C@@H](O1)OC[C@@H]2[C@@H]([C@@H]([C@H]([C@@H](O2)OC3=C(OC4=CC(=CC(=C4C3=O)O)O)C5=CC=C(C=C5)O)O[C@H]6[C@@H]([C@@H]([C@H]([C@@H](O6)C)O)O)O)O)O)O)O)O,10919701,ok,CMPD_7ED657CE6BB3_Mauritianin.png,
2021,5280746,C1[C@@]([C@H]([C@@H](O1)O[C@@H]2[C@H]([C@@H]([C@H](O[C@H]2OC3=CC(=C4C(=C3)OC(=CC4=O)C5=CC=C(C=C5)O)O)CO)O)O)O)(CO)O,5280746,ok,CMPD_7EDEA9E19CA6_apiin.png,
2022,5280703,CCCCC[C@@H]1C(=C/C=C\CCCCCCCC(=O)O)O1,5280703,ok,CMPD_7EDEA9E19CA6_apiin.png,
2023,5318711,C[C@H]1[C@@H]([C@H]([C@H]([C@H](O1)O[C@H]2[C@H]([C@H](O[C@H]([C@@H]2OC(=O)/C=C/C3=CC(=C(C=C3)O)OC)CO[C@@H]4[C@@H]([C@@H]([C@H]([C@@H](O4)CO)O)O)O)OCCC5=CC(=C(C=C5)O)O)O)O)O)O,5318711,ok,CMPD_7EE44D1BFEC0_Nicotoflorin.png,
2024,107938,C[C@@H]([C@@](C(C)C)(C(=O)OCC1=CCN2[C@H]1[C@@H](CC2)O)O)O,107938,ok,CMPD_7EEF0B7B1669_Lycopsamine.png,
2025,443181,C[C@@H]1CC[C@@H](CC1=O)C(=C)C,443181,ok,CMPD_7EFFD5474397_cis-dihydrocarvone.png,
2026,445354,CC1=C(C(CCC1)(C)C)/C=C/C(=C/C=C/C(=C/CO)/C)/C,445354,ok,CMPD_7F225510AFB1_vitamins_A.png,
2027,10183144,C1=CC2=C(C=CC(=C2N=C1)OCCNCC3=CC(=CN=C3)C4=C(C=C(C=C4)F)F)Cl.Cl,10183144,ok,CMPD_7F2CC499382D_Rhanteriol.png,
2028,159287,COC1=CC(=CC(=C1O)OC)C2=[O+]C3=CC(=CC(=C3C=C2O)O)O,159287,ok,CMPD_7F3AD6ABFF0A_Malvidin.png,
2029,9547230,CC1=C(C[C@H](CC1)O)/C=C/C2=CCC[C@]3([C@H]2CC[C@@H]3[C@H](C)/C=C/[C@H](C)C(C)C)C,9547230,ok,CMPD_7F3F3056E018_provitamin_D.png,
2030,68346,CC(=CC(=O)C(C)(C)C=C)C,68346,ok,CMPD_7F46B9B24A72_Artemisia_ketone.png,
2031,7239,C1=CC=C(C(=C1)Cl)Cl,7239,ok,CMPD_7F4B8564DC82_1_2-Dimethylbenzene.png,
2032,5317319,CC(=CCC/C(=C\CCC(=C)C=C)/C)C,5317319,ok,CMPD_7F4EDD425551__Z_-beta-farnesene.png,
2033,6432468,C[C@H]1CC[C@H]([C@@H](C1)O)C(C)C,6432468,ok,CMPD_7F51334EA321_isomenthol.png,
2034,10091879,C1=CC(=CC=C1C2=C(C=NN2)C3=NC(=NC=C3)NC4=CC=C(C=C4)C(=O)O)Cl,10091879,ok,CMPD_7F569105336F_ent-trachylobane-2alpha_18_19-triol.png,
2035,9996305,C[C@H]1C(=O)N/C(=C\C2=C(NC3=CC=CC=C32)C(C)(C)C=C)/C(=O)N1,9996305,ok,CMPD_7F6A56AADED7_neoechinulin_A.png,
2036,44559134,C[C@@]12[C@H](CC[C@@]1([C@@H]3CC[C@H]4C[C@@H]5[C@@H](C[C@@]4([C@H]3C[C@H]2O)CO)O[C@]6([C@@H](C[C@H](O[C@H]6O5)CO)O)O)O)C7=CC(=O)OC7,44559134,ok,CMPD_7F89AACA6DE3_ghalakinoside.png,
2037,1549025,CC(=CCC/C(=C\COC(=O)C)/C)C,1549025,ok,CMPD_7F8C8A55B026_Neryl_acetate.png,
2038,14166207,CC1([C@H]2CC[C@@]3(C2)[C@@H](C1=C)CCC3=O)C,14166207,ok,CMPD_7FBE3C299D8C_khusimone.png,
2039,5320686,C1=CC(=CC=C1/C=C/C(=O)OC[C@@H]2[C@H]([C@@H]([C@H]([C@@H](O2)OC3=C(OC4=CC(=CC(=C4C3=O)O)O)C5=CC=C(C=C5)O)O)O)O)O,5320686,ok,CMPD_7FC1DA27E097_tiliroside.png,
2040,10026656,C[C@H]1[C@@H]([C@H]([C@H]([C@@H](O1)OC2=C(C3=C4C(=C2)C(=O)OC5=C4C(=CC(=C5O)O)C(=O)O3)O)O)O)O,10026656,ok,CMPD_7FD9EDF40D6F_Ellagic_acid_deoxyhexose.png,
2041,482788,C[C@@]12CC[C@@H]3[C@@H]([C@H]1C(=C)CC[C@H]2O)OC(=O)C3=C,482788,ok,CMPD_7FDC58B341A1_reynosin.png,
2042,11180479,C1=CC(=CC=C1CC2C(=O)NC(=O)S2)OC3=C(C=C(C=C3F)CC(C(=O)O)NC(=O)C(CC4=CN=CN4)N)F,11180479,ok,CMPD_7FE6FF2724B8_solstitialin_A.png,
2043,5317580,C[C@]12[C@H](CCC3([C@@H]1[C@@H]([C@]45[C@H]3CC[C@](C4)(C(=C)C5)O)C(=O)O)OC2=O)O,5317580,ok,CMPD_7FFD757925F3_3-formyl-1-hydroxycarbazole.png,
2044,5462456,C[C@H](CCC(=O)[O])[C@H]1CC[C@@H]2[C@@]1([C@H](C[C@H]3[C@H]2CC[C@H]4[C@@]3(CC[C@H](C4)O)C)O)C,5462456,ok,CMPD_800D701F5F7C_3-beta-hyoscyamine.png,
2045,93005,CCC(C(C)O)[N+](=O)[O-],93005,ok,CMPD_8021DB409409_endobornyl_acetate.png,
2046,93009,CC(=O)O[C@@H]1C[C@@H]2CC[C@]1(C2(C)C)C,93009,ok,CMPD_8021DB409409_endobornyl_acetate.png,
2047,5316860,COC1=CC(=CC(=C1O[C@H]2[C@@H]([C@H]([C@@H]([C@H](O2)CO)O)O)O)OC)/C=C/CO,5316860,ok,CMPD_8047B94E9129_Syringoside.png,
2048,131752316,C/C(=C\C/C=C(/C)\C=C)/CC/C=C(/C)\C=O,131752316,ok,CMPD_805F4094ECE4_Semipapposide_G.png,
2049,637482,C1=CC2=C(C=C1O[C@H]3[C@@H]([C@H]([C@@H]([C@H](O3)CO)O)O)O)N4C(=O)C=CC5=NC=CC2=C54,637482,ok,CMPD_806B23CE0B06_Octadecenamide.png,
2050,101297592,CC=C1CN2CC[C@@]34C5=CC=CC=C5N([C@@]36[C@@H]2C[C@@H]1[C@]4(CO6)C(=O)OC)C,101297592,ok,CMPD_807E539F3F19_epi-alpha-cadinol.png,
2051,11335,CC1=C(C(=CC=C1)C)O,11335,ok,CMPD_809A8F480131_2_6-dimethyl_phenol.png,
2052,65366,CC1=C2[C@H](C(=O)[C@@]3([C@H](C[C@@H]4[C@]([C@H]3[C@@H]([C@@](C2(C)C)(C[C@@H]1O)O)OC(=O)C5=CC=CC=C5)(CO4)OC(=O)C)O)C)OC(=O)C,65366,ok,CMPD_80A53678106E_baccatin_III.png,
2053,23642719,CC1=C2C3=C(C(=C(C=C3C(O2)(C)C)O[C@H]4[C@@H]([C@H]([C@@H]([C@H](O4)CO)O)O)O)C(=O)O)C(=O)C1=O,23642719,ok,CMPD_80C18DC8E754_bombamaloside.png,
2054,345716,COC1C(OC(C(C1O)O)O)CO,345716,ok,CMPD_80E51C05D46D_4-O-methylmannose.png,
2055,7929,CC1=CC(=CC=C1)C,7929,ok,CMPD_80E5212754A8_M-Xylene.png,
2056,10364,CC1=C(C=C(C=C1)C(C)C)O,10364,ok,CMPD_80EAE732EFBD_Carvacrol.png,
2057,442473,C[C@@H]1C[C@H]2CC(=O)[C@@H]3[C@]24CCCN(C4=C1)CCC3,442473,ok,CMPD_810689A4485F_Fawcettidin.png,
2058,322,C1=CC(=CC=C1C=CC(=O)O)O,322,ok,CMPD_81110DF80CA4_p-hydroxycinnamic_acid.png,
2059,102213716,C1C2=CC=C(CN3C=CC(=C4C=CN(CC5=C6C(=C(CN7C=CC(=C8C=CN1C=C8)C=C7)C=C5)C(=O)N(C6=O)CC(=O)OCCOCCOCC9=[S+]/C(=C/1\[S+]=CC(=[S+]1)COCCOCCOC1=CC=C(C=C1)C=O)/[S+]=C9)C=C4)C=C3)C=C2,102213716,ok,CMPD_811C13438591_Docosyl_trans-p-coumarate.png,
2060,102142270,C1=C(NC(=C1)C2=CC=C(S2)[N+](=O)[O-])C=O,102142270,ok,CMPD_8146045BD211_viburtinoside_I.png,
2061,10168644,CCC1=CN(C(=NC1=O)SCC2=CC=C(C=C2)F)CC(=O)N(CCN3CCCCC3)CC4=CC=C(C=C4)C5=CC=C(C=C5)C(F)(F)F,10168644,ok,CMPD_8146045BD211_viburtinoside_I.png,
2062,9855795,C[C@@H]1CCC=C2[C@]1(C[C@@H](CC2)C(=C)C)C,9855795,ok,CMPD_81646397A69D_Valencene.png,
2063,120619,CC(CNC1=CC=CC=C1)N(C)C,120619,ok,CMPD_816A1772D2B6_Faradiol.png,
2064,10115053,CC(C)S(=O)(=O)CC1=C(C=CC2=C1CCCC2=O)OC(CN3C=CN=C3)C4=CN=CC=C4,10115053,ok,CMPD_819C48DA46B6_Sambulin_B.png,
2065,10891544,C1=CC=C2C(=C1)C(=O)N([Se]2)C3=CC=C(C=C3)N,10891544,ok,CMPD_81EB00D5E58B_delta-2-Carene.png,
2066,5281745,C/C=C\1/C[C@H]([C@@](C(=O)OC[C@H]2[C@@H](CN3[C@H]2[C@@H](CC3)OC1=O)O)(C)O)C,5281745,ok,CMPD_81F2D8051414_4-_4-hydroxyphenyl_but-3-en-2-one.png,
2067,796857,CC(=O)/C=C/C1=CC=C(C=C1)O,796857,ok,CMPD_81F2D8051414_4-_4-hydroxyphenyl_but-3-en-2-one.png,
2068,176489,C[C@]1(CC[C@H]2[C@H]1C[C@H]3[C@H](CC2=C)OC(=O)C3=C)O,176489,ok,CMPD_822720F064C6_inuviscolide.png,
2069,68149,CCCCCCCCCCCCCCCC(=O)OCC(COC(=O)CCCCCCCCCCCCCCC)O,68149,ok,CMPD_823370B7D2EB_1_3-dipalmitoyl_glycerol.png,
2070,91316,CC(C)(C)CCC(C)(C)C(=O)O,91316,ok,CMPD_82772123E315_beta-Bourbonene.png,
2071,6325794,C[C@H]1[C@H]([C@H]([C@H]([C@@H](O1)OC2=C(OC3=CC(=CC(=C3C2=O)O)O)C4=CC(=C(C=C4)O)O)O)O)O,6325794,ok,CMPD_8290186D8D94_quercetin-3-O-alpha-L-rhamnopyranoside.png,
2072,10168655,CN(C/C(=N\OC)/C(CCN1CCC(CC1)N2CCCN(C2=O)C3=CC=CC=[N+]3[O-])C4=CC=CC=C4)C(=O)C5=CC(=CC(=C5)Cl)Cl,10168655,ok,CMPD_8296ADBC398E_Ranthenone_glucoside.png,
2073,541341,CC(=O)OC1CCC2C3(C1OC(=O)C)CCN2CC4=C(C5=C(C=C34)OCO5)OC,541341,ok,CMPD_82AC7883E3B0_Bowdensine.png,
2074,10015025,C1=CC2=C3C(=C1)C4=CC(=C(C=C4C(=O)N3C=C2)O)O,10015025,ok,CMPD_82AFEE107537_Hippacine.png,
2075,520449,C1CCCCCCCCCCCCCCCCCCCCCCC1,520449,ok,CMPD_82B99D3FFD06_cyclotetracosane.png,
2076,3015374,CCCCCCCCCCCCCCCCCCCC=C,3015374,ok,CMPD_82BBA7A9C700_1-heneicosene.png,
2077,5281858,CCCCCC/C=C\CCCCCCCC1=C(C(=CC=C1)O)C(=O)O,5281858,ok,CMPD_82BFF8B91244_seneciphyline.png,
2078,131752508,CC1=CC=CC2(C1CC(CC2)C(=C)C(=O)O)C,131752508,ok,CMPD_82CB5657B4E1_3_5_11_13_-trien-eudesma-12-oic_acid.png,
2079,122850,C1=CC(=CC=C1[C@@H]2[C@H](C(=O)C3=C(C=C(C=C3O2)O)O)O)O,122850,ok,CMPD_8301DEFABA5C_dihydrokaempferol.png,
2080,15507,CC1CCCC(C1C)C,15507,failed,,Response ended prematurely
2081,5283556,C[C@@H](CC/C=C(/C)\CC/C=C(/C)\CC/C=C(/C)\CC/C=C(/C)\CC/C=C(/C)\CC/C=C(/C)\CC/C=C(/C)\CC/C=C(/C)\CC/C=C(/C)\CC/C=C(/C)\CC/C=C(/C)\CC/C=C(/C)\CC/C=C(/C)\CC/C=C(/C)\CC/C=C(/C)\CC/C=C(\C)/CC/C=C(\C)/CCC=C(C)C)CCOP(=O)(O)O,5283556,ok,CMPD_83089F2BD3A5_1-linoleoyl-rac-glycerol.png,
2082,5283469,CCCCC/C=C\C/C=C\CCCCCCCC(=O)OCC(CO)O,5283469,ok,CMPD_83089F2BD3A5_1-linoleoyl-rac-glycerol.png,
2083,1088,CNCC(=O)O,1088,ok,CMPD_831376F92ED0_Sarcosine.png,
2084,131752962,C1=CC(=C(C=C1/C=C/C(=O)OC(C(=O)O)C(=O)O)O)O,131752962,ok,CMPD_833B00CE19D6_2-O-caffeoyltartronic_acid.png,
2085,6432194,CC(=O)OC[C@H]1[C@H]([C@@H](C(O1)N2C=NC3=C2N=C(N=C3F)F)OC(=O)C)OC(=O)C,6432194,ok,CMPD_83690E394036_Isolene.png,
2086,10091887,CC(C)(C)C(=O)NC1=NC(=O)C2=C(N1)NC(=C2Br)Br,10091887,ok,CMPD_83695710E1EA_lagotisoside_D.png,
2087,16736,C1=CC2=C(C=C1C(F)(F)F)C(=NN2)N,16736,ok,CMPD_83A31A2998F9_Z-piperitone_oxide.png,
2088,1549091,COC1=CC(=CC(=C1O)OC)/C=C\C(=O)O,1549091,ok,CMPD_83AEB7E2CDD6_Sinapinic_acid.png,
2089,44587062,CC(C)[C@H](C1=C(C(=C(C(=C1O)C(=O)C(C)C)O)[C@H](C2=C(C(C(=O)C(C2=O)(C)C)(C)C)O)C(C)C)O)C3=C(C(C(=O)C(C3=O)(C)C)(C)C)O,44587062,ok,CMPD_83DF21E34C70_myrtucommulone_A.png,
2090,182423,C[C@@]1(CC[C@H]2[C@@H]1[C@@H](OC=C2C(=O)OC)O[C@H]3[C@@H]([C@H]([C@@H]([C@H](O3)CO)O)O)O)O,182423,ok,CMPD_83E2FB43381A_Mussaenoside.png,
2091,5281601,COC1=CC=C(C=C1)C2=CC(=O)C3=C(C=C(C=C3O2)OC)O,5281601,failed,,"('Connection aborted.', RemoteDisconnected('Remote end closed connection without response'))"
2092,656516,C1=CC=C(C=C1)[C@H](C#N)O[C@H]2[C@@H]([C@H]([C@@H]([C@H](O2)CO[C@H]3[C@@H]([C@H]([C@@H]([C@H](O3)CO)O)O)O)O)O)O,656516,ok,CMPD_83FF206955D6_Amygdalin.png,
2093,5312830,CCCCC/C=C\C=C\[C@H](CCCCCCCC(=O)O)O,5312830,ok,CMPD_8429B2A1F9C2_alpha-dimorphecolic_acid.png,
2094,168165,C1C2C(C3C4C(C5=C(C(=C(C(=C5C(=O)O4)C6=C(C(=C(C(=C6C(=O)O3)C7=C(C(=C(C=C7C(=O)O2)O)O)O)O)O)O)O)O)O)O)OC(=O)C8=CC(=C(C(=C8C9=C(C(=C(C=C9C(=O)O1)O)O)O)O)O)O,168165,ok,CMPD_8435B9825AFF_Vescalegin.png,
2095,5280970,C(/C=C\Cl)Cl,5280970,ok,CMPD_8435B9825AFF_Vescalegin.png,
2096,91331,CCN(CC[N+](C)(C)C)C1=CC=C(C=C1)N=NC2=C(C=C(C=C2)[N+](=O)[O-])Cl.[Cl-],91331,ok,CMPD_84586B9D9979_beta-guaiene.png,
2097,15560252,C[C@H]1CCC(=C(C)C)CC2=C1CC[C@@H]2C,15560252,ok,CMPD_84586B9D9979_beta-guaiene.png,
2098,676030,C1=CC(=CC(=C1)O)C2=CC(=O)C3=C(C=CC=C3O2)O,676030,ok,CMPD_84631C3AC05E_5_3_-dihydroxyflavone.png,
2099,5280483,CC1=C(C(=O)C2=CC=CC=C2C1=O)C/C=C(\C)/CCCC(C)CCCC(C)CCCC(C)C,5280483,ok,CMPD_84ABAD41931B_gamma-Carotene.png,
2100,10141652,CCCCC1=CC=C(C=C1)C(=O)N2CC3CC2C4N3C(=O)N(C4=O)C5=CC=C(C6=CC=CC=C65)[N+](=O)[O-],10141652,ok,CMPD_84C0168B3AA2_lapidol.png,
2101,13250,CCOC(=O)C1=CC(=C(C(=C1)O)O)O,13250,ok,CMPD_84C6F660687F_ethyl_gallate.png,
2102,26305,CC(C)([C@H]1CC2=C(O1)C=C3C(=C2)C=CC(=O)O3)O,26305,ok,CMPD_84DEE4A8D660_nodakenetin.png,
2103,5281252,CC1=C(C(C[C@@H](C1)O)(C)C)/C=C/C(=C/C=C/C(=C/C=C/C=C(\C)/C=C/C=C(\C)/C=C/C=C(\C)/CCC=C(C)C)/C)/C,5281252,ok,CMPD_85354D83265B_Rubixanthin.png,
2104,181681,COC1=CC(=CC(=C1O)OC)[C@@H]2[C@H]3CO[C@@H]([C@H]3CO2)C4=CC(=C(C=C4)O)OC,181681,ok,CMPD_8537F10C561F_Medioresinol.png,
2105,5281343,C1=COC2=CC(=CC(=C2C1=O)O)O,5281343,ok,CMPD_857FE817BD27_5_7-dihydroxy_chromone.png,
2106,104537,CC(=O)O[Si](C)(C)[Si](OC(=O)C)(OC(=O)C)OC(=O)C,104537,ok,CMPD_857FE817BD27_5_7-dihydroxy_chromone.png,
2107,5352674,CCCC/C=C\CCCCCCCC(=O)OC,5352674,ok,CMPD_8593F410EFE4_Methyl_myristoleate.png,
2108,6917655,CC(=CC[C@@H]1[C@@](O1)(C)[C@H]2[C@@H]([C@@H](CC[C@]23CO3)OC(=O)/C=C/C=C/C=C/C=C/C(=O)O)OC)C,6917655,ok,CMPD_859966A4B1BF_Fumagillin.png,
2109,3082208,C[C@@]12CCC3[C@@]([C@H]1CC=C4[C@]2(CC[C@@]5([C@@H]4CC(CC5)(C)C)C(=O)OC)C)(C[C@H]([C@@H](C3(C)C)O)O)C,3082208,ok,CMPD_859B4955F57B_methyl_maslinate.png,
2110,36314,CC1=C2[C@H](C(=O)[C@@]3([C@H](C[C@@H]4[C@]([C@H]3[C@@H]([C@@](C2(C)C)(C[C@@H]1OC(=O)[C@@H]([C@H](C5=CC=CC=C5)NC(=O)C6=CC=CC=C6)O)O)OC(=O)C7=CC=CC=C7)(CO4)OC(=O)C)O)C)OC(=O)C,36314,ok,CMPD_859EB0CCEE01_Paclitaxel.png,
2111,5318217,C/C/1=C\[C@@H]2[C@@H]([C@@H]([C@H](C(=CCC1)C=O)OC(=O)C(C)(C)O)OC(=O)C(C)C)C(=C)C(=O)O2,5318217,ok,CMPD_85BA09A35FF7_syringaresinol-4-O-_-D-glucopyranoside.png,
2112,100771,C=CCC1=CC=C(C=C1)OC2=CC(=CC(=C2O)O)CC=C,100771,ok,CMPD_85BA09A35FF7_syringaresinol-4-O-_-D-glucopyranoside.png,
2113,45006101,C[C@]12CC[C@@]34C[C@@]35CC[C@@H](C(C5[C@H](CC4[C@@]1(C[C@@H]([C@@H]2[C@]6(CC[C@H](O6)C(C)(C)O)C)O)C)O[C@H]7[C@@H]([C@H]([C@@H]([C@H](O7)CO)O)O)O)(C)C)O[C@H]8[C@@H]([C@H]([C@@H](CO8)O)O)O,45006101,ok,CMPD_85D12498DF57_Astragaloside.png,
2114,5488387,COC1=C(C=CC(=C1)C2=C(C(=O)C3=C(C=C(C=C3O2)O)O)O[C@H]4[C@@H]([C@H]([C@@H]([C@H](O4)CO[C@H]5[C@@H]([C@H]([C@@H]([C@H](O5)CO)O)O)O)O)O)O)O,5488387,ok,CMPD_85D12498DF57_Astragaloside.png,
2115,68081,CC(=CCOC1=C2C=CC(=O)OC2=CC3=C1C=CO3)C,68081,ok,CMPD_85E8DC9991E9_isoimperatorin.png,
2116,1711944,CC(=CCC/C(=C\CC/C(=C/CCC(=O)C)/C)/C)C,1711944,failed,,Response ended prematurely
2117,633491,CN1CCC2=CC(=C(C=C2C3C1C4=C(C(O3)OC)C5=C(C=C4)OCO5)OC)OC,633491,failed,,"('Connection aborted.', RemoteDisconnected('Remote end closed connection without response'))"
2118,5742694,COC1=C(C(=C(C(=C1)C2=CC(=O)C3=C(C=C(C=C3O2)O)O)OC)OC)OC,5742694,ok,CMPD_860A7AE85DCF_5_7-dihydroxy-2_3_4_5_-tetramethoxyflavone.png,
2119,21205,CC(C)CCCCCCCCCCCCC(=O)OC,21205,ok,CMPD_861649A62A0B_methyl_14-methylpentadecanoate.png,
2120,5315944,COC1=CC(=CC(=C1O)OC)[C@@H]2[C@H]([C@H](CO2)C(=O)C3=CC(=C(C(=C3)OC)O)OC)CO,5315944,ok,CMPD_8637A6B3C9E5_Ciwujiatone.png,
2121,12303530,CC1=CC(=CC(=O)S1)S,12303530,ok,CMPD_86394322AC1C_Aromadendrene_oxide.png,
2122,528759,CC1CCC2C1C3C(C3(C)C)CCC24CO4,528759,ok,CMPD_86394322AC1C_Aromadendrene_oxide.png,
2123,5281732,C/C=C(/C)\C(=O)O[C@H]1CCN2[C@@H]1C(=CC2)COC(=O)[C@]([C@H](C)O)(C(C)(C)O)O,5281732,ok,CMPD_863E1D334191_Heliosupine.png,
2124,441812,C[C@@]12C[C@@H]([C@@H]3[C@]4(C=CC(=O)OC([C@@H]4CC(=O)[C@]3([C@@]15[C@H](O5)C(=O)O[C@H]2C6=COC=C6)C)(C)C)C)O,441812,ok,CMPD_864B05FF60DA_zapoterin.png,
2125,10141641,CC1=CC=C(C=C1)CN(C2CCN(CC2)CC3=NC(=CS3)CCl)C(=O)CC4=CC=C(C=C4)OC,10141641,ok,CMPD_866260E92F7B_kaneroside.png,
2126,11048473,COC1=CN=C(S1)N2C=C(C(=O)C3=CC(=C(N=C32)N4CCC(C4)[NH3+])F)C(=O)O.[Cl-],11048473,ok,CMPD_8667FFA56DED_Maniladiol_3-O-palmitate.png,
2127,4133,COC(=O)C1=CC=CC=C1O,4133,ok,CMPD_86698C2E1965_Methyl_salicylate.png,
2128,6786,CCCCCCOC(=O)C1=CC=CC=C1C(=O)OCCCCCC,6786,ok,CMPD_866BF9D9EF74_dihexyl_phthalate.png,
2129,101831151,CCCCCCCCCCCCCCCCCCC(=O)O[C@@H]1[C@H](OC[C@H]([C@H]1O)O)CO,101831151,ok,CMPD_8670A95B4F05_2-O-methylisohemigossylic_acid.png,
2130,5317462,CC(C)C1=CC(=O)C2=C(O1)C(=C(C=C2O)O)[C@H]3[C@@H]([C@H]([C@@H]([C@H](O3)CO)O)O)OC(=O)C4=CC(=C(C(=C4)O)O)O,5317462,ok,CMPD_86807C873658__-Himachalene.png,
2131,12315474,C[C@@]1(CC[C@]2(CC[C@@]3(C(=CC[C@H]4[C@]3(CC[C@@H]5[C@@]4(CC[C@@H](C5(C)C)O)C)C)[C@@H]2C1)C)C(=O)O)C(=O)OC,12315474,ok,CMPD_868094593440_Î²-Cubebene.png,
2132,100974704,C[C@H]1[C@@H]([C@H]([C@H]([C@@H](O1)O[C@@H]2[C@H]([C@H](CO[C@H]2OC(=O)[C@@]34CC[C@@]5(C(=CC[C@H]6[C@]5(CC[C@@H]7[C@@]6(C[C@@H]([C@@H]([C@@]7(C)CO)O[C@H]8[C@@H]([C@H]([C@@H]([C@H](O8)CO[C@H]9[C@@H]([C@H]([C@@H]([C@H](O9)CO[C@H]1[C@@H]([C@H]([C@@H]([C@H](O1)CO)O)O)O)O)O)O)O)O)O)O)C)C)[C@@H]3CC(CC4)(C)C)C)O)O)O)O)O[C@H]1[C@@H]([C@H]([C@@H](CO1)O)O[C@H]1[C@@H]([C@](CO1)(CO)O)O)O,100974704,ok,CMPD_8689E7AC96FE_Platycoside_D.png,
2133,521318,CC1=CC23CCC4C(CCCC4(C2CCC1C3)C)(C)C,521318,ok,CMPD_868F1C17A0EC_Isophyllocladene.png,
2134,5274271,C1=NC2=NC(=O)NC(=O)C2=N1,5274271,ok,CMPD_869EEE8C1347_1H-Purine-2_6-dione.png,
2135,5317377,CC1=C(C(=C(C(=C1C=O)O)O)O)C/C=C(\C)/CC/C=C(\C)/CCC=C(C)C,5317377,ok,CMPD_86AE366E19D0_6-isobutyl_coumarin.png,
2136,5352655,CC1CC2C3CCC4=C/C(=N\OC)/C=CC4(C3(C(CC2(C1(C(CO[Si](C)(C)C)O[Si](C)(C)C)O[Si](C)(C)C)C)O[Si](C)(C)C)F)C,5352655,ok,CMPD_86AE366E19D0_6-isobutyl_coumarin.png,
2137,24473,CC1CCC(CC1=O)C(=C)C,24473,ok,CMPD_86D3A2876526_dihydrocarvone.png,
2138,16218542,C[C@H]1[C@@H]([C@H]([C@H]([C@@H](O1)OC[C@@H]2[C@H]([C@@H]([C@H]([C@@H](O2)OC3=C(OC4=CC(=CC(=C4C3=O)O)O)C5=CC(=C(C=C5)O)O)O)O)O)O)O)O.O.O.O,16218542,ok,CMPD_86DCB5E037FD_rutin_hydrate.png,
2139,397934,C[C@]12CC[C@@H](C([C@@H]1CC[C@@]3([C@@H]2CC=C4[C@]3(C[C@@H]([C@@]5([C@H]4CC(CC5)(C)C)C)O)C)C)(C)C)O,397934,ok,CMPD_86F193B7EA90_Maniladiol.png,
2140,169306,C1=CN=CN=C1C(=O)O,169306,ok,CMPD_86FD1815C2AD_4-pyrimidinecarboxylic_acid.png,
2141,13915428,COC1=C(C=C2C3=C1OC(=O)C4=CC(=C(C(=C43)OC2=O)O)O)O,13915428,ok,CMPD_87091B24728D_3-O-methylellagic_acid.png,
2142,5281769,C1[C@H]([C@@H]([C@@H](C[C@]1(C(=O)O)OC(=O)/C=C/C2=CC(=C(C=C2)O)O)OC(=O)/C=C/C3=CC(=C(C=C3)O)O)O)O,5281769,ok,CMPD_8710AD46794F_Cynarin.png,
2143,9888378,COC1=CC(=CC(=C1O)OC)[C@H]2[C@@H]([C@H](CC3=CC(=C(C(=C23)OC)O)OC)CO)CO,9888378,ok,CMPD_871572625AE0__-_-lyoniresinol.png,
2144,12304371,CN1CCC2=CC3=C(C=C2[C@H]4[C@H]1C5=C([C@H](O4)OC)C6=C(C=C5)OCO6)OCO3,12304371,ok,CMPD_8744440FFE28_isorhoeadine.png,
2145,26049,CC1=CCC2C(C1)C2(C)C,26049,ok,CMPD_87667A7D21E4_Î_-Carene.png,
2146,10011251,C[C@H]1[C@@H]([C@H]([C@H]([C@@H](O1)O[C@@H]2[C@H](O[C@H]([C@@H]([C@H]2O)O)OC[C@@H]3[C@H]([C@@H]([C@H]([C@@H](O3)OC(=O)[C@@]45CC[C@@]6(C(=CC[C@H]7[C@]6(CC[C@@H]8[C@@]7(CC[C@@H](C8(C)C)OS(=O)(=O)O)C)C)[C@@H]4CC(CC5)(C)C)C)O)O)O)CO)O)O)O,10011251,ok,CMPD_876C624CCA70_hederasaponins_F.png,
2147,102213711,CSC1=C([S+]=C(S1)C2=[S+]C(=[S+]C)C(=[O+]CCOCCOCCOC3=CC4=CC(=C3)CN5C=CC(=C6C=CN(CC7=CC=C(CN8C=CC(=C9C=CN(C4)C=C9)C=C8)C=C7)C=C6)C=C5)S2)SC,102213711,ok,CMPD_876C624CCA70_hederasaponins_F.png,
2148,68082,COC1=C2C=CC(=O)OC2=C3C=COC3=C1,68082,ok,CMPD_8780D40C707A_isobergapten.png,
2149,160350,C1=CC=C2C(=C1)C=C3C=CC4=C5C3=C2C=C6C5=C(C=C4)C=C6,160350,ok,CMPD_87841339788A_4-Hydroxybenzoic_acid_glucoside.png,
2150,5318516,CCCCC/C=C/C=C/C(=O)NCC(C)C,5318516,ok,CMPD_878C57D2E706_pellitorine.png,
2151,5318517,C[C@@]12CC[C@H]([C@@]([C@H]1CCC(=C)[C@H]2C/C=C/3\[C@@H](COC3=O)O)(C)CO)O,5318517,ok,CMPD_878C57D2E706_pellitorine.png,
2152,12212059,CC1([C@H]2CC1CCC2=C)C,12212059,ok,CMPD_8797A7979F35_S-pinene.png,
2153,91873,CCOC(=O)CNC(=O)C1(CCCC1)C(C)C,91873,failed,,"('Connection aborted.', RemoteDisconnected('Remote end closed connection without response'))"
2154,92156,CC(=O)O[C@H]1CC[C@]2([C@H](C1(C)C)CC[C@@]3([C@@H]2CC=C4[C@]3(CC[C@@]5([C@H]4CC(CC5)(C)C)C)C)C)C,92156,ok,CMPD_879E10494D62_Beta-amyrin_acetate.png,
2155,5282132,CN(C1CCN(CC1)C2=NC3=CC=CC=C3N2CC4=CC=C(C=C4)F)C5=NC=CC(=N5)O,5282132,ok,CMPD_87B402BC88C8_Chrysin_7-O-glucoside.png,
2156,44257121,CC(=CCC1=C2C(=C(C=C1O)OC)C[C@@H]([C@H](O2)C3=CC=C(C=C3)O)O)C,44257121,ok,CMPD_87B402BC88C8_Chrysin_7-O-glucoside.png,
2157,5281881,C1CN(CCN1CC/C=C\2/C3=CC=CC=C3SC4=C2C=C(C=C4)C(F)(F)F)CCO,5281881,ok,CMPD_87B402BC88C8_Chrysin_7-O-glucoside.png,
2158,5319827,CC1=C(C(=O)OC1)C2=C(C=CC3=C2OC(=O)C=C3)OC,5319827,ok,CMPD_88358D660260_1-feruloyl-Î²-D-glucopyranoside.png,
2159,92746,C[C@H](CCC=C(C)C)[C@H]1CC[C@@H]2[C@@]1(CCC3=C2CC[C@@H]4[C@@]3(CC[C@@H](C4)O)C)C,92746,ok,CMPD_885D46727376_zymosterol.png,
2160,87656258,CCCCC=CCCCCCCCC/C=C\CCO,87656258,ok,CMPD_885F99F0ED94_Z-3_13-octadecadienol.png,
2161,5364942,CCCCCCC/C=C/CO,5364942,ok,CMPD_88624C32DCBE_trans-2-Decen-1-ol.png,
2162,3848,C1=CC=C(C=C1)CC(C(=O)O)O,3848,ok,CMPD_886A2DA92ECF_3-phenyllactic_acid.png,
2163,11462446,CC(=O)[C@@H]1C[C@H]([C@@]2([C@H](C1)O2)C)[C@H](C(=O)OC)O[Si](C)(C)C(C)(C)C,11462446,ok,CMPD_88D9320BA304_maesasaponin_VI.png,
2164,6450184,C1=CC(=C(C=C1/C=C\2/C(=O)C3=C(O2)C(=C(C=C3)O[C@H]4[C@@H]([C@H]([C@@H]([C@H](O4)CO)O)O)O)O)O)O,6450184,ok,CMPD_88E8E6799695_Maritimein.png,
2165,177392582,C1[C@@H]([C@H]([C@@H](C(O1)([C@H]2[C@H]3[C@@H]4[C@H]5[C@@H](COC(=O)C6=CC(=C(C(=C6C7=C(C(=C(C=C7C(=O)O5)O)O)O)O)O)O)OC(=O)C8=CC(=C(C(=C8C9=C(C(=C(C(=C9O)O)O)C1=C(C2=C(C(=C1O)O)O)C(=O)O3)C(=O)O4)O)O)O)O)O)O)O,177392582,ok,CMPD_88FE17F5A22D_Roburins_E.png,
2166,68235,COC1=C(C=C(C=C1)CCC2=NC3=CC=CC=C3C(=C2)OC)OC,68235,ok,CMPD_890E3CE8F454__-tocopherol.png,
2167,92278,CCN(CCC#N)C1=CC=C(C=C1)N=NC2=CC=C(C=C2)[N+](=O)[O-],92278,ok,CMPD_890E3CE8F454__-tocopherol.png,
2168,102434439,CC1=CC=C(C=C1)S(=O)(=O)N(C=C(C2=CC=C(C=C2)OC)C3=CC=C(C=C3)OC)C4=CC=CC=C4,102434439,ok,CMPD_891805FBC191_9-alpha-hydroxyparthenolide.png,
2169,131752177,C1=CC(=CC=C1/C=C/C(=O)OC2C(C(OC(C2O)OC3=C(OC4=CC(=CC(=C4C3=O)O)O)C5=CC(=C(C=C5)O)O)CO)O)O,131752177,ok,CMPD_891E1EFFE465_guyonianin_D.png,
2170,14144342,CCOC(=O)C1=C(NC(=C1)C2=CC=C(C=C2)F)NNC(=O)C,14144342,ok,CMPD_8924B25F94FE_24-hydroxymethylecdysone.png,
2171,636516,C[C@@H]1CC[C@@]2(CC[C@@]3(C(=CC[C@H]4[C@]3(CC[C@@H]5[C@@]4(CC[C@@H](C5(C)C)O)C)C)[C@@H]2[C@H]1C)C)C(=O)OC,636516,ok,CMPD_89529C623E75_methyl_ursolate.png,
2172,165675,C[C@H]1CC[C@@H]([C@H](C1)O)C(C)C,165675,ok,CMPD_895558BA4048_daucene.png,
2173,177773,CC1=CCC2(CCC(=C2CC1)C(C)C)C,177773,ok,CMPD_895558BA4048_daucene.png,
2174,101316920,C[C@H](CC(C)C(C)(C)C(=C)C)[C@H]1CC[C@@]2([C@@]1(CC=C3[C@H]2CC[C@@H]4[C@@]3(CC[C@@H](C4(C)C)O)C)C)C,101316920,ok,CMPD_896389C7884A_clausenol.png,
2175,108304,C1C=CC(N2CC3=CC=CC=C3C2N1)(C4=CC(=C(C=C4)Cl)Cl)O,108304,ok,CMPD_8968F67F74AA_3-Butenyl_isothiocyanate.png,
2176,101140028,C[N@+]1(CCC2=CC(=C(C3=C2[C@H]1CC4=CC(=C(C=C43)OC)O)O)OC)[O-],101140028,ok,CMPD_896FD472C0C7_daucucarotol.png,
2177,5312529,CC/C=C\C/C=C\C/C=C\CCCCCCCCCC(=O)O,5312529,ok,CMPD_89974ADF6500_eicosatrienoic_acid.png,
2178,442365,C[C@H]1CCC(=C1C(=O)C=C(C)C)C2=COC=C2,442365,ok,CMPD_89A52F55CB6D_11-himachal-4-en-1-ol.png,
2179,5287969,CN1CC[C@@H]([C@@H](C1)O)C2=C(C=C(C3=C2OC(=CC3=O)C4=CC=CC=C4Cl)O)O,5287969,ok,CMPD_89A6F5A01F0F_Podophyllotoxin-_-D-glucoside.png,
2180,527256,CC1CCCC2(C1=CC(CC2)C(C)(C)O)C,527256,ok,CMPD_89C2BE12CF11_rosifoliol.png,
2181,10922465,C[C@@H]1CC[C@H]([C@@H]2[C@H]1CCC(=C2)C)C(=C)C(=O)O,10922465,ok,CMPD_89D0ED5C8636_artemisinic_acid.png,
2182,681,C1=CC(=C(C=C1CCN)O)O,681,ok,CMPD_89D79A520700_dopamine.png,
2183,5480982,C1=CC(=CC=C1C2=C(C(=O)C3=C(C=C(C=C3O2)OC4C(C(C(C(O4)CO)O)O)O)O)O)O,5480982,ok,CMPD_89E34CC237EB_kaempferol-7-O-hexoside.png,
2184,16130408,C1[C@@H]2[C@H]([C@@H]([C@@H]3[C@@H](O2)OC(=O)C4=CC(=C(C(=C4)O)OC5=C(C(=C(C=C5C(=O)O[C@@H]6[C@H]([C@H]7[C@@H](COC(=O)C8=CC(=C(C(=C8C9=C(C(=C(C=C9C(=O)O7)O)O)O)O)O)O)O[C@H]6OC(=O)C2=CC(=C(C(=C2)OC2=C(C(=C(C=C2C(=O)O3)O)O)O)O)O)OC(=O)C2=CC(=C(C(=C2)O)O)O)O)O)O)O)OC(=O)C2=CC(=C(C(=C2)O)O)O)OC(=O)C2=CC(=C(C(=C2C2=C(C(=C(C=C2C(=O)O1)O)O)O)O)O)O,16130408,failed,,"('Connection aborted.', RemoteDisconnected('Remote end closed connection without response'))"
2185,24763,C([C@@H]1[C@H]([C@@H]([C@H]([C@H](O1)O[C@]2([C@H]([C@@H]([C@H](O2)CO)O)O)CO[C@]3([C@H]([C@@H]([C@H](O3)CO)O)O)CO[C@]4([C@H]([C@@H]([C@H](O4)CO)O)O)CO[C@]5([C@H]([C@@H]([C@H](O5)CO)O)O)CO[C@]6([C@H]([C@@H]([C@H](O6)CO)O)O)CO[C@]7([C@H]([C@@H]([C@H](O7)CO)O)O)CO[C@]8([C@H]([C@@H]([C@H](O8)CO)O)O)CO[C@]9([C@H]([C@@H]([C@H](O9)CO)O)O)CO[C@]1([C@H]([C@@H]([C@H](O1)CO)O)O)CO[C@]1([C@H]([C@@H]([C@H](O1)CO)O)O)CO[C@]1([C@H]([C@@H]([C@H](O1)CO)O)O)CO[C@]1([C@H]([C@@H]([C@H](O1)CO)O)O)CO[C@]1([C@H]([C@@H]([C@H](O1)CO)O)O)CO[C@]1([C@H]([C@@H]([C@H](O1)CO)O)O)CO[C@]1([C@H]([C@@H]([C@H](O1)CO)O)O)CO[C@]1([C@H]([C@@H]([C@H](O1)CO)O)O)CO[C@]1([C@H]([C@@H]([C@H](O1)CO)O)O)CO[C@]1([C@H]([C@@H]([C@H](O1)CO)O)O)CO[C@]1([C@H]([C@@H]([C@H](O1)CO)O)O)CO[C@]1([C@H]([C@@H]([C@H](O1)CO)O)O)CO[C@]1([C@H]([C@@H]([C@H](O1)CO)O)O)CO[C@]1([C@H]([C@@H]([C@H](O1)CO)O)O)CO[C@]1([C@H]([C@@H]([C@H](O1)CO)O)O)CO[C@]1([C@H]([C@@H]([C@H](O1)CO)O)O)CO[C@]1([C@H]([C@@H]([C@H](O1)CO)O)O)CO[C@]1([C@H]([C@@H]([C@H](O1)CO)O)O)CO[C@]1([C@H]([C@@H]([C@H](O1)CO)O)O)CO[C@]1([C@H]([C@@H]([C@H](O1)CO)O)O)CO[C@]1([C@H]([C@@H]([C@H](O1)CO)O)O)CO[C@]1([C@H]([C@@H]([C@H](O1)CO)O)O)CO[C@]1([C@H]([C@@H]([C@H](O1)CO)O)O)CO[C@]1([C@H]([C@@H]([C@H](O1)CO)O)O)CO[C@]1([C@H]([C@@H]([C@H](O1)CO)O)O)CO[C@]1([C@H]([C@@H]([C@H](O1)CO)O)O)CO[C@]1([C@H]([C@@H]([C@H](O1)CO)O)O)CO[C@]1([C@H]([C@@H]([C@H](O1)CO)O)O)CO[C@]1([C@H]([C@@H]([C@H](O1)CO)O)O)CO)O)O)O)O,24763,ok,CMPD_89EA51368645_Inulin.png,
2186,138275,C1CC(=O)C=CC1=O,138275,ok,CMPD_8A12D7D434FC_1_4-Cyclohex-2-enedione.png,
2187,101700,CC(C)CCCC(C)C1CCC2(C1(CCC3C2CCC4C3(CCCC4(C)C)C)C)C,101700,ok,CMPD_8A44CBFAA8E8_gamma-Elemene.png,
2188,9818312,C(CCCCO)CCCC1C(O1)CCCCCCCC(=O)O,9818312,ok,CMPD_8A641C8FBC6E_9_10-epoxy-18-hydroxy-octadecanoic_acid.png,
2189,14594246,C1=CC=C(C=C1)C2C3=CC=CC=C3C4=C2C(=CC=C4)C(=O)Cl,14594246,ok,CMPD_8A641C8FBC6E_9_10-epoxy-18-hydroxy-octadecanoic_acid.png,
2190,4276,COC1=CC(=CC2=C1OCO2)CC=C,4276,ok,CMPD_8A77612B1D66_Myristicin.png,
2191,72281,COC1=C(C=C(C=C1)[C@@H]2CC(=O)C3=C(C=C(C=C3O2)O)O)O,72281,ok,CMPD_8A787A67D712_Hesperetin.png,
2192,129315879,CC1=C(N=C(N1)C2=NC=CC(=C2)C3=CCCN(C3)CC4=CC=C(C=C4)Cl)C.C(=O)(C(F)(F)F)O,129315879,ok,CMPD_8A7EC47E6CA2_7-O-Angeloylechinatine_N-oxide.png,
2193,5373305,CC1=CC=CC=C1NCN2C(=O)/C(=C\C3=CC(=CC=C3)F)/SC2=O,5373305,ok,CMPD_8A908C6EC17C_3-Oxo-7_8-dihydro-alpha-ionol.png,
2194,12741,CCCCCCCCC(=O)C,12741,ok,CMPD_8AB4B3C5379A_decanone-2.png,
2195,6325056,C/C/1=C\[C@@H]2[C@@H]([C@H](CC3=C[C@@H](C1)OC3=O)OC(=O)C(=C)C)C(=C)C(=O)O2,6325056,ok,CMPD_8AC5C4101063_Deoxyelephantopin.png,
2196,72323,COC1=C(C2=C[N+]3=C(C=C2C=C1)C4=CC(=C(C=C4CC3)O)OC)OC,72323,ok,CMPD_8AD978F460A3_jatrorrhizine.png,
2197,10228,CC(=CCC1=C(C=CC2=C1OC(=O)C=C2)OC)C,10228,ok,CMPD_8ADA6F1F0BDE_osthol.png,
2198,14524429,C1=C(C=C(C(=C1O)O)O)C2=C(C(=O)C3=C(C=C(C=C3O2)O)O)OC4C(C(C(O4)CO)O)O,14524429,ok,CMPD_8ADFD197EDBC_Myricetin_3-O-arabinoside.png,
2199,5312738,C(CCC/C=C/C(=O)O)CCCO,5312738,ok,CMPD_8AFD9928F79A_10-HDA.png,
2200,91752863,C=CCCN1C[C@H]2C[C@H](C1)C3CC(=O)C=CN3C2,91752863,ok,CMPD_8B167796D0F7_11_12-seco-12_13-didehydromultiflorine.png,
2201,131752179,C1=CC(=CC=C1/C=C/C(=O)OCC2C(C(C(C(O2)OC3=C(OC4=CC(=CC(=C4C3=O)O)O)C5=CC(=C(C=C5)O)O)O)OC(=O)/C=C/C6=CC=C(C=C6)O)O)O,131752179,ok,CMPD_8B4F0A7E0C83_youssoufenes_A3.png,
2202,62009,CCCCOCCOP(=O)(O)O,62009,ok,CMPD_8B4FEA94AC2D_isovaleraldehyde_diethyl_acetal.png,
2203,65036,C=CCSS(=O)CC=C,65036,failed,,"('Connection aborted.', RemoteDisconnected('Remote end closed connection without response'))"
2204,5319556,CC1CC2[C@H](OC3([C@H]1[C@]4(CC[C@@]56C[C@@]57CC[C@@H](C(C7CCC6C4(C3OC)C)(C)C)O)C)O2)C(C)(C)O,5319556,ok,CMPD_8B775AA90FE2_Allicin.png,
2205,441667,C1=CC(=C(C=C1C2=[O+]C3=CC(=CC(=C3C=C2O[C@H]4[C@@H]([C@H]([C@@H]([C@H](O4)CO)O)O)O)O)O)O)O,441667,ok,CMPD_8B80EBD6FB9F_cyanidin_3-O-glucoside.png,
2206,10719,CCC1=CC2=C(C=CC2=C(C=C1)C)C,10719,ok,CMPD_8B9822C02EE3_chamazulene.png,
2207,108053,C[C@H]([C@@](C(C)C)(C(=O)OCC1=CCN2[C@H]1CCC2)O)O,108053,ok,CMPD_8BABB5EF06D9_Supinine.png,
2208,12337624,CCOC(=O)C(C1=CC=CC=C1)C(C)C,12337624,ok,CMPD_8BBFCBEEBAE3_phenyl_ethyl_3-methyl_butanoate.png,
2209,10534862,C[C@@H]1CC[C@H](C(=O)C1)C(=C)C,10534862,ok,CMPD_8BC1631B523B_isopulegone.png,
2210,10091877,C[C@](CCC1=CC=C(C=C1)OCCCC(C(F)(F)F)(F)F)(CO)N,10091877,ok,CMPD_8BE9D75BDF08_jasomontanone.png,
2211,92138,CC(=C)[C@@H]1C[C@@H](CC[C@@]1(C)C=C)C(C)(C)O,92138,ok,CMPD_8C273EAC2BEA_Elemol.png,
2212,6544,CC1=CC(=O)CC(C1)(C)C,6544,ok,CMPD_8C30C0C7E163_Isophorone.png,
2213,131752303,C/C(=C/C=C/C=C(\C)/C=C\C=C(/C)\C=C\C12C(CC(O1)CC2(C)O)(C)C)/C=C/C=C(/C)\C=C\C34C(CC(O3)CC4(C)O)(C)C,131752303,ok,CMPD_8C55FF1142FB_Ammolactone.png,
2214,46173906,CC(C)CC(=O)O[C@H]1[C@H]2[C@H](C[C@@H]([C@@]2(CO)O)O)C(=CO1)CO[C@H]3[C@@H]([C@H]([C@@H]([C@H](O3)CO)O)O)O,46173906,ok,CMPD_8C6F9178B5D8_suspensolide_F.png,
2215,14414526,CC(C)CC(=O)O[C@H]1[C@H]2[C@H](C[C@@H]([C@@]2(COC(=O)C)O)OC(=O)C)C(=CO1)CO[C@H]3[C@@H]([C@H]([C@@H]([C@H](O3)CO)O)O)O,14414526,ok,CMPD_8C6F9178B5D8_suspensolide_F.png,
2216,79784,C(C(=O)O)NC(CO)(CO)CO,79784,ok,CMPD_8C7200C14367_Tricin.png,
2217,20055139,CC1=C(C[C@]2(C[C@@]1(C/C(=C(/O)\OC)/C2=O)C(=O)OC)C(=O)OC)C(=O)OC,20055139,ok,CMPD_8CDE58615E9D_1-hydroxymethyl-6_7-dimethoxyisoquinoline-N-oxide.png,
2218,101889814,CCOC(=O)/C=C/[C@H](CC1=C(C=C(C=C1)O[Si](C)(C)C(C)(C)C)O[Si](C)(C)C(C)(C)C)O,101889814,ok,CMPD_8D1BA4DF28E4_tribulusterine.png,
2219,20960,CC1=CCC(CC1)(C(C)C)OC(=O)C,20960,ok,CMPD_8D340B4265E3_4-terpenyl_acetate.png,
2220,14136611,C/C(=C\CC12CCCN1C(=O)C(N(C2=O)CC3=CC=C(C=C3)OC)CC4=CN(C5=CC=CC=C54)C(=O)OC(C)(C)C)/CCl,14136611,ok,CMPD_8D37A87BE264_Isorhamnetin-3-O-gentiobioside.png,
2221,104730,[Co],104730,ok,CMPD_8D39B0889319_Co.png,
2222,5280569,C1=CC(=C(C2=C1C=CC(=O)O2)O)O,5280569,ok,CMPD_8D414F1D17F5_daphnetin.png,
2223,77449,COC1=CC(=CC(=C1OC)OC)CO,77449,ok,CMPD_8D48D3117D41_3_4_5-trimethoxybenzyl_alcohol.png,
2224,31289,CCCCCCCCC=O,31289,ok,CMPD_8D61590D38CA_N-nonanal.png,
2225,12302182,C[C@H](CCC=C(C)C)[C@@H]1CC[C@]2([C@]1(CC[C@H]3C2=CC[C@@H]4[C@@]3(CC[C@@H](C4(C)C)O)C)C)C,12302182,ok,CMPD_8D73D05C7883_butyrospermol.png,
2226,91757,CC(C)CC1=C(C(=NC(=C1C(=O)SC)C(F)(F)F)C(F)F)C(=O)SC,91757,ok,CMPD_8D7E14D24FA1_Î_-cadinol.png,
2227,165219,C[C@H]1[C@@H]([C@H]([C@H]([C@@H](O1)O[C@H]2CC[C@]3([C@@H](C2)CC[C@@H]4[C@@H]3CC[C@]5([C@@]4(CC[C@@H]5C6=CC(=O)OC6)O)C)C)O)OC)O,165219,ok,CMPD_8D9BE719F036_odoroside.png,
2228,20815819,CCCCCCCCCCCCCCCCOC(=O)/C=C/C1=CC=C(C=C1)O,20815819,ok,CMPD_8DAACA546E5E_Hexadecy-E-p-coumarate.png,
2229,1292,C1=CC=C(C=C1)C(C(=O)O)O,1292,ok,CMPD_8DAD097D5F7A_Mandelic_acid.png,
2230,3013442,CCO[C@@]1([C@]2([C@@H](CC(=O)[C@@]3([C@@H]2[C@H](C[C@@]4([C@]35[C@H](O5)C(=O)O[C@H]4C6=COC=C6)C)O)C)C(O1)(C)C)C)C,3013442,ok,CMPD_8DD14A4C9BB2_clausenolide-1-ethyl_ether.png,
2231,15441,C(CCCCC=CC(=O)O)CCCCF,15441,ok,CMPD_8DE0C0C705A7_Eicosane-1.png,
2232,70699351,CC[C@H](CC[C@@H](C)[C@H]1CC[C@@H]2[C@@]1(CC[C@H]3[C@H]2CC=C4[C@@]3(CC[C@@H](C4)O[C@H]5C(C([C@@H](C(O5)CO)O)O)O)C)C)C(C)C,70699351,ok,CMPD_8DF64901930F_Sitosterol_b-D-glucoside.png,
2233,3314,COC1=C(C=CC(=C1)CC=C)O,3314,ok,CMPD_8E2C9CB4950E_Eugenol.png,
2234,656555,C1=CC=C(C=C1)CCC(=NOS(=O)(=O)O)S[C@H]2[C@@H]([C@H]([C@@H]([C@H](O2)CO)O)O)O,656555,ok,CMPD_8E34C584EEC9_Gluconasturtiin.png,
2235,177824050,C[C@H]1[C@@H]([C@H]([C@H]([C@@H](O1)O[C@@H]2[C@H]([C@@H](CO[C@H]2O[C@@H]3[C@H]([C@@H]([C@H](O[C@H]3O[C@H]4CC[C@]5([C@H]([C@@]4(C)CO)CCC6[C@@H]5CC=C7[C@]6(CC[C@@]8([C@H]7CC(C[C@H]8O)(C)C)C)C)C)C(=O)O)O)O)O)O)O)O)O,177824050,ok,CMPD_8E57DFB43940_astragaloside_VIII.png,
2236,119204,CN1CCC2=CC3=C(C4=C2[C@H]1CC5=CC=CC=C54)OCO3,119204,ok,CMPD_8E58CCDA66A3_roemerine.png,
2237,44257887,COC1=CC=C(C=C1)C2=CC(=O)C3=C(C=C(C=C3O2)O[C@H]4C([C@H]([C@@H](C(O4)C(=O)OC)O)O)O)O,44257887,ok,CMPD_8E797D8E60D7_acacetin_7-O-D-methylglucuronide.png,
2238,11116248,CCCCCC1[C@H]2[C@@H]1CCC2,11116248,ok,CMPD_8E8934696791_Amorfrutins_A.png,
2239,91747493,CC(C)[C@H]1CC[C@](C2C1CC(=C)CC2)(C)O,91747493,ok,CMPD_8E9BC0733AEB_Beta-cadinol.png,
2240,5320128,CC(=CCC/C(=C\CCC(C)(C=C)O)/C)C,5320128,ok,CMPD_8EBCE26A0048_cis_nerolidole.png,
2241,10100906,C1=C(C=C(C(=C1O)O)O)C2=C(C=C3C(=CC(=CC3=[O+]2)O)O[C@H]4[C@@H]([C@H]([C@@H]([C@H](O4)CO)O)O)O)O[C@H]5[C@@H]([C@H]([C@@H]([C@H](O5)CO)O)O)O,10100906,ok,CMPD_8EBDC56E9695_Delphinidin_3_5_diglucoside.png,
2242,101044443,CC1CC(C2C1C3=C(C(=CO3)C)C(=O)C=C2C)OC,101044443,ok,CMPD_8ED25A7BBC10_methoxyfuranoguaia-9-ene-8-one.png,
2243,102068949,CCOP(=O)(OCC)OC1CCC=CC1,102068949,ok,CMPD_8EDEDD299C39_Ficuisoflavone.png,
2244,442202,C[C@]12CCCC([C@@H]1CC=C3[C@@H]2C(=O)OC3)(C)C,442202,ok,CMPD_8F04F475683B_drimenin.png,
2245,101231701,CC1=CC=C([C@@H]1C=O)Cl,101231701,ok,CMPD_8F04F475683B_drimenin.png,
2246,74709,COC1=CC(=CC(=C1OC)O)C(=O)O,74709,ok,CMPD_8F07336D0049_3_4-Dimethoxy-5-hydroxybenzoic_acid.png,
2247,10965842,CC1CCCCCCCCCCC(=O)O1,10965842,ok,CMPD_8F13FF9C711D_12-tridecanolide.png,
2248,115250,C[C@H]1[C@@H]2[C@H]3CC[C@@H]4[C@]5(CC[C@@H](C([C@@H]5CC[C@]4([C@@]3(CC[C@]2(CCC1=C)C)C)C)(C)C)O)C,115250,ok,CMPD_8F1D0ABE8C7A_Taraxasterol.png,
2249,528561,CCCCCCCCCCCCCCCCCCCCC(C)CC,528561,ok,CMPD_8F1FF98AA07C_3-methyltricosane.png,
2250,101783515,C[C@@H](C1=CC=CC2=CC=CC=C21)NC(C3=CC=C(C=C3)Cl)P(=O)(OC)OC,101783515,ok,CMPD_8F229E32E1F1_caryophylla-4_12_8_13_-dien-5-Î²-ol.png,
2251,91694425,CC1C2C/C=C(/CC/C=C(/CC2OC1=O)\C)\C,91694425,ok,CMPD_8F28015EA8EF_germacranolide.png,
2252,10141656,CC1=C(C2=CC=CC=C2N1C(=O)C3=CC=C(C=C3)OC[C@@H]4CN(C5=CC=CC=C5O4)C)CCCC(=O)O,10141656,ok,CMPD_8F43C735698C_Silenegallisaponin_D.png,
2253,643779,CC(=CCC/C(=C\C=O)/C)C,643779,ok,CMPD_8F482CFA0B15_Neral.png,
2254,249286,C[C@H]1[C@@H]2C[C@]2(CC1=O)C(C)C,249286,ok,CMPD_8F4B41D2A03A_Cis-Thujone.png,
2255,182268,CC(=O)OC1C2=C(CC13C4=CC(=C(C=C4CCN3C)OC)OC)C=CC5=C2OCO5,182268,ok,CMPD_8F59D9F73240_O-methylfumarophycine.png,
2256,11230,CC1=CCC(CC1)(C(C)C)O,11230,ok,CMPD_8F7402368C10_terpineol-4.png,
2257,101429953,C1=CC=C(C=C1)P(C2=CC=CC=C2)OC3=C(N=CC=C3)C4=C(C=CC=N4)OP(C5=CC=CC=C5)C6=CC=CC=C6,101429953,ok,CMPD_8F970CD9D222_20-hydroxy_24-hydroxymethylecdysone.png,
2258,12084879,C[C@]12CC[C@H]3C(=CC(=O)[C@H]4[C@@]3(C[C@@H]([C@@H](C4)O)O)C)[C@@]1(CC[C@@H]2[C@](C)([C@@H](C[C@@H](CO)C(C)(C)O)O)O)O,12084879,ok,CMPD_8F970CD9D222_20-hydroxy_24-hydroxymethylecdysone.png,
2259,180531,C1C=C([C@@H]2[C@H]1C=COC2O[C@@H]3[C@@H]([C@H]([C@@H]([C@@](O3)(CO)O)O)O)O)COC(=O)C4=CC=CC=C4,180531,ok,CMPD_8FC614B45240_Melampyroside.png,
2260,5282775,CCCCCCCC/C=C\CCCCCCCCCCCCCCCC(=O)O,5282775,failed,,"('Connection aborted.', RemoteDisconnected('Remote end closed connection without response'))"
2261,164544,COC1=C(C=CC(=C1)C2=[O+]C3=CC(=CC(=C3C=C2O)O)O)O.[Cl-],164544,ok,CMPD_8FD95115D786_peonidin.png,
2262,5281542,C[C@@]1(C[C@H]([C@]2([C@@H]1[C@@H](OC=C2)O[C@H]3[C@@H]([C@H]([C@@H]([C@H](O3)CO)O)O)O)O)O)OC(=O)/C=C/C4=CC=CC=C4,5281542,ok,CMPD_8FDAE11CEC72_harpagoside.png,
2263,44257805,C1=CC(=CC=C1C2=CC(=O)C3=C(C=C(C=C3O2)O)O)O[C@H]4C(C([C@@H](C(O4)CO)O)O)O,44257805,ok,CMPD_8FDFA31D1D4A_Apigenin_glucoside.png,
2264,12731,CCCCC[AsH2],12731,ok,CMPD_8FE6FBFA297C_2_6_10-trimethyldodecane_Farnesane.png,
2265,177751,CC1(CC(=O)C2=C(O1)C=C3C(=C2)C=CC(=O)O3)C,177751,ok,CMPD_8FF0AEEFE7FC_graveolone.png,
2266,92412,C1=CC(=C(C=C1OC2=C(C(=C(C=C2)Cl)Cl)Cl)Cl)Cl,92412,failed,,"('Connection aborted.', RemoteDisconnected('Remote end closed connection without response'))"
2267,6440999,C/C=C\1/[C@@H](OC=C(C1CC(=O)OC[C@@H]2[C@H]([C@@H]([C@H]([C@@H](O2)OCCC3=CC=C(C=C3)O)O)O)O)C(=O)OC)O[C@H]4[C@@H]([C@H]([C@@H]([C@H](O4)CO)O)O)O,6440999,ok,CMPD_90697301D6A8_Nuezhenide.png,
2268,14660706,C=CCOC(=O)/C=C/C1COC2(O1)CCCCC2,14660706,ok,CMPD_906C7C906478_19-hydroxy-3-oxoursa-1-12-dien-28-oic_acid.png,
2269,11116670,COC1=NC(=CC=C1)[Si](C)(C)C,11116670,ok,CMPD_906C7C906478_19-hydroxy-3-oxoursa-1-12-dien-28-oic_acid.png,
2270,11701599,C1=CC=C(C=C1)OC2[C@@H]([C@H]([C@@H]([C@H](O2)CO)O)O)O,11701599,ok,CMPD_9077BB66428B_phenyl_glucoside.png,
2271,521207,CC1CCC2C13CC=C(C(C3)C2(C)C)C,521207,ok,CMPD_9077CA64B817_cedrene.png,
2272,11770062,C[C@@H]1CC[C@H]([C@H]2[C@]1(CCC(=C2)C)O)C(C)C,11770062,ok,CMPD_90859236AA6B_cubenol.png,
2273,345501,COC1=CC(=CC(=C1OC)OC)[C@H]2[C@@H]3[C@@H](CC4=CC5=C(C=C24)OCO5)COC3=O,345501,ok,CMPD_9092FD21C873_Deoxypodophylotoxin.png,
2274,105152,[227Ac],105152,ok,CMPD_9092FD21C873_Deoxypodophylotoxin.png,
2275,5363062,CCN1C(C(=O)/C(=C(/NCCN/C(=C/2\C(=O)N(C(C2=O)(C)C)CC)/C)\C)/C1=O)(C)C.[Cu],5363062,ok,CMPD_909581E5AF02_Farnesylacetone_cis-trans.png,
2276,11463,CC1=CCC(=C(C)C)CC1,11463,ok,CMPD_90A357A28437_Terpinolene.png,
2277,5366441,C[Si](C)(C)/N=C(/CC(=O)O[Si](C)(C)C)\O[Si](C)(C)C,5366441,ok,CMPD_90A8CD10E002_alpha-Longipinone.png,
2278,131752183,C1[C@H]([C@H](OC2=C1C(=C(C(=C2)O)C3[C@@H]([C@H]([C@@H]([C@H](O3)CO)O)O)O)O)C4=CC(=C(C=C4)O)O)O,131752183,ok,CMPD_90A91F1DE23E_youssoufenes_B4.png,
2279,10168641,C([C@@H]1[C@H]([C@@H]([C@H]([C@H](O1)OC[C@]2([C@@H]([C@H]([C@@H](O2)CO)O)O)OC[C@@]3([C@H]([C@@H]([C@H](O3)CO)O)O)OC[C@]4([C@@H]([C@H]([C@@H](O4)CO)O)O)O)O)O)O)O,10168641,ok,CMPD_90D3667BA021_isolinariin_E.png,
2280,163263,C[C@]12CCCC([C@@H]1CC[C@@]([C@@H]2CC[C@](C)(C=C)O)(C)O)(C)C,163263,ok,CMPD_90E2DAB94C6F_Sclareol.png,
2281,261859,COC1=CC(=CC(=C1OC)OC)C2=CC(=O)C3=C(C(=C(C(=C3O2)OC)OC)OC)O,261859,ok,CMPD_90E896A14413_gardenin_A.png,
2282,92094,CC1=CC(=CC2=C1O[C@](CC2)(C)CCC[C@H](C)CCC[C@H](C)CCCC(C)C)O,92094,ok,CMPD_9105099B2C4A_Delta-tocopherol.png,
2283,91457,C[C@]12CCCC(=C)[C@@H]1C[C@@H](CC2)C(C)(C)O,91457,failed,,"('Connection aborted.', RemoteDisconnected('Remote end closed connection without response'))"
2284,17090,CC(CCC=C(C)C)C=C,17090,ok,CMPD_9124A1F6F146_3_7-dimethyl-octa-1_6-diene.png,
2285,85469293,C1=CC(=CC=C1C2=C(C(=O)C3=C(O2)C=C(C(=C3O)O)O)O[C@H]4[C@@H]([C@H]([C@@H]([C@H](O4)CO)O)O)O)O,85469293,ok,CMPD_916067D5F546_6-hydroxykaempferol_3-O-glucoside.png,
2286,5280960,C1=CC(=CC=C1/C=C/C(=O)C2=C(C=C(C=C2O)O)O)O,5280960,ok,CMPD_918917E4A9D3_Naringenin_chalcone.png,
2287,5748601,C[C@H]1[C@@H]([C@H]([C@H]([C@@H](O1)OC2=CC(=C3C(=C2)OC(=C(C3=O)O)C4=CC(=C(C=C4)O)O)O)O)O)O,5748601,ok,CMPD_919BB5BA6C47_quercetin-7-O-rhamnoside.png,
2288,5280447,C[C@H](CCCC(C)(C)O)[C@H]1CCC\2[C@@]1(CCC/C2=C\C=C/3\C[C@H](CCC3=C)O)C,5280447,ok,CMPD_919BB5BA6C47_quercetin-7-O-rhamnoside.png,
2289,11956549,CC1CCCCC1NC2=NC(=NC3=C2SCC3)N4CCN(CC4)C5=CC=CC=C5,11956549,ok,CMPD_91A564C0C182_6beta-Hydroxylupanine.png,
2290,135403803,C1=C(N=C2C(=O)NC(=NC2=N1)N)C(=O)O,135403803,ok,CMPD_91B6A3711CE1_pterin-6-carboxylic_acid.png,
2291,7778,CC(CCC=C(C)C)CCOC=O,7778,ok,CMPD_91D905175042_citronellyl_formate.png,
2292,102142520,CC(C)(C)N=C=C(N(C)C)N(C)C,102142520,ok,CMPD_91EB9944DF61_3-O-_-D-glucopyranosyl-3_21_28-trihydroxy-olean-12-en-27-oic_acid.png,
2293,10168,C1=CC2=C(C(=C1)O)C(=O)C3=C(C2=O)C=C(C=C3O)C(=O)O,10168,ok,CMPD_9217B61FC18F_Rhein.png,
2294,102072052,CC(C)N(C(C)C)P(OCC[Si](C)(C)C)O[C@H]1C[C@@H](O[C@@H]1COC(C2=CC=CC=C2)(C3=CC=C(C=C3)OC)C4=CC=C(C=C4)OC)N5C=NC6=C5N=C(N=C6OCCO[Si](C)(C)C)NC(=O)OCC[Si](C)(C)C,102072052,ok,CMPD_9220CEFAB340_amorfrutin_H.png,
2295,6432447,CC1(CCCC2(C3C1[C@@H](C2(CC3)C)O)C)C,6432447,ok,CMPD_922AEAB508F2_Juniperol.png,
2296,66594920,C1CCCCC(CCC1)C2CCCCCCCO2,66594920,ok,CMPD_922CA476D854_9-oxabicyclononane.png,
2297,75929,CCCCN1C=NC2=C(N=CN=C21)N,75929,ok,CMPD_924246C68F46_N-Benzoylanthranilic_acid.png,
2298,4575239,CC(CCCCCCCC(=O)O)O,4575239,ok,CMPD_9252C910A17D_9-hydroxydecanoic_acid.png,
2299,9651,CN1CC[C@@]23C=C[C@@H](C[C@@H]2OC4=C(C=CC(=C34)C1)OC)O,9651,ok,CMPD_92626B044482_Galanthamine.png,
2300,185847,C[C@H]([C@@](C(C)C)(C(=O)OCC1=CCN2[C@H]1[C@H](CC2)OC(=O)C)O)O,185847,ok,CMPD_92C4E7C2B1A4_3-acetylrinderine.png,
2301,14136859,C/C=C/1\[C@@H](C(=CO[C@H]1O[C@H]2[C@@H]([C@H]([C@@H]([C@H](O2)CO)O)O)O)C(=O)OC)CC(=O)OCCC3=CC=C(C=C3)O,14136859,ok,CMPD_92ECB961DCE8_ligstroside.png,
2302,115042,[N+](=O)(O)[O-].[Hg],115042,ok,CMPD_92ECB961DCE8_ligstroside.png,
2303,137081,CCCCCCCCCCCCCCCCCC(C)C,137081,ok,CMPD_92F54F30FBC9_Nonadecane_2-methyl-.png,
2304,61130,CC1(C2CC=C(C1C2)C=O)C,61130,ok,CMPD_93106335021B_myrtenal.png,
2305,22212001,CC1(CC2C1CCC(=C)[C@@H](CCC2=C)O)C,22212001,ok,CMPD_9327BB904E45_Caryophylladienol_I.png,
2306,10392218,COC(=O)[C@@]1(C[C@H]([C@H]([C@@H](C1)OC(=O)/C=C/C2=CC(=C(C=C2)O)O)OC(=O)/C=C/C3=CC(=C(C=C3)O)O)O)O,10392218,ok,CMPD_93478EB03911_methyl_3_4-di-O-caffeoyl_quinate.png,
2307,102146939,C[C@@H]1COCO[C@@]12C(=O)N([C@H]([C@H](O2)C3=CC=CC=C3)C)C,102146939,ok,CMPD_936BFD8188B4_4hydroxyglucobrassicin.png,
2308,10188656,CCC[C@@H]([C@@H](CC(C)C)CN[C@H]1CCC2=C3C(=CC=C2)C[C@H](N3C1=O)C(=O)N[C@H]4CCN(C4)CC5=CC=CC=C5)C(=O)N,10188656,ok,CMPD_937989000761_hederasaponins_E.png,
2309,161245,CC(CC1=CC=CC=C1)NCCC#N.Cl,161245,ok,CMPD_937B5C77D17D_4-O-_-D-glucopyranosyloxybenzoic_acid.png,
2310,117621,CC1=CC=C(C=C1)NC2=C3C(=C(C=C2)NCCCN(C)C)C(=O)C4=CC=CC=C4C3=O,117621,ok,CMPD_937B5C77D17D_4-O-_-D-glucopyranosyloxybenzoic_acid.png,
2311,91794,C1OC(C(O1)C(C=O)O)C(CO)O,91794,ok,CMPD_937E22E64717_Î_-Himachalene.png,
2312,5054,C1=CC(=CC(=C1)O)O,5054,ok,CMPD_9382DA7D06DD_resorcinol.png,
2313,931,C1=CC=C2C=CC=CC2=C1,931,ok,CMPD_93ACC66A6E5F_naphthalene.png,
2314,11310616,C[C@@H]1CC[C@@H]2[C@@H]1C[C@H]3CC[C@@]2(OC3(C)C)C,11310616,ok,CMPD_93AE405F6E9B_Kessane.png,
2315,5352425,[Pb],5352425,ok,CMPD_93F582C0800E_Pb.png,
2316,102146938,C[C@H]1[C@H](O[C@]2(CC=C(CO[C@@H]2C)C=C)C(=O)N1C)C3=CC=CC=C3,102146938,ok,CMPD_93FCF9630E1B_Capparispine.png,
2317,5281544,C/C=C/1\[C@@H](C(=CO[C@H]1O[C@H]2[C@@H]([C@H]([C@@H]([C@H](O2)CO)O)O)O)C(=O)OC)CC(=O)OCCC3=CC(=C(C=C3)O)O,5281544,ok,CMPD_94060576BC3C_oleuropein.png,
2318,115244,C[N+]1(CCC[C@H]1C(=O)[O-])C,115244,ok,CMPD_940B92EFAF32_Stachydrine.png,
2319,102555374,CC(CC(=O)N(C1=CC=CC=C1)C2=NCCS2)C3=CC=C(C=C3)F,102555374,ok,CMPD_941272552F6A_Urs-12-ene-1_3_11_15-tetraol.png,
2320,44259771,COC1=C(C(=C2C(=C1)OC(=C(C2=O)O)C3=CC=C(C=C3)O)OC)OC,44259771,ok,CMPD_9412A52C7CE4_candidol.png,
2321,33637,CC1=CC=CC=C1OC,33637,ok,CMPD_9441CF4D0F81_Methylanisole.png,
2322,12921576,CCOP1(=O)C(OC(=N1)OC)(C(=O)OC)OC,12921576,ok,CMPD_944C7BE2D5B0_helioscopins_B.png,
2323,642793,CCCCC[C@@H]1CC=CC(=O)O1,642793,ok,CMPD_948C9C91340F_cocolactone.png,
2324,5317582,C[C@]12CCCC3([C@@H]1[C@@H]([C@]45[C@H]3CC[C@](C4)(C(=C)C5)O)C(=O)O)OC2=O,5317582,ok,CMPD_94D7B0312FA3_4-hydroxy-7-methoxy-flavone.png,
2325,11211,C=CC(=O)OCC(C(C(C(C(C(F)(F)F)(F)F)(F)F)(F)F)(F)F)(F)F,11211,failed,,"('Connection aborted.', RemoteDisconnected('Remote end closed connection without response'))"
2326,6137,CSCC[C@@H](C(=O)O)N,6137,ok,CMPD_9529AE880D8E_Methionine.png,
2327,442234,CC1=C[C@@H]2[C@@H]([C@@H](CC(=CCC1)C)OC(=O)C(=CCO)CO)C(=C)C(=O)O2,442234,ok,CMPD_952CD17D0B54_Î_-fenchone.png,
2328,14629914,CCC(C)C(C(=O)NC(CCCN=C(N)N)C(=O)N1CCCC1C(=O)N2CCCC2C(=O)NCC(=O)NC(CC3=CC=CC=C3)C(=O)NC(CO)C(=O)N4CCCC4C(=O)NC(CC5=CC=CC=C5)C(=O)NC(CCCN=C(N)N)C(=O)NC(C(C)C)C(=O)O)N,14629914,ok,CMPD_954175556A9B_Orientin_2-O-beta-D-glucopyranoside.png,
2329,10624721,CC1([C@H]([C@H](CO1)C2=C(C=CC3=C2O[C@@H](CC3=O)C4=CC=CC=C4)O)OC(=O)/C=C/C5=CC=CC=C5)C,10624721,ok,CMPD_95469A35437F_tephrorins_B.png,
2330,12301594,CN1CC2=CC=CC=C2[C@@H]3[C@@H]1C4=CC(=C(C=C4CC3)OC)OC,12301594,ok,CMPD_955DEDC2351B_beta-Eudesmene.png,
2331,101560938,CCCCCCN1C2=CC=CC=C2C3=C1C=C(C=C3)C4=NC(=CC(=C4)C5=CC=CC=C5)C6=CC=CS6,101560938,ok,CMPD_95641F3F1D1D_quercetin_glucoside.png,
2332,5363222,CCCCC/C=C\C(C)CCCCCCOC(=O)C,5363222,ok,CMPD_957C03ADA1C0_7-methyl-Z-tetradecen-1-ol_acetate.png,
2333,10819,CC(=C)C1CCC(=CC1)CO,10819,ok,CMPD_95865006D368_Perillaldehyde.png,
2334,16441,CC(=C)C1CCC(=CC1)C=O,16441,ok,CMPD_95865006D368_Perillaldehyde.png,
2335,1057,C1=CC(=C(C(=C1)O)O)O,1057,ok,CMPD_9587915E3673_Pyrogallol.png,
2336,44557350,C[C@@H]1CC[C@@]2(CC[C@@]3(C(=CC[C@H]4[C@]3(CC[C@@H]5[C@@]4(C[C@H]([C@@H](C5(C)C)O)O)C)C)C2=C1C)C)C(=O)O[C@H]6[C@@H]([C@H]([C@@H]([C@H](O6)CO)O)O)O,44557350,ok,CMPD_95A414350E24_rubuside_A.png,
2337,5464461,COC1=C(C=CC(=C1)C2=C(C(=O)C3=C(O2)C=C(C(=C3O)OC)O)OC)O,5464461,ok,CMPD_95AF377F2EE6_jaceidin.png,
2338,21630872,CC(=CC(C=C)C(C)(C)OC(=O)C)C,21630872,ok,CMPD_95B1B36474D9_santolinyl_acetate.png,
2339,403772,CC1=C2CCCC([C@@]3(C2=C(C=C1)C=C(C3=O)C(C)C)O)(C)C,403772,ok,CMPD_95B640D83FAA_Microstegiol.png,
2340,24699,CCCCCCCCCCCCCCCCCC(=O)OCC(CO)O,24699,ok,CMPD_96259DC40A1B_Octadecanoic_acid_2_3-dihydroxypropyl_ester.png,
2341,8193,CCCCCCCCCCCCO,8193,ok,CMPD_9626DB05E032_1-dodecanol.png,
2342,44258443,CC1[C@@H]([C@@H](C([C@@H](O1)OCC2[C@H]([C@@H](C([C@@H](O2)OC3=C(C(=C4C(=C3)OC(=CC4=O)C5=CC=C(C=C5)OC)O)OC)O)O)O)O)O)OC(=O)C,44258443,ok,CMPD_9656990D2889_linariin.png,
2343,10565860,CC(=O)C1=NC=CC2=C1C(=NC3=CC=CC=C23)C(OC)OC,10565860,ok,CMPD_9656ED441A94_Myrciaphenone_A.png,
2344,179470,CC(=O)C1=C(C=C(C=C1O[C@H]2[C@@H]([C@H]([C@@H]([C@H](O2)CO)O)O)O)O)O,179470,ok,CMPD_9656ED441A94_Myrciaphenone_A.png,
2345,101235133,C[C@H]1C[C@]23C(=O)[C@@H]([C@@H]([C@@H]4[C@@H](C4(C)C)[C@@H]([C@@H](/C(=C\[C@@]2([C@H]1OC(=O)C)O3)/C)O)OC)OC(=O)C)C,101235133,ok,CMPD_9661ABE28E91_Bombamalin.png,
2346,102434456,CCOC(=O)C([C@H]1[C@H]([C@H]([C@@H]([C@H](O1)COCC2=CC=CC=C2)OCC3=CC=CC=C3)OCC4=CC=CC=C4)O)(F)F,102434456,ok,CMPD_9666F43D60A0_methyl_gallate_3-O-_-D-glucoside.png,
2347,5282847,CC/C=C/C/C=C/C/C=C/C/C=C/C/C=C/CCCC(=O)O,5282847,failed,,Response ended prematurely
2348,14311152,COC1=C(C=CC(=C1)C2=[O+]C3=CC(=CC(=C3C=C2O[C@H]4[C@@H]([C@H]([C@@H]([C@H](O4)CO)O)O)O)O)O)O.[Cl-],14311152,ok,CMPD_969E64BC2B42_peonidin-3-O-glucoside.png,
2349,11953901,C\1[C@H](NC(=C/C1=C/C=[N+]2[C@@H](CC3=CC(=C(C=C32)O)O[C@H]4[C@@H]([C@H]([C@@H]([C@H](O4)CO)O)O)O)C(=O)[O-])C(=O)O)C(=O)O,11953901,ok,CMPD_96A0F91FFCD7_Betacyanin.png,
2350,111220,C[C@@H]1CC[C@@]2(CC[C@@]3(C4=CC[C@@H]5[C@@]([C@H]4CC[C@]3([C@@H]2[C@H]1C)C)(CC[C@@H](C5(C)C)O)C)C)C,111220,ok,CMPD_96A58BA64A98_bauerenol.png,
2351,185623,CN1CCC2=CC(=C(C=C2[C@]13CC4=C(C3=O)C5=C(C=C4)OCO5)O)OC,185623,ok,CMPD_96BADFFBF541_parfumine.png,
2352,92231,C[C@@]1(CC[C@@H]2[C@@H]1[C@H]3[C@H](C3(C)C)CCC2=C)O,92231,ok,CMPD_96F34CA99C60_Spathulenol.png,
2353,16132354,C1[C@@H]2[C@H]([C@@H]([C@H]([C@@H](O2)OC(=O)C3=CC(=C(C(=C3)O)O)O)OC(=O)C4=CC(=C(C(=C4)O)O)O)OC(=O)C5=CC(=C(C(=C5)O)O)O)OC(=O)C6=CC(=C(C(=C6C7=C(C(=C(C=C7C(=O)O1)OC8=C(C(=C(C=C8C(=O)O)O)O)O)O)O)O)O)O,16132354,ok,CMPD_96F54A79724F_rugosin_A.png,
2354,906426,C[C@H]([C@@](C(C)C)(C(=O)OCC1=CCN2[C@H]1[C@H](CC2)O)O)OC,906426,failed,,"('Connection aborted.', RemoteDisconnected('Remote end closed connection without response'))"
2355,161271,COC1=CC=C(C=C1)C2=CC(=O)C3=C(C(=C(C=C3O2)OC)OC)O,161271,ok,CMPD_970F7F55B788_salvigenin.png,
2356,8343,CCCCC(CC)COC(=O)C1=CC=CC=C1C(=O)OCC(CC)CCCC,8343,ok,CMPD_9737D0928462_Bis_2-ethylhexyl_phthalate.png,
2357,131752306,CC(=CCC1=CC2=C(C=C1OC)OC3C2COC4=C3C(=C(C(=C4)O)CC=C(C)C)O)C,131752306,ok,CMPD_973BC6872B7A_Preussilides_B.png,
2358,45027804,C1=CC(=CC=C1/C=C/C2=CC(=C(C=C2)O)O[C@H]3[C@@H]([C@H]([C@@H]([C@H](O3)CO)O)O)O)O,45027804,ok,CMPD_975677BF9802_Trans-resveratrol-3-O-glucoside.png,
2359,161355,C1=CC(=CC=C1[C@@H](C#N)O[C@H]2[C@@H]([C@H]([C@@H]([C@H](O2)CO)O)O)O)O,161355,ok,CMPD_975D5D97CA3D_Dhurrin.png,
2360,11030025,CCC(CO)(CO)CCl,11030025,ok,CMPD_975E5C331A74_scabiostellatoside_E.png,
2361,10141653,CC(=O)NC[C@H]1CN(C(=O)O1)C2=CC(=C(C=C2)C3=CN=C(N=C3)N4CCN(CC4)C(=O)C(C)(C)C)F,10141653,ok,CMPD_975E5C331A74_scabiostellatoside_E.png,
2362,101831201,CCCCCCCCCCCCCCCCCCCCCC(=O)O[C@@H]1COC[C@H]([C@H]([C@@H]1O)O)O,101831201,failed,,"('Connection aborted.', RemoteDisconnected('Remote end closed connection without response'))"
2363,Â 89640,,Â 89640,failed,,400 Client Error: PUGREST.BadRequest for url: https://pubchem.ncbi.nlm.nih.gov/rest/pug/compound/cid/%C3%82%C2%A089640/PNG?image_size=500x500
2364,89640,C[C@H]1[C@H](C[C@H]2[C@@H]1[C@@H](OC=C2C(=O)O)O[C@H]3[C@@H]([C@H]([C@@H]([C@H](O3)CO)O)O)O)O,89640,ok,CMPD_97A1C8060A48_loganic_acid_glucoside.png,
2365,91752248,CN1C2CC(CC1[C@@H]3[C@H]2O3)OC(=O)CC4=CC=CC=C4,91752248,ok,CMPD_97BEE17D4FC6_phenylacetylscopine.png,
2366,5317590,CCCCCCCCCC(CC(CCC1=CC(=C(C=C1)O)OC)O)O,5317590,ok,CMPD_97CD8AF438BB_5-methoxy-6-hydroxyflavone.png,
2367,13834145,C1[C@H]([C@@H](OC(=O)C2=CC(=C(C(=C2C3=C(C(=C(C=C3C(=O)O1)O)O)O)O)O)O)[C@H]4[C@@H]5[C@@H](C6=C(C(=C(C(=C6C(=O)O5)C7=C(C(=C(C=C7C(=O)O4)O)O)O)O)O)O)O)OC(=O)C8=CC(=C(C(=C8)O)O)O,13834145,ok,CMPD_97D9392B7051_Casuarinin.png,
2368,102434459,C1=CC=C(C=C1)COC[C@@H]2[C@@H]([C@@H]([C@@H]([C@H](O2)C(C(=O)O)(F)F)O)OCC3=CC=CC=C3)OCC4=CC=CC=C4,102434459,ok,CMPD_97D9392B7051_Casuarinin.png,
2369,171390257,CN1CCC2=CC(=C(C=C2[C@]13CC4=C(C3=O)C5=C(C=C4)OCO5)OC)OC,171390257,ok,CMPD_97DF6774238E_parfumidine.png,
2370,119041,C[C@@]12CC[C@@H]3[C@]4(C=CC(=O)OC([C@@H]4CC(=O)[C@]3([C@@]15[C@H](O5)C(=O)O[C@H]2C6=COC=C6)C)(C)C)C,119041,ok,CMPD_97E188F3B1F1_Diacetyllycorine.png,
2371,10429288,CC(=O)O[C@H]1C=C2CCN3[C@H]2[C@@H]([C@@H]1OC(=O)C)C4=CC5=C(C=C4C3)OCO5,10429288,ok,CMPD_97E188F3B1F1_Diacetyllycorine.png,
2372,580381,CC(=O)C1=CC=C(O1)CO,580381,ok,CMPD_9800646433BB_2-acetyl-5-hydroxymethylfuran.png,
2373,404548,C[C@@]12CC[C@@H]3[C@@H]([C@H]1C(=C)C(=O)C=C2)OC(=O)C3=C,404548,ok,CMPD_980F3782DAC3_dehydrobrachylaenolide.png,
2374,160237,COC1=C(C(=C2C(=C1)OC(=CC2=O)C3=CC(=C(C=C3)O)O)O)OC,160237,ok,CMPD_98305B478DEF_cirsiliol.png,
2375,131751167,CC1CC(C2(C(C3C(O2)CC4C3(CCC5C4CCC6C5(CCC(C6)O)C)C)C)NC1)OC(=O)C,131751167,ok,CMPD_9835FDA0461B_fucoidan.png,
2376,129532628,C[C@@H]1[C@H]([C@@H]([C@@H]([C@@H](O1)C)OS(=O)(=O)O)O)OC,129532628,ok,CMPD_9835FDA0461B_fucoidan.png,
2377,5318701,C[C@H]1CCC2C13CCC(C3)[C@H](C2(C)C)CO,5318701,ok,CMPD_983771437610_polygodial.png,
2378,20055804,CC(C)CC(=O)O[C@@H]1[C@H]([C@@H]([C@H](O[C@H]1O[C@H]2C[C@]3([C@@H]4CC[C@@H]5C[C@@]4(CC[C@@H]3C(C2)(C(=O)O)C(=O)O)[C@H](C5=C)O)C)CO)OS(=O)(=O)O)OS(=O)(=O)O,20055804,ok,CMPD_984397079E24_Carboxyatractyloside.png,
2379,5311725,CC1=CC(=CC(=C1Cl)C)OCC2=NC(=NO2)C3=CC=C(C=C3)OCC4=CC=CC=C4Cl,5311725,ok,CMPD_98443EFBDFB7_Safflower_yellow_B.png,
2380,12521284,CC(C)C1=C(C(=CC=C1)OC)O,12521284,failed,,"('Connection aborted.', RemoteDisconnected('Remote end closed connection without response'))"
2381,10091876,C[C@](CCC1=CC=C(C=C1)OCCCC(C(F)(F)F)(F)F)(CO)N.Cl,10091876,ok,CMPD_985F473E835D_10-acetoxy-6-benzoate-jaeschkeanadiol.png,
2382,102146821,C1C=C([Si]1(C2=CC=CC=C2)C3=CC=CC=C3)C4=CC=CC=C4,102146821,ok,CMPD_986044D515A8_13-O-acetylfawcettimine.png,
2383,12681561,CCCN1C2[C@H]3C[C@@H](C2N=N1)C4C3N(N4C(=O)OC)C(=O)OC,12681561,ok,CMPD_986044D515A8_13-O-acetylfawcettimine.png,
2384,10248,COC1=CC(=CC(=C1OC)OC)CC=C,10248,ok,CMPD_986A15369D35_Elemicin.png,
2385,10742,COC1=CC(=CC(=C1O)OC)C(=O)O,10742,ok,CMPD_9889FB4B4620_Syringic_acid.png,
2386,44234789,CC1=C(C(=O)C2=CC=CC=C2C1=O)CC3=CC=C(C=C3)C(C)(C)C,44234789,ok,CMPD_9892CA24029F_semi-myrtucommulone.png,
2387,101297596,COC1=C(C=C2C(=C1)C[C@H]3C4=CC(=O)C(=C[C@]42CCN3)OC)O,101297596,ok,CMPD_9892CA24029F_semi-myrtucommulone.png,
2388,7330522,COC1=C(C(=C(C(=C1)C2=CC(=O)C3=C(C=C(C=C3O2)O)O)OC)O)OC,7330522,ok,CMPD_98B0E87B5D95_5_7_3_-trihydroxy-2_4_5_-trimethoxyflavone.png,
2389,6890,CN(C)CC1=CNC2=CC=CC=C21,6890,ok,CMPD_98E13247C5EF_gramine.png,
2390,14631316,CC1=C(C(C[C@@H]([C@@H]1OC(=O)C)OC(=O)C)(C)C)/C=C/C(=C/C#N)/C,14631316,ok,CMPD_98E15906F0C9_beta-Vatirenene.png,
2391,101372583,CC(=O)O[C@@H]1CCCO[C@@H]1[C@H](C(=O)C2=CC=CC=C2)OC(=O)C,101372583,ok,CMPD_98E4E2DD656C_12-Deoxyphorbol_13-decadienoate.png,
2392,101037621,CC(=O)N(CC1=NC(=CS1)CC2CCCCC2)[C@@H](CC3=CC=C(C=C3)OP(=O)(OCC4=CC=CC=C4)OCC5=CC=CC=C5)C(=O)N[C@@H](CCC(=O)O)C6=NC(=CS6)CC7CCCCC7,101037621,ok,CMPD_98F78766B989_hydroxyalpinumisoflavone.png,
2393,163105881,C/C=C(/C)\C(=O)O[C@H]1[C@@H]([C@]23[C@@H](C[C@]4([C@@]5(CC[C@@H]6[C@@]([C@H]5CC[C@@]4([C@@H]2CC1(C)C)O[C@@H]3O)(CC[C@@H](C6(C)C)O[C@H]7[C@@H]([C@H]([C@@H]([C@H](O7)C(=O)O)O)O[C@@H]8[C@@H]([C@H]([C@H]([C@H](O8)CO)O)O)O[C@@H]9[C@@H]([C@@H]([C@H]([C@@H](O9)O)O)O)O)O[C@@H]1C[C@@H]([C@@H]([C@@H]([C@H]1O)O)O)CO)C)C)C)OC(=O)C)O,163105881,ok,CMPD_98FC501D2A80_maesasaponin_II.png,
2394,18684078,C/C=C(\C=O)/C(CC=O)CC(=O)OCCC1=CC(=C(C=C1)O)O,18684078,ok,CMPD_991A5B29A89C_oleacein.png,
2395,12921516,CCCCCOP(=O)(C(O)/C(=C/C1=CC=CC=C1)/Br)C(O)/C(=C/C2=CC=CC=C2)/Br,12921516,ok,CMPD_9934CB2CFBA4_septemfidoside.png,
2396,443651,COC1=CC(=CC(=C1O)O)C2=[O+]C3=CC(=CC(=C3C=C2O[C@H]4[C@@H]([C@H]([C@@H]([C@H](O4)CO)O)O)O)O)O,443651,ok,CMPD_9949E59C79EF_petunidin-3-O-glucoside.png,
2397,11142,CC(C)C1CCC(=C)C=C1,11142,ok,CMPD_998FEEF8C108_Beta-phellandrene.png,
2398,92131,C[C@]12CCCC([C@@H]1CCC(=C)[C@@H]2CCC(C)(C=C)O)(C)C,92131,ok,CMPD_9995A64E3D1C_Phenyl-beta-D-glucoside.png,
2399,5459181,C1COS(=O)(=O)C(=C(CCC(=O)[O])O)S(=O)(=O)O1,5459181,ok,CMPD_999EC4AB98A8_caffeoylferuloyltartaric_acid.png,
2400,5318220,C[C@]12CC[C@](C[C@H]1C3=CC(=O)C4[C@]5(CC[C@@H](C(C5CC[C@]4(C3(CC2)C)C)(C)CO)O)C)(C)C(=O)O,5318220,ok,CMPD_99DA45A5716A_3-galloyl_quinic_acid.png,
2401,11136450,C[C]1[C]([C]([C]([C]1C)C)C)C.C[C]1[C]([C]([C]([C]1C)C)C)C.C[Si](C)(C)[N-][Si](C)(C)C.C1CCOC1.C1CCOC1.[K+].[Sm],11136450,ok,CMPD_99E82719DD2A_Quercitrin_3_-gallate.png,
2402,10297,C[C@@H]([C@@H](C1=CC=CC=C1)O)N,10297,ok,CMPD_99F37EEC23CE_norephedrine.png,
2403,10430,CC(C)CC(=O)O,10430,ok,CMPD_9A0E5E9DC454_Cirsimaritin.png,
2404,188323,COC1=C(C(=C2C(=C1)OC(=CC2=O)C3=CC=C(C=C3)O)O)OC,188323,ok,CMPD_9A0E5E9DC454_Cirsimaritin.png,
2405,441006,C1=NC(=C2C(=N1)N(C=N2)[C@H]3[C@@H]([C@@H]([C@H](O3)COP(=O)(O)OP(=O)(O)OC4[C@H]([C@H]([C@@H]([C@H](O4)[C@@H](CO)O)O)O)O)O)O)N,441006,ok,CMPD_9A434925B0C3_alpha-bisabolene.png,
2406,86597,CC1=CCC(CC1)C(=CCC=C(C)C)C,86597,ok,CMPD_9A434925B0C3_alpha-bisabolene.png,
2407,5359596,[As],5359596,ok,CMPD_9A473B1C7DDF_As.png,
2408,135565560,C1=CC(=CC=C1/C=C/C(=O)C2=C([C@@](C(=C(C2=O)/C=C\3/C(=O)C(=C([C@](C3=O)([C@H]4[C@@H]([C@H]([C@@H]([C@H](O4)CO)O)O)O)O)O)C(=O)/C=C/C5=CC=C(C=C5)O)O)([C@H]6[C@@H]([C@H]([C@@H]([C@H](O6)CO)O)O)O)O)O)O,135565560,ok,CMPD_9A5A0DAB0237_Carthamin.png,
2409,5748551,COC1=CC(=CC2=C1C(=O)C(=CO2)C3=CC=C(C=C3)O)O,5748551,ok,CMPD_9A65FB9CF8C9_Isoprunetin.png,
2410,23928102,C[C@H]1[C@@H]([C@H]([C@H]([C@@H](O1)O[C@@H]2[C@H]([C@@H](O[C@@H]([C@H]2OC(=O)/C=C/C3=CC(=C(C=C3)O)O)CO[C@H]4[C@@H]([C@](CO4)(CO)O)O)OCCC5=CC(=C(C=C5)O)O)O)O)O)O,23928102,ok,CMPD_9A75C9C514CB_forsythoside_B.png,
2411,101416452,C[N+]1=CC2=CC(=C1)C(=O)NCCOC3=CC=C(C=C3)OCCOCCOC/C=C\COCCOCCOC4=CC=C(C=C4)OCCNC2=O,101416452,ok,CMPD_9AA1E052B685_Helioscopinin_A.png,
2412,101185461,COC1=CC=C(C=C1)N[C@@H](C2=CC=C(C=C2)Cl)[C@H](C3=CC=CC=C3)NC4=CC=C(C=C4)Br,101185461,ok,CMPD_9AA1E052B685_Helioscopinin_A.png,
2413,Â 132516471,,Â 132516471,failed,,400 Client Error: PUGREST.BadRequest for url: https://pubchem.ncbi.nlm.nih.gov/rest/pug/compound/cid/%C3%82%C2%A0132516471/PNG?image_size=500x500
2414,12921575,CCN(C1=CC=CC=C1)C2=NP(=O)(C(O2)OC)OCC,12921575,ok,CMPD_9AA1E052B685_Helioscopinin_A.png,
2415,7041,COC1=C(C(=CC=C1)OC)O,7041,ok,CMPD_9AA790300514_2_6-dimethoxyphenol.png,
2416,101673905,CN\1C(=CS/C1=N/[N+](=O)O)C2=CC=CC=C2,101673905,ok,CMPD_9AE5D9763B8E_1_5-epoxyxanthatin.png,
2417,12304570,CC1=CCC[C@H](C1)C(=C)C,12304570,ok,CMPD_9AE655C0B8B6_sylvestrene.png,
2418,10472,CCCCCCCCCCCCCCCCCCCCCCCCO,10472,ok,CMPD_9AFBDEE8D89D_Tetracosanol.png,
2419,6431083,CCCCCCCCCCCCCCCCCCCCC(C)CCCC(C)CCCCC,6431083,ok,CMPD_9B12DE1E0DAD_bisabololoxid_A.png,
2420,1201530,CC1([C@H]2C[C@@H]1C(=C)[C@@H](C2)O)C,1201530,ok,CMPD_9B1372FB232C_L-pinocarveol.png,
2421,10141649,C1CCN(CC1)CCCNC2=NC=CC(=N2)C3=C4C=CC(=CN4N=C3C5=CC=C(C=C5)F)C(F)(F)F,10141649,ok,CMPD_9B144AEB786F_Friedelane-1-en-3-one.png,
2422,11384730,C[C@H]1C(=O)C=C[C@@H]2[C@@]1(CC[C@H]3[C@]2(CC[C@@]4([C@@]3(CC[C@@]5([C@H]4CC(CC5)(C)C)C)C)C)C)C,11384730,ok,CMPD_9B144AEB786F_Friedelane-1-en-3-one.png,
2423,545934,CCCCCCCCCCCCCCCCCCCCCCCCCCCCCCCCCCCCCCCCCCCCCCCCI,545934,ok,CMPD_9B2B40D89BD0_1-cyclopentyl-3-_2_4-dimethylphenyl_propane.png,
2424,178247,CC1(CC2C3=CCC4C5(CCC(C(C5CCC4(C3(CCC2(C(=O)C1)C)C)C)(C)CO)OC6C(C(C(C(O6)C(=O)O)O)O)OC7C(C(C(C(O7)CO)O)O)OC8C(C(C(C(O8)CO)O)O)O)C)C,178247,ok,CMPD_9B603616D5A2_Sandosaponin_A.png,
2425,5379096,COC1=C(C=CC(=C1)C2=CC(=O)C3=C(O2)C=C(C(=C3O)OC)O)O,5379096,ok,CMPD_9B607B51870D_jaceosidin.png,
2426,5471614,C1=CC2=C(C(=C1)O)N/C(=C/C=C\3/C=CC(=O)C(=C3)O)/C=C2,5471614,ok,CMPD_9B607B51870D_jaceosidin.png,
2427,6321405,C[C@@]12CC[C@@H](C1(C)C)C[C@H]2O,6321405,ok,CMPD_9B8F1215E568_isoborneol.png,
2428,181700,CCCCCCCCCCCCCCCCCC1=CC(=CC(=C1)O)O,181700,ok,CMPD_9BA78D8B5D89_5-heptadecylresorcinol.png,
2429,92275,CC(C)CC(=O)OCC1=CO[C@H]([C@H]2C1=C[C@@H]([C@]23CO3)OC(=O)C)OC(=O)CC(C)C,92275,ok,CMPD_9BC16A0D5AEA_isovaltrate.png,
2430,119253,C1C=C([C@@H]2[C@H]1C(=CC[C@H]2O[C@H]3[C@@H]([C@H]([C@@H]([C@H](O3)CO)O)O)O)C(=O)O)CO,119253,ok,CMPD_9BE25EA0C92E_Eucalyptin.png,
2431,154272,CC1=C2[C@H](C(=O)[C@@]3([C@H](C[C@@H]4[C@]([C@H]3[C@@H]([C@@](C2(C)C)(C[C@@H]1O)O)OC(=O)C5=CC=CC=C5)(CO4)OC(=O)C)O)C)O,154272,ok,CMPD_9BEE14FC4E01_10-deacetylbaccatin_III.png,
2432,442813,COC1=CC=C(C=C1)C2=COC3=C(C2=O)C=CC(=C3)O[C@H]4[C@@H]([C@H]([C@@H]([C@H](O4)CO)O)O)O,442813,ok,CMPD_9C082E03E139_Ononin.png,
2433,91389454,CCCCCCCCCCCCCCCCCCCC(CCCCCCCCC)(CCCCCCCCCCCC)CCO,91389454,ok,CMPD_9C0DD9583A00_3-dodecyl-3-nonyldocosan-1-ol.png,
2434,906143,C1=CC2=C(C=CC3=C2C=CN3)N=C1,906143,ok,CMPD_9C25F5299E0A_3H-pyrrolo_3_2-f_quinoline.png,
2435,5282111,CC[C@@H](C)C[C@@H](C)/C=C(\C)/C=C/C=C/C(=O)C1=C(C(=CN=C1O)C2=CC=C(C=C2)O)O,5282111,ok,CMPD_9C324356805D_Kaempferol_3-O-rutinoside.png,
2436,5318530,COC1=C(C=CC(=C1)CCNC(=O)/C=C/C2=CC(=C(C=C2)O[C@H]3[C@@H]([C@H]([C@H]([C@H](O3)CO)O)O)O)OC)O,5318530,ok,CMPD_9C324356805D_Kaempferol_3-O-rutinoside.png,
2437,11403061,C1CCN(CC1)CCN2C=CC3=C2C=CC(=C3)[N+](=O)[O-],11403061,ok,CMPD_9C3629F08805_Iriflophenone-2-O-_-glucoside.png,
2438,5364488,CCCCC/C=C\CCCC,5364488,ok,CMPD_9C4031A87354_cis_beta-terpineol.png,
2439,321971,CC12CCC(CC1CCC3C2CCC4(C3(CCC4C5=CC(=O)OC5)O)C)OC6C(C(C(C(O6)CO)O)O)O,321971,ok,CMPD_9C765AECA71C_desglucouzarin.png,
2440,7427,C([C@@H]1[C@H]([C@@H]([C@H]([C@H](O1)O[C@@H]2[C@@H]([C@H]([C@@H]([C@H](O2)CO)O)O)O)O)O)O)O,7427,ok,CMPD_9C7F472A7BA7_trehalose.png,
2441,100412,CC(C)(C)C1CC(=C2COC(=O)C2=O)NN1C3=CC=CC=C3,100412,ok,CMPD_9CA23BCA06D0_niloticol.png,
2442,16135415,C[C@H]1C(=O)N[C@H](C(=O)N[C@H]2CSSC[C@H]3C(=O)N[C@H](C(=O)N[C@H](C(=O)NCC(=O)N[C@H](C(=O)N[C@@H](CSSC[C@@H](C(=O)N[C@@H](CSSC[C@@H](C(=O)N[C@H](C(=O)NCC(=O)N[C@H](C(=O)NCC(=O)N1)CCCCN)CCCCN)N)C(=O)N[C@H](C(=O)NCC(=O)N[C@H](C(=O)N3)CO)[C@@H](C)O)NC(=O)[C@@H](NC(=O)[C@@H](NC(=O)[C@@H](NC(=O)[C@@H](NC(=O)[C@@H](NC(=O)[C@@H](NC2=O)CO)CCCNC(=N)N)CC(C)C)CCSC)CC4=CC=C(C=C4)O)CC(=O)O)C(=O)N)CCCCN)CO)CCCNC(=N)N)CCCCN,16135415,ok,CMPD_9CA3CFC118AB_Tannic_acid.png,
2443,16129778,C1=C(C=C(C(=C1O)O)O)C(=O)OC2=CC(=CC(=C2O)O)C(=O)OC[C@@H]3[C@H]([C@@H]([C@H]([C@@H](O3)OC(=O)C4=CC(=C(C(=C4)OC(=O)C5=CC(=C(C(=C5)O)O)O)O)O)OC(=O)C6=CC(=C(C(=C6)OC(=O)C7=CC(=C(C(=C7)O)O)O)O)O)OC(=O)C8=CC(=C(C(=C8)OC(=O)C9=CC(=C(C(=C9)O)O)O)O)O)OC(=O)C1=CC(=C(C(=C1)OC(=O)C1=CC(=C(C(=C1)O)O)O)O)O,16129778,ok,CMPD_9CA3CFC118AB_Tannic_acid.png,
2444,72427,C1[C@@H]([C@H](OC2=C1C(=CC3=C2C(=C(O3)C4=CC=C(C=C4)O)C(=O)C5=C(C=C(C=C5O)O)O)O)C6=CC=C(C=C6)O)O,72427,ok,CMPD_9CBE4C3024B8_daphnodorin_B.png,
2445,3062370,CC1=C([C@H](C[C@@H]1O)C(=C)C=O)C=O,3062370,ok,CMPD_9CC2C0FF3575_8_9-didehydro-7-hydroxy-dolichodial.png,
2446,114843,C[C@H]([C@@](C(C)C)(C(=O)OCC1=CCN2[C@H]1[C@@H](CC2)O)O)O,114843,ok,CMPD_9CCAD47A3C55_Intermedine.png,
2447,441476,[C@@H]1([C@H]([C@H](O[C@H]([C@@H]1O)O)C(=O)O)O)O,441476,ok,CMPD_9CD590B607FE_Pectin.png,
2448,119036,C1CCN2CCCCC2C1,119036,ok,CMPD_9CD82DBA272B_Quinolizidine.png,
2449,131752174,CC1C(C(C(C(O1)OCC2C(C(C(C(O2)OC3=CC(=C4C(=C3)OC(=CC4=O)C5=CC=C(C=C5)OC(=O)/C=C/C6=CC(=C(C=C6)O)O)O)O)O)O)O)O)O,131752174,ok,CMPD_9CE94CFA217D_guyonianin_A.png,
2450,688802,COC1=CC2=C(C=C1)OC(=CC2=O)C3=C(C=C(C=C3)OC)OC,688802,ok,CMPD_9CF8E1276F63_5_6_2_-trimethoxyflavone.png,
2451,101372557,B(B(NC1=CC=CC=C1)NC2=CC=CC=C2)(NC3=CC=CC=C3)NC4=CC=CC=C4,101372557,ok,CMPD_9CF8E1276F63_5_6_2_-trimethoxyflavone.png,
2452,12204780,C1CCCCCN2C3=CC=CC=C3N(C2=S)CCCC1,12204780,ok,CMPD_9CF8E1276F63_5_6_2_-trimethoxyflavone.png,
2453,101416954,COCCOCCOCCOC1=CC(=C(C=C1C(=NCC(=NC2=CC(=CC(=C2)N=C(CCCSC(C3=CC=CC=C3)(C4=CC=CC=C4)C5=CC=CC=C5)O)C(=O)OCCOCCOCCOC)O)O)C(=NCC(=NC6=CC(=CC(=C6)N=C(CCCSC(C7=CC=CC=C7)(C8=CC=CC=C8)C9=CC=CC=C9)O)C(=O)OCCOCCOCCOC)O)O)OCCOCCOCCOC,101416954,ok,CMPD_9D0BD13719A6_Eudesm-4_15_-ene-1_6-diol.png,
2454,13577316,C1[C@H]([C@@H]([C@H]([C@@H](O1)OC2=C(C=C(C3=C2OC(=C(C3=O)O)C4=CC=C(C=C4)O)O)O)O)O)O,13577316,ok,CMPD_9D0CF8222DD2_herbacetin-8-O-beta-D-xylopyranoside.png,
2455,11186716,C1=CC=C(C=C1)OP(O)OCC2C3=CC=CC=C3C4=CC=CC=C24,11186716,ok,CMPD_9D109AEA01D1_25-Methoxycycloartane-3_24-diol.png,
2456,Â 14313590Â,,Â 14313590Â,failed,,400 Client Error: PUGREST.BadRequest for url: https://pubchem.ncbi.nlm.nih.gov/rest/pug/compound/cid/%C3%82%C2%A014313590%C3%82/PNG?image_size=500x500
2457,443917,C[C@H]1[C@@H]([C@H]([C@H]([C@@H](O1)OC[C@@H]2[C@H]([C@@H]([C@H]([C@@H](O2)OC3=CC4=C(C=C(C=C4[O+]=C3C5=CC=C(C=C5)O)O)O)O)O)O)O)O)O,443917,ok,CMPD_9D2C6B88D92E_Pelargonidin_3-O-rutinoside.png,
2458,10887372,C1=CC=C(C=C1)P(CC2=CC=CC=[C-]2)C3=CC=CC=C3.C1=CC=C(C=C1)P(CC2=CC=CC=[C-]2)C3=CC=CC=C3.Cl[Pd+].Cl[Pd+],10887372,ok,CMPD_9D3CA9E7995A_Echinozolinone.png,
2459,101460372,COC1=C(C=C2C(=C1)C3=C(CO2)OC4=C(C3=O)C=CC5=C4C=CO5)OC,101460372,ok,CMPD_9D669E886BF4_3-O-Î²-D-glucopyranosyl-olean-12-en-3Î²_27_28_29-tetraol.png,
2460,10115037,CCOC(CC1=C(C=C(C=C1)OCC2=C(OC(=N2)C3=CC=C(C=C3)OC(C)C)C)C)C(=O)O,10115037,ok,CMPD_9D8BCDA1DA50_apigenin-7-O-beta-D-_6-methylglucuronide.png,
2461,85977331,CCCCCCCCCCCCCCCCCCCC(CCCCCC(CCC)O)O,85977331,ok,CMPD_9DCEC840214E_nonacosane-4_10-diol.png,
2462,119035,CC1=CC(=O)C(=C(C1=O)O)OC,119035,ok,CMPD_9DD37F891A89_Fumigatins.png,
2463,10452,C1CSCCS1,10452,ok,CMPD_9DD37F891A89_Fumigatins.png,
2464,11818167,COC1=CC=CC=C1C(=O)P(CCC#N)CCC#N,11818167,ok,CMPD_9DD6764B0442_6_7-dehydroroyleanon.png,
2465,10184,C1=CC=C2C(=C1)C=CC3=C2C(=O)C4=CC=CC=C34,10184,ok,CMPD_9DE1C88AC18D_N-Acetylcytisine.png,
2466,139586830,C[C@@]1(CCC2=C3CCCC(C3=C(C(=C2[C@H]1O)O)O)(C)C)C=C,139586830,ok,CMPD_9DE775FC20A6__1S_2R_-2_8_8-trimethyl-2-vinyl-1_2_3_4_5_6_7_8-octahydrophenanthrene-1_9_10-triol.png,
2467,101569423,C[C@H]1CCC[C@H](N1C(=O)OC(C)(C)C)CC(=O)/C(=C/CC2(SCCCS2)CCCC=O)/P(=O)(OC)OC,101569423,ok,CMPD_9DF2C76A885B_Hirsutin.png,
2468,5371261,CCOC(=O)/C=C/C(F)(F)F,5371261,ok,CMPD_9E19031E7306_apotropic_acid.png,
2469,1794428,CCOC1=CC=C(C=C1)CNC2=CC3=C(C=C2)OC(=N3)C4=CC=CC=C4C,1794428,ok,CMPD_9E2A4D4514F3_cis-coumaroylquinic_acid.png,
2470,10236635,CCCCCC(C(C/C=C\CCCCCCCC(=O)O)O)O,10236635,ok,CMPD_9E35271BA307_12_13-dihome.png,
2471,10834,CN1C2CCC1CC(C2)OC(=O)C3=CC=CC=C3,10834,ok,CMPD_9E3A7B484652_4-Trimethoxybenzene.png,
2472,3026,CCCCOC(=O)C1=CC=CC=C1C(=O)OCCCC,3026,ok,CMPD_9E4E22B31FA4_Dibutyl_phthalate.png,
2473,44254165,C[C@@H]1C[C@@H]2[C@H]3[C@](CCC[C@@]3([C@@]14CCCC(=O)O4)C)(C(=O)O2)C,44254165,failed,,"('Connection aborted.', RemoteDisconnected('Remote end closed connection without response'))"
2474,9750,C(C[C@@H](C(=O)O)N)CNC(=O)N,9750,ok,CMPD_9E779A92ED36_L-citrulline.png,
2475,6042,CC1=C(SC=[N+]1CC2=CN=C(N=C2N)C)CCO.[Cl-],6042,ok,CMPD_9E90E1F442D8_thiamine_chloride.png,
2476,131752121,CCCCCCCC/C=C\CCC(C1CCC(O1)C(CCCCC(CCCCCC(CC2=CC(OC2=O)C)O)O)O)O,131752121,ok,CMPD_9EABF6B6FB65_euphelionolides_I.png,
2477,7163177,C[C@@H]1CC[C@@]2(CC[C@@]3(C(=CC[C@H]4[C@]3(CC[C@@H]5[C@@]4(CC[C@H](C5(C)C)O)C)C)[C@@H]2[C@H]1C)C)C(=O)O,7163177,ok,CMPD_9EDC56DFD540_3-epiursolic_acid.png,
2478,92794,C1[C@H](OC2=CC(=CC(=C2C1=O)O)O[C@H]3[C@@H]([C@H]([C@@H]([C@H](O3)CO)O)O)O)C4=CC=C(C=C4)O,92794,ok,CMPD_9EF1CE380211_naringenin-7-glucoside.png,
2479,3893,CCCCCCCCCCCC(=O)O,3893,ok,CMPD_9F04EB951F49_lauric_acid.png,
2480,6429302,CC1=CC[C@H]2C[C@@H]1[C@]2(C)CCC=C(C)C,6429302,ok,CMPD_9F06F80E21D4_trans-alpha-bergamotene.png,
2481,5281777,COC1=CC(=CC(=C1OC)O)C2=COC3=CC(=C(C(=C3C2=O)O)OC)O[C@H]4[C@@H]([C@H]([C@@H]([C@H](O4)CO)O)O)O,5281777,ok,CMPD_9F69657323AB_iridin.png,
2482,91700388,CC1=CC[C@H](CC1)[C@@]2(CCC(=O)C(O2)(C)C)C,91700388,ok,CMPD_9F70452D7593_alpha-bisabolone_oxide_A.png,
2483,5317576,C1=CC(=C(C(=C1)O)O)CCCCCCC/C=C\CCCC2=C(C(=CC=C2)O)O,5317576,ok,CMPD_9F74AEEB085A_3-hydroxy-1-4-hydroxy-3-methoxyphenyl-1-propanone.png,
2484,6857535,C[C@H](CC[C@H](C)C(C)C)[C@H]1CC[C@@H]2[C@@]1(CC[C@H]3[C@H]2CCC4[C@@]3(CCCC4)C)C,6857535,ok,CMPD_9F8EE395ACF0_ergostane.png,
2485,80790,CC1=C(C=C(C=C1)C(C)C)OC,80790,ok,CMPD_9FA45D3225C6_Carvacrol_methyl_ether.png,
2486,6431301,CC1=CC[C@@H]2C([C@H]1C2(C)C)OC(=O)C,6431301,ok,CMPD_9FB10C3317D4_chrysanthenyl_acetate.png,
2487,162747,CC1=CCC2C(C1C2(C)C)OC(=O)C,162747,ok,CMPD_9FB10C3317D4_chrysanthenyl_acetate.png,
2488,11059434,CC1=NC2=C(N1CC3CCN(CC3)C(=O)/C=C(/C4=CC=CC=C4)\C5=CC=C(C=C5)N)C=CN=C2,11059434,ok,CMPD_9FB10C3317D4_chrysanthenyl_acetate.png,
2489,442463,CC1=CCC2C(=O)C1C2(C)C,442463,ok,CMPD_9FB10C3317D4_chrysanthenyl_acetate.png,
2490,5462306,CN1CC[C@]23[C@@H]4C(=CC=C2[C@H]1CC5=C3C(=C(C=C5)O)O4)OC,5462306,ok,CMPD_9FC2C4FE9148_oripavine.png,
2491,5487351,C[C@H]1[C@@H]([C@H]([C@H]([C@@H](O1)O[C@@H]2[C@H]([C@H]([C@H](O[C@H]2OC3=C(OC4=CC(=CC(=C4C3=O)O)O[C@H]5[C@@H]([C@H]([C@@H]([C@H](O5)CO)O)O)O)C6=CC=C(C=C6)O)CO)O)O)O)O)O,5487351,ok,CMPD_9FDB784E5B85_Kaempferol-3-O-_2G-_-L-rhamnosyl_-rutinoside.png,
2492,6443815,CCCCC/C=C\C/C=C\C/C=C\CC#CCCCC(=O)O,6443815,ok,CMPD_9FF4C2759166_5_6-dehydroarachidonic_acid.png,
2493,442411,CC(=CCC1=C2C(=C(C=C1O)O)C(=O)[C@@H]([C@H](O2)C3=CC=CC=C3)O)C,442411,failed,,"('Connection aborted.', RemoteDisconnected('Remote end closed connection without response'))"
2494,10686,CC1=C(C(=CC=C1)C)C,10686,ok,CMPD_A01471DA697F_1_2_3-Trimethylbenzene.png,
2495,44258316,COC1=C(C(=C2C(=C1)OC(=CC2=O)C3=CC=C(C=C3)O)O)[C@H]4C([C@H]([C@@H](C(O4)CO)O)O)O,44258316,ok,CMPD_A015E86E9C93_7-4-dihydroxy-5-methoxyflavone-6-C-beta-D-glucopyranoside.png,
2496,74400,C#CCCCCCCC#C,74400,ok,CMPD_A01A5DA4AA41_1_9-decadiyne.png,
2497,17873337,C1=CC=C(C=C1)C2C(=O)C(C3=C(C=C(C=C3O2)O)O)O,17873337,ok,CMPD_A02FDF3FA798_4_5_7-trihydroxyflavanone.png,
2498,10168660,C[C@H]1[C@H](O[C@](CC1C)([C@@H](C(=O)N[C@H]2[C@@H]3[C@@H]([C@H](C([C@H](O3)C[C@@H](/C=C/CCCCCC(=O)O)OC)(C)C)OC)OCO2)O)OC)C,10168660,ok,CMPD_A03066F5E7D2_Gallicaside_H.png,
2499,131751307,C1=CC(=CC=C1C2=C(C(=O)C3=C(C=C(C=C3O2)OC4C(C(C(C(O4)CO)OC5C(C(C(C(O5)CO)O)O)O)O)O)O)OC6C(C(C(C(O6)CO)O)O)OC7C(C(C(C(O7)CO)O)O)OC(=O)/C=C/C8=CC(=C(C=C8)O)O)O,131751307,ok,CMPD_A04D12C1F55E_protocatechuic_acid_3-glucoside.png,
2500,11972438,C1=CC(=C(C=C1C(=O)O)O[C@H]2[C@@H]([C@H]([C@@H]([C@H](O2)CO)O)O)O)O,11972438,ok,CMPD_A04D12C1F55E_protocatechuic_acid_3-glucoside.png,
2501,131676072,C1[C@H]([C@H](OC2=C1C(=O)C=C3C24C(C(O3)C5=CC=C(C=C5)O)(C(=O)C6=C(C=C(C=C6O4)O)O)O)C7=CC=C(C=C7)O)O,131676072,ok,CMPD_A052E47C039A_stelleranol.png,
2502,114755,CN1C2=C(N=C(C=C2)C3=CC=C(C=C3)O)N=C1N,114755,ok,CMPD_A05E19705DDD_5-dihydroxy-4-methoxybenzoic_acid.png,
2503,10183152,C1COCCN1C(=O)CN(CCN(CCN(CC(=O)O)CC(=O)O)CC(=O)O)CC(=O)O,10183152,ok,CMPD_A063CD455BE7_7-epi-trans-sesquisabinene_hydrate.png,
2504,12592078,CCOC(=O)C(C1CCC=C1C2=CC=C(C=C2)Cl)(C(=O)OCC)O,12592078,ok,CMPD_A06AFFE6CCAC_1_2_4-Oxadiazol-3-amine.png,
2505,5320351,COC1=C(C=C(C=C1)C2=C(C(=O)C3=C(C(=C(C=C3O2)OC)OC)O)OC)OC,5320351,ok,CMPD_A08BF4179746_artemitin.png,
2506,101456948,C1CCC(C(=O)C(C1)C(=O)C(Cl)(Cl)Cl)(Br)Br,101456948,ok,CMPD_A0B530D30430_14-O-acetylperegrine.png,
2507,244297,CC1C(=O)CCC2C1(CCC3C2(CCC4(C3(CCC5(C4CC(CC5)(C)C)C)C)C)C)C,244297,ok,CMPD_A0CF646BC6F6_friedelan-3-one.png,
2508,21544437,CCCCCCCCCCCCCCCCCC(C)SSNC(=O)O,21544437,ok,CMPD_A0DA73C8117A_3-cyano-4-_N-benzylpiperazino_-2H-pyran-2-one.png,
2509,23844015,C[C@H]1[C@@H]2[C@@H](C(=O)[C@]3([C@H]([C@]2(CCC1=O)C)CC[C@@H]\4[C@@]3(C[C@@H](/C4=C(/CCC=C(C)C)\C(=O)O)OC(=O)C)C)C)OC(=O)C,23844015,ok,CMPD_A0ED639DC856_1_2-dihydrohelvolic_acid.png,
2510,10408544,C1=CC=C(C(=C1)CNS(=O)(=O)C2=C(NC3=C2C=C(C=C3)Cl)C(=O)N)Cl,10408544,ok,CMPD_A10791F5EC52_8-methoxykaempferol-3-O-glucoside.png,
2511,10480940,C1=C(C=C(C=C1O)OC2=C(C=C(C3=C2OC4=C(C=C(C=C4O3)OC5=C(C=C(C=C5O)O)O)O)O)O)O,10480940,ok,CMPD_A12D4011447F_7-phloroeckol.png,
2512,5365091,CCO/C=C/C,5365091,ok,CMPD_A13BCA7D75C7_11_14_17-eicosatrienoic_acid_methyl_ester.png,
2513,6613,CC(C)(CO)[C@H](C(=O)NCCC(=O)O)O,6613,ok,CMPD_A14750179F4F_pantothenic_acid.png,
2514,5282771,CCCCCCCCCC/C=C\CCCCCCCCCC(=O)O,5282771,ok,CMPD_A15E019A34FF_11_14-Eicosadienoic_acid.png,
2515,102213703,C(CCC#C/C=C/Br)C/C=C/C#C/C=C\CCCC(=O)O,102213703,ok,CMPD_A163802A0B1D_syagrusin_B.png,
2516,107,C1=CC=C(C=C1)CCC(=O)O,107,ok,CMPD_A171EE5E7708_Hydrocinnamic_acid.png,
2517,442106,C[N+](C)(C)[C@@H](CC1=CNC2=CC=CC=C21)C(=O)[O-],442106,ok,CMPD_A19397DFD5CA_hypaphorine.png,
2518,64981,COC1=C(C=C(C=C1)C[C@H]2COC(=O)[C@@H]2CC3=CC(=C(C=C3)O)OC)OC,64981,ok,CMPD_A19B3D1E8699_arctigenin.png,
2519,44259671,COC1=C(OC2=CC(=CC(=C2C1=O)O)O[C@H]3C([C@H]([C@@H](C(O3)CO[C@H]4C([C@H]([C@@H](C(O4)CO)O)O)O)O)O)O)C5=CC(=C(C=C5)O)O,44259671,ok,CMPD_A19B56D07070_madreselvin_A.png,
2520,10410,C(CC(=O)[O-])CF.[Na+],10410,ok,CMPD_A1B101EDC289_3-Hydroxyflavone.png,
2521,11349,C1=CC=C(C=C1)C2=C(C(=O)C3=CC=CC=C3O2)O,11349,ok,CMPD_A1B101EDC289_3-Hydroxyflavone.png,
2522,14034156,CC1C(C(C(C(O1)OCC2C(C(C(C(O2)OC3=CC4=C(C=C(C=C4[O+]=C3C5=CC(=C(C(=C5)O)O)O)O)O)O)O)O)O)O)O,14034156,ok,CMPD_A1B7F503A8C4_Delphinidin_3-O-rutinoside.png,
2523,5280353,CC\1=C(/C(=C/C2=C(C(=C(N2)/C=C\3/C(=C(C(=O)N3)C)C=C)C)CCC(=O)O)/N/C1=C\C4=NC(=O)C(=C4C)C=C)CCC(=O)O,5280353,ok,CMPD_A1E638715E56_Coniferyl_alcohol.png,
2524,44584283,C1CC(=O)NCC(=O)NC1,44584283,ok,CMPD_A1F867EA63B1_ent-Trachyloban-17_18_19-triol.png,
2525,5282773,CCCCCCCC/C=C/CCCCCCCCCCCCCC(=O)O,5282773,ok,CMPD_A2034E05E27A_petroselinic_acid.png,
2526,5281125,CCCCCCCCCCC/C=C\CCCCC(=O)O,5281125,ok,CMPD_A2034E05E27A_petroselinic_acid.png,
2527,305,C[N+](C)(C)CCO,305,ok,CMPD_A204C673A9A2_choline.png,
2528,12305110,C[C@H]1[C@@H]2[C@H]3CC[C@@H]4[C@]5(CC[C@@H](C([C@@H]5CC[C@]4([C@@]3(CC[C@]2(CC=C1C)C)C)C)(C)C)O)C,12305110,ok,CMPD_A23AFDEDC618_pseudotaraxasterol.png,
2529,11527,CCCCCC(CC)O,11527,ok,CMPD_A2430FDBDDF7_3-octanol.png,
2530,102434449,COC(=O)C1=C(NC(=C1C(=O)OC)C(=O)OC)C2=CC=C(C=C2)Cl,102434449,ok,CMPD_A25FDE1338B4_chaihuxinoside_B.png,
2531,6429077,C[C@H]1CC[C@H](C2=C1C=CC(=C2)C)C(C)C,6429077,ok,CMPD_A28F1256FF27_cis-calamenene.png,
2532,5359268,[Al],5359268,ok,CMPD_A2C1D07DF400_aluminum.png,
2533,6451798,C1=CC(=CC=C1CCC(=O)C2=C(C=C(C=C2O)O[C@H]3[C@@H]([C@H]([C@@H]([C@H](O3)CO)O)O)O)O)O,6451798,ok,CMPD_A2D15E82EDF3_trilobatin.png,
2534,114829,C1[C@H](OC2=C(C1=O)C=CC(=C2)O)C3=CC=C(C=C3)O,114829,ok,CMPD_A2D56C5A104B_Liquiritigenin.png,
2535,5318998,CC(C)(C=C)C1=C(C=C(C(=C1)/C=C/C(=O)C2=CC=C(C=C2)O)OC)O,5318998,ok,CMPD_A2E6A66F4672_licochalcone_A.png,
2536,442731,CC1=CC2=C(C(=C1)O)C(=O)C3=C(C2=O)C=CC=C3O[C@H]4[C@@H]([C@H]([C@@H]([C@H](O4)CO)O)O)O,442731,ok,CMPD_A2FA04D13303_Pulmatin.png,
2537,68262,COC1=CC(=O)C=C(C1=O)OC,68262,ok,CMPD_A300F2A97F26_2_6-dimethoxy-p-benzoquinone.png,
2538,92900,C[C@]12CC[C@@H](C([C@@H]1CC[C@@]3([C@@H]2CC=C4[C@]3(CC[C@@]5([C@H]4CC(CC5)(C)C)C(=O)OC)C)C)(C)C)O,92900,ok,CMPD_A30C93F75F45_methyl_oleanate.png,
2539,5364509,CCCCCCCC/C=C\CCCCCCCC(=O)OC,5364509,ok,CMPD_A30C93F75F45_methyl_oleanate.png,
2540,11636,CCCCCCCCCCCCCCCCCCCCCCCCCCC,11636,ok,CMPD_A31CCF4D09AF_Heptacosane.png,
2541,6453839,C[C@@]1(CC[C@H]2[C@@]3(CCCC([C@H]3CC[C@@]2(O1)C)(C)C)C)C=C,6453839,ok,CMPD_A34CAD1EA8D5_mannoyl_oxide.png,
2542,14986,CC1=C(C=C2CCC(OC2=C1C)(C)CCCC(C)CCCC(C)CCCC(C)C)O,14986,ok,CMPD_A36985BACBB6__-tocopherol.png,
2543,101037624,C1CCC(CC1)CC2=CSC(=N2)CN,101037624,ok,CMPD_A38A9AE012FB_didehydrogeraniin.png,
2544,10486801,[2H]C([2H])([2H])C([2H])(C(=O)O)C([2H])([2H])[2H],10486801,ok,CMPD_A39CC257B8DA_Hinesol.png,
2545,642876,C[C@@H]1CCC2=C(C(=O)O[C@H]2C1)C,642876,ok,CMPD_A39F8748B059_isomintlactone.png,
2546,64802,C1=CC=C(C=C1)CCC(=O)C2=CC=CC=C2,64802,ok,CMPD_A3CCFB62FEEA_Dihydrochalcone.png,
2547,9930064,CC1=CC(=O)CC([C@]1(/C=C/[C@@H](C)O[C@H]2[C@@H]([C@H]([C@@H]([C@H](O2)CO)O)O)O)O)(C)C,9930064,ok,CMPD_A3D96D715921__6S_9R_-roseoside.png,
2548,441893,C[C@@H]1CC[C@@]2([C@H]([C@H]3[C@@H](O2)C[C@@H]4[C@@]3(CC[C@H]5[C@H]4CC=C6[C@@]5([C@@H](C[C@@H](C6)O)O)C)C)C)OC1,441893,ok,CMPD_A3F645051C65_Ruscogenin.png,
2549,31404,CC1=CC(=C(C(=C1)C(C)(C)C)O)C(C)(C)C,31404,ok,CMPD_A427BA324C1E_BHT.png,
2550,12575,COC1=C(C=C(C=C1)C(=O)O)O,12575,ok,CMPD_A42F3A7B02AD_isovanillic_acid.png,
2551,440560,C[C@H](CCCC(C)C)[C@H]1CC[C@@]2([C@@]1(CCC3=C2CC[C@@H]4[C@@]3(CC[C@@H](C4(C)C)O)C)C)C,440560,ok,CMPD_A4302F0BE4DD_24-dihydrolanosterol.png,
2552,527143,CC1=CCC(CC1)C(=C)CO,527143,ok,CMPD_A43601C3D676_limonen-10-ol.png,
2553,12308843,C[C@@H]1CC[C@@H]2CC3=C(CC[C@]13C2(C)C)C,12308843,ok,CMPD_A4577F0C7CEF_Cyperene.png,
2554,133562317,C[C@@H]1[C@@H]2[C@H](C/C(=C\CC(/C(=C\[C@H]2OC1=O)/C)O[C@H]3[C@@H]([C@H]([C@@H]([C@H](O3)CO)O)O)O)/C)O,133562317,ok,CMPD_A499CE194BBC_cichorioside_C.png,
2555,1711945,CC(=CCC/C(=C/CC/C(=C/CCC(=O)C)/C)/C)C,1711945,ok,CMPD_A4B2BAAD4EB8_farnesyl_acetone.png,
2556,5315263,COC1=C(C=C(C=C1)C2=C(C(=O)C3=C(C(=C(C=C3O2)OC)OC)O)OC)O,5315263,ok,CMPD_A4B63142950E_casticin.png,
2557,11014,C[C@]12CCC3C([C@]1(CC[C@@H]2C4=COC(=O)C=C4)O)CC=C5[C@@]3(CCC=C5)C,11014,ok,CMPD_A4C8A8CE16A7_Scillaridin_A.png,
2558,10091880,C1=CC(=CC(=C1)Cl)NC(=O)CCS(=O)(=O)C2=NC(=NN2)C3=CC=NC=C3,10091880,ok,CMPD_A4D4522E9650_Pulicazine.png,
2559,6451579,C[C@]12CCCC(=C)[C@@H]1C[C@@H](CC2)C(=C)C(=O)O,6451579,ok,CMPD_A4D921E73EAB_costic_acid.png,
2560,108065,COC1=C(C=C(C=C1O)C2[C@@H](CC3=C(O2)C(=C(C=C3O)O)[C@@H]4[C@H]([C@H](OC5=CC(=CC(=C45)O)O)C6=CC=C(C=C6)O)O)O)O,108065,ok,CMPD_A50D1DC825A4_proanthocyanidin.png,
2561,124021,C1=C(C=C(C(=C1O)O)O)C(=O)O[C@H]2[C@@H]([C@H]([C@@H]([C@H](O2)CO)O)O)O,124021,ok,CMPD_A50D1DC825A4_proanthocyanidin.png,
2562,9872976,C1[C@@H]([C@H](OC2=C1C(=CC3=C2[C@@H]4[C@H]([C@](O3)(OC5=CC(=CC(=C45)O)O)C6=CC(=C(C=C6)O)O)O)O)C7=CC(=C(C=C7)O)O)O,9872976,ok,CMPD_A50D1DC825A4_proanthocyanidin.png,
2563,101485601,CCCC[C@H]1[C@H]2C=C[C@H](O2)[C@H](C1=O)CC3=CC=CC=C3,101485601,ok,CMPD_A526A756217A_argelosid.png,
2564,250096,C/C=C(\C)/C(=O)OCC1=CC=CC=C1,250096,ok,CMPD_A5291CA7106D_Benzyl_tiglate.png,
2565,378532,COC(=O)CC(CC(=O)O)(C(=O)O)O,378532,failed,,"('Connection aborted.', RemoteDisconnected('Remote end closed connection without response'))"
2566,12411,CCCCCCCCCCCCCCCCCCCCCCCCCCCCCCCCC,12411,ok,CMPD_A55182A30504_Tritriacontane.png,
2567,5281515,C/C/1=C\CCC(=C)[C@H]2CC([C@@H]2CC1)(C)C,5281515,ok,CMPD_A553CB07450E_Pyrethrin.png,
2568,644060,C1=C(NC(=O)C2=C1NC=C(N2)COP(=O)(O)OP(=O)(O)O)N,644060,ok,CMPD_A55A3B350B61_oleanaldehyde.png,
2569,135405876,C1=CC(=CC=C1C(=O)N[C@H](CCC(=O)O)C(=O)O)NCC2=CN=C3C(=N2)C(=O)NC(=N3)N,135405876,ok,CMPD_A5669B3753AA_folate.png,
2570,10188725,CC1=C(C=C(S1)CC[C@H](/C=C/[C@@H]2[C@H](C[C@H]([C@H]2C/C=C\CCCC(=O)N(COC(=O)C)S(=O)(=O)C)O)O)O)Cl,10188725,ok,CMPD_A57249EC4363_rutin-7-O-rhamnoside.png,
2571,129696758,CCCCCCCCCCCCCCCC(=S)OCCCCCCCCCCCCC,129696758,ok,CMPD_A57249EC4363_rutin-7-O-rhamnoside.png,
2572,73102629Â,,73102629Â,failed,,400 Client Error: PUGREST.BadRequest for url: https://pubchem.ncbi.nlm.nih.gov/rest/pug/compound/cid/73102629%C3%82/PNG?image_size=500x500
2573,119034,C[C@@H]1CC[C@@]2(CC[C@@]3(C(=CC[C@H]4[C@]3(CC[C@@H]5[C@@]4(C[C@H]([C@@H]([C@@]5(C)CO)O)O)C)C)[C@@H]2[C@H]1C)C)C(=O)O,119034,ok,CMPD_A5ADC46DD66D_asiatic_acid.png,
2574,18918841,C1=CN=C2C=NNN2C1=O,18918841,failed,,"('Connection aborted.', RemoteDisconnected('Remote end closed connection without response'))"
2575,68071,C1[C@H](OC2=CC(=CC(=C2C1=O)O)O)C3=CC=CC=C3,68071,ok,CMPD_A5D0DC76ED45_Pinocembrin.png,
2576,5364867,CN1CCN(CC1)CC2=C(C=CC(=C2)NC3=NC(=NC(=C3)C(F)(F)F)/N=C(/N)\NC4=CC(=C(C=C4)Cl)Cl)OC,5364867,ok,CMPD_A61124E8D0FE_Tagetenone_epoxide.png,
2577,12302513,C1[C@@H]2[C@H]([C@H]3[C@@H]4[C@@H](C5=C(C(=C(C(=C5C(=O)O4)C6=C(C(=C(C(=C6C(=O)O3)C7=C(C(=C(C=C7C(=O)O2)O)O)O)O)O)O)O)O)O)O)OC(=O)C8=CC(=C(C(=C8C9=C(C(=C(C=C9C(=O)O1)O)O)O)O)O)O,12302513,ok,CMPD_A62F34F4B65D_Castalagin.png,
2578,110746,CN(C)CCO.C(C(C(=O)O)O)(C(=O)O)O,110746,ok,CMPD_A63EC3B4C6DD_Eriocitrin.png,
2579,177825712,C[C@H]1[C@@H]([C@H]([C@H]([C@@H](O1)O[C@H]2[C@@H]([C@H](O[C@H]([C@@H]2OC(=O)C)OCCC3=CC(=C(C=C3)O)O)CO)OC(=O)/C=C\C4=CC=C(C=C4)O)OC(=O)C)OC(=O)C)OC(=O)C,177825712,failed,,"('Connection aborted.', RemoteDisconnected('Remote end closed connection without response'))"
2580,10168658,CCCCC1(CN(C2=CC(=C(C=C2S(=O)(=O)C1)OCC(=O)NC(C3=CC=CC=C3)C(=O)NCC(=O)O)SC)C4=CC=CC=C4)CC,10168658,ok,CMPD_A65BB47366C8_scabiostellatoside_F.png,
2581,73307,COC(=O)CC1(C=CC(=O)C=C1)O,73307,ok,CMPD_A6604AF13E9C_jacaranone.png,
2582,5281144,CC(C)[C@@H]1[C@@H](C(=O)N/C(=C/Cl)/C(=O)N[C@H](CC2=C(O1)CC(C2=O)O)C(=O)O)NC(=O)[C@H]([C@@H](CCCN)O)NC(=O)[C@H](CC(C)C(Cl)Cl)NC(=O)C(O)O,5281144,ok,CMPD_A672CF6BEB87__E_-oct-2-ene.png,
2583,56676058,CC1=C[C@H]([C@]2(C(=O)C[C@H]([C@]2(CC1)O)C(C)C)C)OC(=O)C3=CC=C(C=C3)OC,56676058,ok,CMPD_A68E8D971ECD_siol_anisate.png,
2584,441888,C[C@@H]1CC[C@@]2([C@H]([C@H]3[C@@H](O2)C[C@@H]4[C@@]3(CC[C@H]5[C@H]4CC[C@@H]6[C@@]5(C[C@H]([C@@H](C6)O[C@H]7[C@@H]([C@H]([C@H]([C@H](O7)CO)O[C@H]8[C@@H]([C@H]([C@@H]([C@H](O8)CO)O)O[C@H]9[C@@H]([C@H]([C@@H](CO9)O)O)O)O[C@H]2[C@@H]([C@H]([C@H]([C@H](O2)CO)O)O)O)O)O)O)C)C)C)OC1,441888,ok,CMPD_A694CCD48410_gitonin.png,
2585,442682,C1[C@H]([C@H](OC2=C1C(=CC(=C2[C@H]3[C@@H]([C@H](OC4=CC(=CC(=C34)O)O)C5=CC(=C(C(=C5)O)O)O)O)O)O)C6=CC(=C(C(=C6)O)O)O)O,442682,ok,CMPD_A6B67C51B8B5_prodelphinidin_B-4.png,
2586,124434,C1C[C@]2([C@H]([C@@H]([C@H]([C@@H]1N2)O)O)O)O,124434,ok,CMPD_A6B67C51B8B5_prodelphinidin_B-4.png,
2587,7420,C1=CC(=CC(=C1)O)C(=O)O,7420,ok,CMPD_A6C121DF57E1_3-hydroxybenzoic_acid.png,
2588,5317560,COC1=C(C2=C(C=C1)OC3=C(C2=O)C(=CC(=C3)OC)O[C@H]4[C@@H]([C@H]([C@H]([C@H](O4)CO[C@H]5[C@@H]([C@H]([C@H]([C@H](O5)CO)O)O)O)O)O)O)O,5317560,ok,CMPD_A6D1087CEA7D__-patchoulene.png,
2589,2346,C1=CC=C(C=C1)CN=C=S,2346,ok,CMPD_A6E30B2E057E_Benzyl_isothiocyanate.png,
2590,5282184,CCCCC/C=C\C/C=C\CCCCCCCC(=O)OCC,5282184,ok,CMPD_A6F9386ACD85_9_12-octadecadienoic_acid_ethyl_ester.png,
2591,5315773,COC1=C(C=C(C=C1)C2=C(C(=O)C3=C(O2)C=C(C(=C3O)OC)O)OC)O,5315773,ok,CMPD_A6FFF7B2ACCC_centaureidin.png,
2592,11462089,C1[C@@H]2[C@@H]([C@]2(C(=O)O)F)[C@@]([C@@H]1OCC3=CC(=CC(=C3)F)F)(C(=O)O)N,11462089,ok,CMPD_A714D5E2E729_ebulin_l.png,
2593,101235123,CC(C)(C)C1=CC(=C(C=C1)[O-])C(=O)OC2=CC=CC=C2.[Na+],101235123,ok,CMPD_A714D5E2E729_ebulin_l.png,
2594,50909266,COC1=CC(=CC(=C1OC(CO)C(C2=CC(=C(C=C2)O)OC)O)OC)C3C4COC(C4CO3)C5=CC(=C(C=C5)O)OC,50909266,ok,CMPD_A729AD6373AD_buddlenol_E.png,
2595,156589,CC(=CCC1=C(C=C(C2=C1OC(CC2=O)C3=CC=CC=C3)O)OC)C,156589,ok,CMPD_A729BF305872_7-hydroxy-5-methoxy-8-_3-methylbut-2-enyl_-2-phenyl-2_3-dihydrochromen-4-one.png,
2596,53678182,CC(=CC(=O)O)CO,53678182,ok,CMPD_A72CCE2BF823_4-hydroxy-3-methylbut-2-enoic_acid.png,
2597,442568,CC[C@H](C)[C@@H](C(=O)N[C@@H](C(C)C)C(=O)N[C@@H]1C(=O)N[C@H](C(=O)NCC(=O)C2=CC=C(C=C2)OC1(C)C)CC3=CNC4=CC=CC=C43)N(C)C,442568,ok,CMPD_A741B5BD24A5_eriodictyol-7-O-glucoside.png,
2598,13254473,C1[C@H](OC2=CC(=CC(=C2C1=O)O)O[C@H]3[C@@H]([C@H]([C@@H]([C@H](O3)CO)O)O)O)C4=CC(=C(C=C4)O)O,13254473,ok,CMPD_A741B5BD24A5_eriodictyol-7-O-glucoside.png,
2599,101419,CCN1C=NC2=C1C(=O)N(C(=O)N2CC)CC,101419,ok,CMPD_A741B5BD24A5_eriodictyol-7-O-glucoside.png,
2600,121719,CC1(C2CC1C(=C)C(=O)C2)C,121719,ok,CMPD_A76D5AF84354_pinocarvone.png,
2601,10141657,CC1=CC=C(C=C1)CC(=O)NC2=C(C=C(C=C2)NC(=O)C3=CC=CC4=CC=CC=C43)C(=O)C5=CC=CC=C5,10141657,ok,CMPD_A77240481516_Silenegallisaponin_K.png,
2602,157561,CO[C@@H]1C[C@@H]2[C@@]3(CCN2CC4=CC5=C(C=C43)OCO5)[C@@H]6[C@H]1O6,157561,ok,CMPD_A7A1C1C73310_Augustine.png,
2603,9601230,C/C/1=C\CC2=C(C/C(=C\CC1)/C)OC=C2C,9601230,ok,CMPD_A7A537218C95_furanodiene.png,
2604,644959,CC(=CCOC1=C(C=C2C=CC(=O)OC2=C1O)OC)C,644959,ok,CMPD_A7AA10C836B8_Capensin.png,
2605,14162547,C[C@H]1[C@@H]2[C@H](C[C@@]([C@@H]([C@H]2OC1=O)C(=C)CO)(C)C=C)O,14162547,ok,CMPD_A7AD81BB6762_melitensin.png,
2606,188308,C1[C@H](OC2=C(C1=O)C(=C(C(=C2)O)O)O)C3=CC=C(C=C3)O,188308,ok,CMPD_A7B9FCD4BA47_Carthamidin.png,
2607,92780,CC(C)C1CCC(=O)C=C1,92780,ok,CMPD_A7F84DEEC32A_cryptone.png,
2608,10887340,C1=CC=C(C=C1)/C(=N/N/C=C\2/C(=O)C=CC=C2)/[S-].C1=CC=C(C=C1)/C(=N/N/C=C/2\C(=O)C=CC=C2)/[S-].C1=CC=C(C=C1)/C(=N/N/C=C/2\C(=O)C=CC=C2)/[S-].[Mn+3],10887340,ok,CMPD_A7FFFDE31149_Sonchuside_A.png,
2609,101702520,C[C@H]1[C@H]2CC/C(=C/C[C@@H](/C(=C/[C@H]2OC1=O)/C)O[C@H]3[C@@H]([C@H]([C@@H]([C@H](O3)CO)O)O)O)/C,101702520,ok,CMPD_A7FFFDE31149_Sonchuside_A.png,
2610,124845081,C[C@H](CC/C=C(\C)/C(=O)O)[C@H]1CC[C@@]2([C@@]1(CC=C3[C@H]2CC[C@@H]4[C@@]3(CCC(=O)C4(C)C)C)C)C,124845081,ok,CMPD_A813A5925B53_Coccinic_acid.png,
2611,65575,C[C@@H]1CC[C@@H]2[C@]13CC[C@@]([C@H](C3)C2(C)C)(C)O,65575,ok,CMPD_A8167596A413_Cedrol.png,
2612,10812337,CC(=O)O[C@H]1[C@H]([C@H](OC1(C)C)O)C2=C(C=CC3=C2O[C@@H](CC3=O)C4=CC=CC=C4)OC,10812337,ok,CMPD_A81D8779D310_tephrorins_A.png,
2613,637760,C1=CC=C(C=C1)/C=C/C(=O)C2=CC=CC=C2,637760,ok,CMPD_A8284A4A025D_E-ethyl_cinnamate.png,
2614,5280436,CCCCC/C=C\C/C=C\C/C=C\C/C=C\CCCC(=O)C(F)(F)F,5280436,ok,CMPD_A83ECB9A2E3A__Z_-Phytol.png,
2615,175002,CC(=O)OC1CC2CCC1(OC2(C)C)C,175002,ok,CMPD_A84ECCAB9F26_exo-2-hydroxycineole_acetate.png,
2616,42608160,C[C@@H]1CC[C@H]([C@H]2C13[C@@H]2C(=C)CC3)C(C)C,42608160,ok,CMPD_A850C33E4421_cubenene.png,
2617,57357909,C12C3C4C1=C5C2C3=C45,57357909,ok,CMPD_A850C33E4421_cubenene.png,
2618,441454,CC=CS(=O)C[C@@H](C(=O)O)N,441454,ok,CMPD_A85A1E21A756_Dammara-20_24-diene-3-beta-ol.png,
2619,101569431,CCC1=C(C2=CC3=C(C(=C(N3)C=C4[C@H]([C@@H](C(=N4)C5=C6C(=C(C(=N6)C=C1N2)C)C(=O)C5)CCC(=O)OC)C)C)CN(C)C)C,101569431,failed,,Response ended prematurely
2620,101450243,CC1=CC(=O)CC([C@H]1CC[C@@H](C)O[C@H]2[C@@H]([C@H]([C@@H]([C@H](O2)CO[C@H]3[C@@H]([C@H]([C@H](CO3)O)O)O)O)O)O)(C)C,101450243,ok,CMPD_A8A6B4C1B73C_foliasalacioside_B1.png,
2621,8103,CCCCCCO,8103,ok,CMPD_A8AC43E0FBBF_hexan-1-ol.png,
2622,5318659,C1=CC(=CC=C1/C=C/C(=O)C2=C(C=C(C=C2O[C@H]3[C@@H]([C@H]([C@@H]([C@H](O3)CO)O)O)O)O)O)O,5318659,ok,CMPD_A8C927D9E815_Isosalipurposide.png,
2623,5282140,CCCC[C@H](C)C[C@@H](/C=C/[C@@H]1[C@H]2C[C@@H](C[C@H]2C[C@H]1O)CCOCC(=O)OC)O,5282140,ok,CMPD_A8C927D9E815_Isosalipurposide.png,
2624,5363426,CC(=CCC/C(=C/CCC(C)(C=C)OC(=O)C)/C)C,5363426,ok,CMPD_A8CE643148B8_Nerolidyl_acetate.png,
2625,10887854,[2H]C([2H])([13C]([2H])([13C](=O)O)O)O,10887854,ok,CMPD_A8CE643148B8_Nerolidyl_acetate.png,
2626,25087106,C1=CC=C(C=C1)C2=C(C(=O)C3=C(C(=C(C(=C3O2)O)O)O)O)O,25087106,ok,CMPD_A8DF7B42BC91_3_5_6_7_4_-Pentahydroxyflavone.png,
2627,135398658,C1=CC(=CC=C1C(=O)N[C@@H](CCC(=O)O)C(=O)O)NCC2=CN=C3C(=N2)C(=O)NC(=N3)N,135398658,ok,CMPD_A9136ADF22F7_folic_acid.png,
2628,10237,CN1CCC2=CC3=C(C=C2[C@H]1[C@H]4C5=C(C6=C(C=C5)OCO6)C(=O)O4)OCO3,10237,ok,CMPD_A91C897276FF_bicuculline.png,
2629,102213759,CO[C@@H]1[C@H]([C@H]([C@@H]([C@H](O1)CC(C(=O)O)C(=O)O)O)O)O.[NH4+].[NH4+],102213759,ok,CMPD_A957BE335D32_angustifolioside_C.png,
2630,102072051,CC(C)N(C(C)C)P(OCC[Si](C)(C)C)O[C@H]1C[C@@H](O[C@@H]1COC(C2=CC=CC=C2)(C3=CC=C(C=C3)OC)C4=CC=C(C=C4)OC)N5C=NC6=C(N=CN=C65)NC(=O)OCC[Si](C)(C)C,102072051,ok,CMPD_A980644CDF13_amorfrutin_G.png,
2631,10459529,CC(C)(C)OC(=O)N1C[C@@H](C[C@H]1C(=O)N[C@@H](CC2=CC=C(C=C2)[N+](=O)[O-])C(=O)N(C)CC3=CC=CC=C3)O,10459529,ok,CMPD_A981559DF265_5_8-DiHODE.png,
2632,14104188,COC1=CC(=CC(=C1OC)OC)C2=CC(=O)C3=C(O2)C=C(C(=C3O)OC)O,14104188,ok,CMPD_A9B2EA9AAA8C_Arteanoflavone.png,
2633,6429080,C[C@@H]1CC[C@H]([C@H]([C@@]12CCC(=C2)C)O)C(C)C,6429080,ok,CMPD_A9C7CFB34D00_gleenol.png,
2634,5367674,CCOC(=O)C1C(C1(C)C)C(C)/C=C/C,5367674,ok,CMPD_A9D2EC457F9F_Megastigma-4_6_8-triene.png,
2635,6918763,C1CCN2C[C@@H]3C[C@H]([C@@H]2C1)CN4[C@@H]3CC(=O)C=C4,6918763,ok,CMPD_A9E663095326_multiflorine.png,
2636,6912,C([C@H](C([C@H](CO)O)O)O)O,6912,ok,CMPD_A9EE4CAF4799_xylitol.png,
2637,134715135,CCC/C=C\C=C\C(=O)O[C@@H]\1C[C@H]2[C@H](C2(C)C)/C=C(/C(=O)[C@]3(C[C@H]([C@@H]([C@@H]3/C=C1\C)O)C)OC(=O)C)\C,134715135,ok,CMPD_A9EF89A401BF_euphohelioscopin_A.png,
2638,8900,CCCCCCC,8900,ok,CMPD_AA2D8EE953D8_Heptane.png,
2639,16130421,C1[C@H]([C@@H]2[C@@H]([C@@H](OC(=O)C3=CC(=C(C(=C3OC4=C(C(=C5C(=C4)C(=O)O[C@H]([C@@H](COC(=O)C6=CC(=C(C(=C65)O)O)OC7=C(C(=C(C=C7C(=O)O[C@@H](C=O)[C@H]([C@H]8[C@@H](COC(=O)C9=CC(=C(C(=C9C3=C(C(=C(C=C3C(=O)O8)O)O)O)O)O)O)O)OC(=O)C3=CC(=C(C(=C3)O)O)O)O)O)O)O)[C@@H]([C@@H](OC(=O)C3=CC(=C(C(=C3OC3=C(C(=C(C(=C3)C(=O)O1)C1=C(C(=C(C=C1C(=O)O2)O)O)O)O)O)O)O)O)C=O)OC(=O)C1=CC(=C(C(=C1)O)O)O)O)O)O)O)O)C=O)OC(=O)C1=CC(=C(C(=C1)O)O)O)O,16130421,ok,CMPD_AA379AC94541_Oenothein_A.png,
2640,23815386,C[C@@]12CC[C@H](CC1C(=C)[C@@H](CC2)O)C(=C)C(=O)O,23815386,ok,CMPD_AA3FF7875815_viscic_acid.png,
2641,441295,C[C@@H]1C(=O)O[C@@H]2[C@]1([C@@]34C(=O)O[C@H]5C3(C2O)C6([C@@H]([C@H]5O)C(C)(C)C)[C@H](O4)OC(=O)C6O)O,441295,ok,CMPD_AA451876F42B_delphinidin-3-p-coumaroylglucoside.png,
2642,163013233,C[C@H]1[C@H](CC[C@@]2([C@H]1[C@H]([C@@H](CC2)[C@H](C)C(=O)NCC3=CN=CC=C3)O)C)NC(=O)C4=CC=NC=C4,163013233,ok,CMPD_AA451876F42B_delphinidin-3-p-coumaroylglucoside.png,
2643,101297545,C1=C2C(=CC(=C1C(=O)[O-])C(=O)[O-])C(=C(C=C2C(=O)[O-])C(=O)[O-])C(=O)[O-].[Na+].[Na+].[Na+].[Na+].[Na+],101297545,ok,CMPD_AA451876F42B_delphinidin-3-p-coumaroylglucoside.png,
2644,439169,CC1=C(C2=CC3=NC(=CC4=C(C(=C([N-]4)C=C5C(=C(C(=N5)C=C1[N-]2)C(C)SCC(C(=O)NC)N)C)C(C)SCC(C(=O)NC)N)C)C(=C3CCC(=O)O)C)CCC(=O)O.[Fe+3],439169,ok,CMPD_AA48C9993EF4_alpha-D-glucopyranoside.png,
2645,6436348,C/C/1=C\CC(=C(C)C)C(=O)C/C(=C/CC1)/C,6436348,ok,CMPD_AA62CE66EC34_Germacrone.png,
2646,5281533,C/C/1=C\CC[C@@]2([C@@H](O2)[C@@H]([C@@H]([C@H](C1)OC(=O)C)C(C)C)OC(=O)C)C,5281533,ok,CMPD_AA62CE66EC34_Germacrone.png,
2647,10168654,CN1C2=C(C=C(C=C2)Cl)N(C1=O)C3CCN(CC3)CC(CN4C5=C(CN(CC5)S(=O)(=O)C)C(=N4)C6=CC=C(C=C6)C(F)(F)F)O,10168654,ok,CMPD_AA632914C9B9_Glucolepigramin.png,
2648,101361931,C[C@@H](CC[C@@H]([C@@H](C)[C@H]1[C@H](C[C@@H]2[C@@]1(CC[C@H]3[C@H]2CCC4=CC(=O)CC[C@]34C)C)O[C@H]5[C@@H]([C@H]([C@@H](CO5)O)O[C@H]6[C@@H]([C@H]([C@@H]([C@H](O6)CO)O)O)O)O)O)CO,101361931,failed,,"('Connection aborted.', RemoteDisconnected('Remote end closed connection without response'))"
2649,10141695,CCCCCC1=CC=C(C=C1)C2=C(C(=NN2C3=C(C=C(C=C3)Cl)Cl)C(=O)NN4CCCCC4)C,10141695,ok,CMPD_AA7860EBC47C_cadinene.png,
2650,3032853,C[C@H]1CC[C@H]([C@H]2[C@H]1C=C[C@@H](C2)C)C(C)C,3032853,ok,CMPD_AA7860EBC47C_cadinene.png,
2651,10659,COC1=C2C(=C(C(=C1)CC=C)OC)OCO2,10659,ok,CMPD_AA8D479D2058_Apiole.png,
2652,9832350,CCCCCCCCCCCCCCCC(=O)OC[C@@H]1[C@H]([C@@H]([C@H]([C@@H](O1)O[C@H]2CC[C@@]3([C@H]4CC[C@]5([C@H]([C@@H]4CC=C3C2)CC[C@@H]5[C@H](C)CC[C@@H](CC)C(C)C)C)C)O)O)O,9832350,ok,CMPD_AAC106D4C069_Sitoindoside_I.png,
2653,101968531,CCOC1=CC(=C(C=C1)N=NC(C(=O)C)C(=O)NC2=C(C=C(C=C2Cl)OC)OC)OCC,101968531,ok,CMPD_AAC106D4C069_Sitoindoside_I.png,
2654,5281648,C1=CC(=C(C=C1C2=CC(=O)C3=C(O2)C(=C(C=C3O)O)O)O)O,5281648,ok,CMPD_AACAF29D005B_6-Methoxykaempferol.png,
2655,5281640,COC1=CC2=C(C=C1)OC3=CC(=CC(=C3C2=O)O)O,5281640,ok,CMPD_AACAF29D005B_6-Methoxykaempferol.png,
2656,24039271,C/C=C/C1C(C(C2=C(O1)C(=C)OC2=O)O)O,24039271,failed,,"('Connection aborted.', RemoteDisconnected('Remote end closed connection without response'))"
2657,521946,C1=CC(=O)C2=CC=C(OC2=C1)O,521946,ok,CMPD_AAE62B90C34A_gamma-Humulene.png,
2658,76318737,CC1(C2C1OC3=C2C4=C(C=C3)C(=O)[C@@]5([C@H](O4)COC6=CC(=C(C=C65)OC)OC)O)C,76318737,ok,CMPD_AAFFC035EE62_sarcolobine.png,
2659,91272,C(CCCN=C(N)N)CCC(=O)N[C@H](C(=O)NCCCCNCCCN)O,91272,ok,CMPD_AB1AD589F79D_Deoxyspergualin.png,
2660,14021529,C[C@@H](C[C@H]([C@H]1C(O1)(C)C)O)[C@@H]2CC[C@]3([C@]2(CC[C@H]4C3=CC[C@@H]5[C@@]4(CCC(=O)C5(C)C)C)C)C,14021529,ok,CMPD_AB322950B9C2_nilocitin.png,
2661,131751433,COC1=CC(=CC(=C1O)OC)/C=C\C(=O)N(CCCCNCCCN)CCCN,131751433,ok,CMPD_AB322950B9C2_nilocitin.png,
2662,6432242,C1CN(CCC1(C2=CC=CC=C2)O)CCCC3=CSC4=CC=CC=C43,6432242,ok,CMPD_AB51A3031EC6__3E_13E_-octadeca-3_13-dien-1-ol.png,
2663,390134,C[C@]12CC[C@@]34C[C@@]35CC[C@@H](C([C@@H]5[C@H](CC4[C@@]1(C[C@@H](C2[C@]6(CC[C@H](O6)C(C)(C)O)C)O)C)OC7C(C(C(CO7)O)O)O)(C)C)OC8C(C(C(CO8)O)O)OC9C(C(C(CO9)O)O)O,390134,ok,CMPD_AB5A3D8321BF_Trigonoside_II.png,
2664,25202007,C(CCCC=CCCCCCCCC(=O)O)CCCC(=O)O,25202007,ok,CMPD_AB71032B4641_9-octadecenoic_acid.png,
2665,965,CCCCCCCCC=CCCCCCCCC(=O)O,965,ok,CMPD_AB71032B4641_9-octadecenoic_acid.png,
2666,5282717,CCC/C=C\CCC(=O)O,5282717,ok,CMPD_AB71032B4641_9-octadecenoic_acid.png,
2667,101666687,CCN(CCC[C@@H](C)NC1=C2C=CC(=CC2=NC=C1)Cl)C(=O)C,101666687,ok,CMPD_AB7D0EC631F2_Chyrosphanol_1-O-gentiobioside.png,
2668,21771753Â,,21771753Â,failed,,400 Client Error: PUGREST.BadRequest for url: https://pubchem.ncbi.nlm.nih.gov/rest/pug/compound/cid/21771753%C3%82/PNG?image_size=500x500
2669,21771753,C[C@H]1C[C@]2([C@H]([C@H]1OC(=O)C3=CC=CC=C3)/C=C(/[C@@H](C[C@H](C(/C=C/[C@@H]([C@@H]2OC(=O)C)C)(C)C)O)OC(=O)C)\C)O,21771753,ok,CMPD_ABA8AF644B72_euphornins_B.png,
2670,14594326,CC1=C(C(=C2C(=C1C)N=C(C(=N2)C3=NC4=C(C(=C(C(=C4N=C3C5=NC6=C(C(=C(C(=C6N=C5C7=NC8=C(C(=C(C(=C8N=C7C9=NC1=C(C(=C(C(=C1N=C9C(C)C)C)C)C)C)C)C)C)C)C)C)C)C)C)C)C)C)C1=CN=C2C(=C(C(=C(C2=N1)C)C)C)C)C)C,14594326,ok,CMPD_ABAA21DF22F2_Amorfrutins_N.png,
2671,101297599,CC[C@@H]1[C@@H]2CC3[C@]4(C[C@@H]([C@H]2CO3)N1)C5=CC=CC=C5N(C4=O)OC,101297599,ok,CMPD_ABC5A07437A0_Kermesoside.png,
2672,24680,CC1=CCCC(C1C=CC(=O)C)(C)C,24680,ok,CMPD_ABCEF0BCC71D_ionone.png,
2673,135017,CC1=CC2=C(C(=C1CCO)C)C(=O)[C@](C2)(C)CO,135017,ok,CMPD_ABE409903090_Pterosin_A.png,
2674,439312,C1[C@H]([C@@H]([C@@H](C(O1)(CO)O)O)O)O,439312,ok,CMPD_AC13C9CA365B_tagatose.png,
2675,76312320,CCCCCCCCCCCCCCCCCCCCCC[C@H](C(=O)N[C@@H](CO)[C@@H]([C@@H](CCC/C=C/CCCCCCCCC)O)O)O,76312320,ok,CMPD_AC16EA5D1126_gynuramide_II.png,
2676,5281326,C/C=C(/CC[C@@H](C)[C@H]1CC[C@@H]2[C@@]1(CC[C@H]3[C@H]2CC=C4[C@@]3(CC[C@@H](C4)O)C)C)\C(C)C,5281326,ok,CMPD_AC330962B03E_Saringosterol.png,
2677,12301145,CSC1(SC=C(S1)C2=CC=C(C=C2)Br)I,12301145,ok,CMPD_AC6191227346_Propanethial-S-oxide.png,
2678,3084569,C1[C@H]([C@@H]([C@H]([C@@H](O1)O[C@@H]2[C@H]([C@@H]([C@H](O[C@H]2OC3=CC4=C(C=C(C=C4[O+]=C3C5=CC(=C(C=C5)O)O)O)O)CO)O)O)O)O)O.[Cl-],3084569,ok,CMPD_AC96F2ABE790_Cyanidin-3-O-sambubioside.png,
2679,131752175,COC1=CC(=CC2=C1C(=O)C(=C(O2)C3=CC(=C(C=C3)CO[C@H]4[C@@H]([C@H]([C@@H]([C@H](O4)CO)O)O)O)O)OC)O,131752175,ok,CMPD_ACA14EB44E48_guyonianin_B.png,
2680,45933934,C1=CC(=C(C=C1C2=CC(=O)C3=C(C=C(C=C3O2)O[C@H]4C([C@@H]([C@@H](C(O4)CO)O)O)O)O)O)O,45933934,ok,CMPD_ACAB213961A6_luteolin-7-O-glucoside.png,
2681,5281316,CC(=O)OC(C)(C)/C=C/C(=O)[C@@](C)([C@H]1[C@@H](C[C@@]2([C@@]1(CC(=O)[C@@]3([C@H]2CC=C4[C@H]3C[C@@H](C(=O)C4(C)C)O)C)C)C)O)O,5281316,ok,CMPD_ACB0D34B950A_Cucurbitacin_B.png,
2682,16398499,C[C@H]1C[C@@H]2[C@H]([C@H]([C@]3(O2)CC[C@H]4[C@@H]5CC=C6C[C@H](CC[C@@]6([C@H]5C(=O)C4=C3C)C)O[C@H]7[C@@H]([C@H]([C@@H]([C@H](O7)CO)O)O)O)C)NC1,16398499,ok,CMPD_ACBA1CB8DAE0_Pseudojervine.png,
2683,638011,CC(=CCC/C(=C/C=O)/C)C,638011,ok,CMPD_ACDE81130FF6_Geranial.png,
2684,10091396,CC1=C(C=C(C=C1)Cl)NC(=S)NC2=NC3=C(S2)C=CC4=CC=CC=C43,10091396,ok,CMPD_ACDF7DD1475F_Isovitexin-2-O-rhamnoside.png,
2685,10899144,CC(C)C(=C)/C=C/C1=CC=CC=C1,10899144,ok,CMPD_ACDF7DD1475F_Isovitexin-2-O-rhamnoside.png,
2686,14543437,C1COC(=O)C2=CO[C@H]([C@@H]([C@@]21O)[C@@H](CO)O)O[C@H]3[C@@H]([C@H]([C@@H]([C@H](O3)CO)O)O)O,14543437,ok,CMPD_ACE49F6EB3E3_eustomorusside.png,
2687,6430833,C[C@@H](CCC[C@@H](C)CCC/C(=C\CO)/C)CCCC(C)C,6430833,ok,CMPD_AD02A5058D68_Z-phytol.png,
2688,54738,CC(C)C1(C(=O)NC(=N1)C2=C(C=CC=N2)C(=O)O)C,54738,ok,CMPD_AD1EBFC1B0EE_Hydroxy-4-coumarine.png,
2689,10183145,C1=CC2=C(C=CC(=C2N=C1)OCCNCC3=CC(=CN=C3)C4=C(C=C(C=C4)F)F)Cl,10183145,ok,CMPD_AD5176B2D104_Barreliol.png,
2690,1135,CC1=CNC(=O)NC1=O,1135,ok,CMPD_AD5955C85036_Thymine.png,
2691,185518,COC1=C(C(=C(C2=C1OCO2)OC)OC)CC=C,185518,ok,CMPD_AD61790E0054_Nothoapiole.png,
2692,10236014,CC1=C(C(=C(C=C1)C)C=O)C,10236014,ok,CMPD_AD71D42928C6_2_3_6-trimethylbenzaldehyde.png,
2693,523955,CCCN=CN1CCOCC1,523955,ok,CMPD_AD71D42928C6_2_3_6-trimethylbenzaldehyde.png,
2694,129845343,CCCOC(=O)[C@H]1[C@@H](C2=C(O1)C3=CC=CC=C3OC2=O)C4=C(C=CC(=C4)Cl)O,129845343,ok,CMPD_AD9987D179DC_Amorfrutins_2.png,
2695,10735304,COC1=C(C=CC(=C1)C2=C(C(=O)C3=C(O2)C=C(C(=C3O)O)O)O)O,10735304,ok,CMPD_ADAE8136FD62_quercetagetin_3_-methyl_ether.png,
2696,182407,C=C1CC(C2C(C3C1CC(C34CO4)O)OC(=O)C2=C)OC(=O)C(=C)CO,182407,ok,CMPD_ADD3E294EDB9_Janerin.png,
2697,3469,C1=CC(=C(C=C1O)C(=O)O)O,3469,failed,,"('Connection aborted.', RemoteDisconnected('Remote end closed connection without response'))"
2698,10658,C1=CC2=C(C=CO2)C3=C1C=CC(=O)O3,10658,ok,CMPD_AE5347365516_Angelicin.png,
2699,656515,CN1C(=NC(=O)C(=N1)[O-])SCC2=C(N3[C@@H]([C@@H](C3=O)NC(=O)C(=NOC)C4=CSC(=N4)N)SC2)C(=O)[O-].CN1C(=NC(=O)C(=N1)[O-])SCC2=C(N3[C@@H]([C@@H](C3=O)NC(=O)C(=NOC)C4=CSC(=N4)N)SC2)C(=O)[O-].O.O.O.O.O.O.O.[Na+].[Na+].[Na+].[Na+],656515,ok,CMPD_AE66698466DA_Glucocochlearin.png,
2700,11030947,C[C@@H]1CC[C@@]23[C@@]1(CCC2)C(=CC3(C)C)C,11030947,ok,CMPD_AE853629E8E4_Modephene.png,
2701,520453,CC1CCC(CC1)C(C)CCCC(C)C,520453,ok,CMPD_AE8E4248981D_bisabolane.png,
2702,91666318,[C@H]1([C@@H]([C@@H](OC([C@H]1O)C(=O)O)O)O)O,91666318,ok,CMPD_AE97DFEF8EED_alginic_acid.png,
2703,5316262,COC1=C(C=C2[C@@H]([C@H]([C@@](CC2=C1)(CO)O)CO)C3=CC(=C(C=C3)O)OC)O,5316262,ok,CMPD_AEC129A6BD97_cycloolivil.png,
2704,23789045,CC1=CC2=C(C(OC2=O)C3=C(C=CC=C3O)O)C(=C1)O,23789045,ok,CMPD_AEC54C7AFB1E_3-_2_6-dihydroxyphenyl_-4-hydroxy-6-methyl-3H-2-benzofuran-1-one.png,
2705,5281251,CC\1=CC(=O)CC(/C1=C\C=C(\C=C\C=C(\C=C\C=C\C(=C\C=C\C(=C\C=C\2/C(CC(=O)C=C2C)(C)C)\C)\C)/C)/C)(C)C,5281251,ok,CMPD_AEC9CF8AC371_rhodoxanthin.png,
2706,15558524,C/C(=C\C(=O)O)/CC[C@H]1C(=C)CC[C@@H]2[C@@]1(CCC[C@]2(C)CO)C,15558524,ok,CMPD_AED7DCFA352B_Agatholic_acid.png,
2707,5280802,COC1=CC(=CC(=C1O)OC)/C=C/C=O,5280802,ok,CMPD_AEE3F903F119_Sinapaldehyde.png,
2708,7351,CC(C)COC(=O)C(C)C,7351,ok,CMPD_AF0462FC2F1A_Isobutyl_isobutyrate.png,
2709,5283662,C[C@H](CCC(=C)C(C)C)[C@H]1CC[C@@H]2[C@@]1(CC[C@H]3C2=CC[C@@H]4[C@@]3(CC[C@@H](C4)O)C)C,5283662,ok,CMPD_AF06C6AF548C__7-campesterol.png,
2710,13966122,CC(C)C1=C(C(=C2C(=C1)[C@@H]([C@@H]3[C@@H]4[C@@]2(CCCC4(C)C)C(=O)O3)O)O)O,13966122,ok,CMPD_AF0D2048EC49_Rosmanol.png,
2711,9147,C1C2=CC=CC3=C2C4=C(C=CC=C41)C=C3,9147,ok,CMPD_AF0EC4A5458A_4H-Cyclopentadef_phenanthrene.png,
2712,151011,C1=CC(=O)C(=CC1=O)O,151011,ok,CMPD_AF274EAF5813_hydroxyquinone.png,
2713,12313627,C1CCN2C[C@@H]3C[C@H]([C@@H]2C1)CN4[C@@H]3C[C@H](CC4=O)O,12313627,ok,CMPD_AF3E91C5FA35_Ascaridole-glycol.png,
2714,11586487,CC1=C[C@H]2C(=C(CCCC2(C)C)C)CC1,11586487,failed,,Response ended prematurely
2715,23928137,C[C@H]1[C@@H]([C@H]([C@H]([C@@H](O1)O[C@H]2[C@@H]3C=CO[C@H]([C@@H]3[C@@]4([C@H]2O4)CO)O[C@H]5[C@@H]([C@H]([C@@H]([C@H](O5)CO)O)O)O)OC(=O)/C=C/C6=CC=CC=C6)O)O,23928137,ok,CMPD_AF5907A35B6C_6-O-alpha-L_4-O-trans-cinnamoyl_rhamnopyranosyl_catalpol.png,
2716,10168656,CCN1CCC(CC1)N(CCCCCC2=CC=C(C=C2)C(F)(F)F)C(=O)CN3C4=CC=CC=C4C(=O)C=C3CCC5=C(C(=CC=C5)F)F,10168656,ok,CMPD_AF6B78959203_Olean-12-ene-3beta_7beta_15alpha_28-tetraol.png,
2717,5284607,CC1=C(C(=O)C2=CC=CC=C2C1=O)C/C=C(\C)/CCC[C@H](C)CCC[C@H](C)CCCC(C)C,5284607,ok,CMPD_AF745BEB1CF4_Phylloquinone.png,
2718,5281786,C1=CC(=C(C=C1/C=C/C(=O)O[C@@H](CC(=O)O)C(=O)O)O)O,5281786,ok,CMPD_AF89973AB90A_Methyl_E_-ferulate.png,
2719,31291,CCCCCCCCCCCCCC=O,31291,ok,CMPD_AF8D26105C61_Tetradecanal.png,
2720,999,C1=CC=C(C=C1)CC(=O)O,999,ok,CMPD_AFC97EA131FD_phenylacetic_acid.png,
2721,3084407,C1=CC(=CC=C1C2=CC(=O)C3=C(C(=C(C(=C3O2)C4C(C(C(C(O4)CO)O)O)O)O)C5C(C(C(C(O5)CO)O)O)O)O)O,3084407,ok,CMPD_AFD8DED88BBB_Vicenin_2.png,
2722,442656,C1CCN[C@H](C1)C2=CN(CCC2)C(=O)C3C(C(C3C4=CC=CC=C4)C(=O)N5CCCC(=C5)[C@H]6CCCCN6)C7=CC=CC=C7,442656,ok,CMPD_AFD8DED88BBB_Vicenin_2.png,
2723,44259160,CC1[C@@H]([C@@H](C([C@@H](O1)OCC2[C@H](C(C([C@@H](O2)OC3=C(OC4=CC(=CC(=C4C3=O)O)O)C5=CC(=C(C=C5)O)O)O[C@H]6[C@@H](C([C@@H](CO6)O)O)O)O)O)O)O)O,44259160,ok,CMPD_AFD8DED88BBB_Vicenin_2.png,
2724,5315904,CC1=C2[C@H]([C@@H]([C@@]3(CC[C@@H](C(=C)[C@H]3[C@@H](C(C2(C)C)C[C@@H]1O)O)OC(=O)/C=C/C4=CC=CC=C4)C)OC(=O)C)OC(=O)C,5315904,ok,CMPD_AFD8DED88BBB_Vicenin_2.png,
2725,44259345,COC1=C(C=CC(=C1)C2=C(C(=O)C3=C(C=C(C=C3O2)O[C@H]4C([C@H]([C@@H](C(O4)CO)O)O)O)O)O[C@@H]5C(C([C@H](C(O5)CO[C@H]6C([C@H]([C@@H](C(O6)CO)O)O)O)O)O)O)O,44259345,ok,CMPD_AFD8DED88BBB_Vicenin_2.png,
2726,3084708,COC1=C(C=C2CC[N+]3=C(C2=C1)C=C4C=CC5=C(C4=C3)OCO5)O,3084708,ok,CMPD_AFEDC394BE02_dehydrocheilanthifoline.png,
2727,10107297,CC(C)[C@@H](C(=O)N)NC(=O)[C@H](C(C)C)NC(=O)CN,10107297,ok,CMPD_B007B14F2B0E_Myricetin-hexoside.png,
2728,5354405,CO/C=C\C=C,5354405,ok,CMPD_B0235850C179_benzoyl_R-_-malic_acid.png,
2729,14488346,CC(C)(C)OC(=O)NC1=NN(C=C1)C,14488346,ok,CMPD_B02E84994E6D_1_6-Digalloylglucose.png,
2730,236484,C(CCCC(C(CCCCCCCC(=O)O)O)O)CCCC(=O)O,236484,ok,CMPD_B04834DC46CB_Erythro-9_10-dihydroxyoctadecanedioic_acid.png,
2731,9231,C1=CC=C2C=CC=C2C=C1,9231,ok,CMPD_B0556DAAED6A_azulene.png,
2732,12309350,C1=CC(=C(C=C1C2=CC(=O)C3=C(C=C(C=C3O2)O)O)O[C@H]4[C@@H]([C@H]([C@@H]([C@H](O4)CO)O)O)O)O,12309350,ok,CMPD_B0585D45AE1E_luteolin_3_-glucoside.png,
2733,101831155,CCCCCCCCCCCCCCCCCCCC(=O)O[C@@H]1[C@H](OC[C@H]([C@H]1O)O)CO,101831155,ok,CMPD_B059EB3BCAC8_Erypestrin.png,
2734,131752253,C[C@]12CC[C@@H](C(C1CC[C@@]3(C2CC=C4[C@]3(C[C@H]([C@@]5([C@H]4CC(CC5)(C)C)C(=O)O[C@H]6[C@@H]([C@H]([C@@H](CO6)O)O)OC(=O)/C=C/C7=CC=C(C=C7)O)O)C)C)(C)C)O[C@H]8[C@@H]([C@H]([C@@H]([C@H](O8)C(=O)O)O)O)O,131752253,ok,CMPD_B06BD020CFA3_microphynolide_A.png,
2735,270060,C[C@@]12CC([C@@H]([C@]1(CC(=O)[C@]3([C@H]2CC=C4[C@@H]3C=C(C(=O)C4(C)C)O)C)C)[C@](C)(C(=O)CC(C(C)(C)O)O)O)O,270060,ok,CMPD_B06CEE8F1374_Cucurbitacin_J.png,
2736,3084097,CC[C@@H](CC[C@@H](C)[C@H]1CC[C@@H]2[C@@]1(CC[C@H]3[C@H]2CCC4[C@@]3(CC[C@@H](C4)O)C)C)C(C)C,3084097,ok,CMPD_B08A3C7E0125_Sitosterin.png,
2737,162859,C[C@H]1[C@@H]([C@H]([C@H]([C@@H](O1)O[C@@H]2[C@H]([C@H](CO[C@H]2OC(=O)[C@]34CCC(C[C@H]3C5=CC[C@H]6[C@]([C@@]5(C[C@H]4O)C)(CC[C@@H]7[C@@]6(C[C@@H]([C@@H](C7(CO)CO)O[C@H]8[C@@H]([C@H]([C@@H]([C@H](O8)CO)O)O)O)O)C)C)(C)C)O)O)O)O)O[C@H]9[C@@H]([C@H]([C@@H](CO9)O)O[C@H]1[C@@H]([C@](CO1)(CO)O)O)O,162859,ok,CMPD_B08C52E21E2E_Platycodin_D.png,
2738,522636,CC12C(C=CC3(C1C(C45C3CCC(C4)(C(=C)C5)O)C(=O)O)OC2=O)O,522636,ok,CMPD_B12A7736E5AD_Gibberellic_acid.png,
2739,101416450,CC1=CC2=C(C=CC=C2C(C)C)C=C1OC,101416450,ok,CMPD_B14C72D918A4_Isoetin_5_-glucoside.png,
2740,8778,CCCCCCCCCCCCOS(=O)(=O)O,8778,ok,CMPD_B15A45CBC56A_dodecyl_sulfate.png,
2741,5315202,COC1=CC(=CC2=C1C(=O)C=C(O2)C3=CC=C(C=C3)O)O,5315202,ok,CMPD_B15B186F36EA_thevetiaflavone.png,
2742,5281703,COC1=C(C=C(C2=C1OC(=CC2=O)C3=CC=CC=C3)O)O,5281703,ok,CMPD_B1655FA2F2D9_wogonin.png,
2743,10887625,CC(C)(C)CCN1CCC[C@H]1[C@@H]2CCCN2CCC(C)(C)C,10887625,ok,CMPD_B176AADFAEB9_5_7_4_-Trihydroxy-6-methoxyflavanone.png,
2744,110368,CC(C)COC(=O)C1=CC=CC=C1N(C)C,110368,ok,CMPD_B176AADFAEB9_5_7_4_-Trihydroxy-6-methoxyflavanone.png,
2745,6429131,CC(C)C1=CC[C@]2([C@@H](CCC(=C)C2C1)O)C,6429131,ok,CMPD_B187AAF21F83_eudesma-4_15_7-dien-1-ol.png,
2746,5370217,CC(C)(C)NC(=S)C1=CC=CS1,5370217,ok,CMPD_B187AAF21F83_eudesma-4_15_7-dien-1-ol.png,
2747,101736166,COC1=CC=C(C=C1)C2=CCCCN2C(=O)OCC3=CC=CC=C3,101736166,ok,CMPD_B187AAF21F83_eudesma-4_15_7-dien-1-ol.png,
2748,75084,CCCCCCCCCCCCOC(=O)C=C,75084,ok,CMPD_B18C2111EA21_dodecyl_acrylate.png,
2749,10095180,C1=CC(=CC=C1C2=C(C(=O)C3=C(C=C(C=C3O2)O[C@H]4[C@@H]([C@H]([C@@H]([C@H](O4)CO)O)O)O)O)O)O,10095180,ok,CMPD_B18EA17E4E9F_populnin.png,
2750,8215,CCCCCCCCCCCCCCCCCCCCCC(=O)O,8215,ok,CMPD_B196A60E725C_behenic_acid.png,
2751,101456952,COC1=CC(=C(C=C1)OC)C(=O)[C@H](CCC#N)OC(C2=CC=CC=C2)C3=CC=CC=C3,101456952,ok,CMPD_B1CC25352241_gamma-Curcumene.png,
2752,11311158,C1=CC(=CC=C1C(=O)C2=C(C=C(C=C2O)O)O)O,11311158,ok,CMPD_B209DD42DA03_iriflophene.png,
2753,10091371,CC1(O[C@@H]2[C@H]([C@H](O[C@@H]2O1)/C=[N+](/CC3=CC=CC=C3)\[O-])OCC4=CC=CC=C4)C,10091371,ok,CMPD_B221A1E0452C_euphoscopoids_B.png,
2754,12311099,C1=C(C=C(C(=C1O)O)O)C2=C(C(=O)C3=C(C=C(C=C3O2)O)O)OC4C(C(C(C(O4)CO)O)O)O,12311099,ok,CMPD_B230AD8187C3_myricetin-3-O-galactoside.png,
2755,1549113,C1=C(C=NC=C1O)C(=O)NCCCC(=O)[O-],1549113,ok,CMPD_B23158EC5A94_alpha-Bisabolol.png,
2756,1549992,CC1=CC[C@@H](CC1)[C@@](C)(CCC=C(C)C)O,1549992,ok,CMPD_B23158EC5A94_alpha-Bisabolol.png,
2757,10091890,CC(=CCC/C(=C/CCP(=O)(O)OP(=O)(O)OP(=O)(O)O)/C)C,10091890,ok,CMPD_B24590DC838F_Silenegallisaponin_I.png,
2758,5318218,C1=CC=C(C=C1)[C@H](C#N)OC2[C@@H](C(C([C@H](O2)COC3[C@@H](C([C@@H]([C@H](O3)CO)O)O)O)O)O)O,5318218,ok,CMPD_B252AC486F6A_diosmetin-7-O-_-D-glucopyranoside.png,
2759,5280666,COC1=C(C=CC(=C1)C2=CC(=O)C3=C(C=C(C=C3O2)O)O)O,5280666,ok,CMPD_B27074734CC6_chrysoeriol_diosmetin.png,
2760,12391,CCCCCCCCCCCCCCC,12391,ok,CMPD_B27D827C3BCC_n-pentadecane.png,
2761,643684,CCCCCC[C@H](C/C=C\CCCCCCCC(=O)O)O,643684,ok,CMPD_B28BE7B56F96_ricinoleic_acid.png,
2762,10183153,CC1=NC2=CC=CC=C2C(=C1)COC3=CC=C(C=C3)C(=O)NC(CC(=O)O)C4C(=O)NC(=O)N4,10183153,ok,CMPD_B2AE0A2C5452_nilotinin_M1.png,
2763,6584,CC(=O)OC,6584,ok,CMPD_B2B9FBE90EF2_methyl_acetate.png,
2764,122097,C[C@H]1[C@@H]([C@H]([C@H]([C@@H](O1)O[C@@H]2[C@H]([C@H]([C@H](O[C@H]2O[C@@H]3[C@H]([C@@H]([C@H](O[C@H]3O[C@H]4CC[C@]5([C@H]([C@@]4(C)CO)CC[C@@]6([C@@H]5CC=C7[C@]6(CC[C@@]8([C@H]7CC(C[C@H]8O)(C)C)C)C)C)C)C(=O)O)O)O)CO)O)O)O)O)O,122097,ok,CMPD_B2E7676C6678_Soyasaponin_I.png,
2765,440113,C1=CC(=CC=C1CC=O)O,440113,ok,CMPD_B2EA70CFB63D_4-hydroxyphenylacetaldehyde.png,
2766,5366432,CC(=CC/C=C(/C)\CCC(=O)[Si](C)(C)C(C)(C)C)C,5366432,ok,CMPD_B3037344AC55_Verbenyl_angelate.png,
2767,104654,CC(=O)C1=CC2=CC(=C(C=C2O1)O)C(=O)C,104654,ok,CMPD_B310A52FD021_Euparone.png,
2768,14632996,CC1=CCC(C=C1)C(C)CC(=O)C=C(C)C,14632996,ok,CMPD_B3234927BF7A_Î_-turmerone.png,
2769,5281635,C1=CC2=C(C=C1O)C(=O)C3=C(C=C(C=C3O2)O)O,5281635,ok,CMPD_B3234927BF7A_Î_-turmerone.png,
2770,188977,C1=CC=C(C=C1)CO[C@H]2[C@@H]([C@H]([C@@H]([C@H](O2)CO)O)O)O,188977,ok,CMPD_B3280E5E1945_benzyl_alcohol_glucoside.png,
2771,155554,CC(C)C1=C2C(C3C4C(C2=CC(=O)O1)(CC5C(C4(C(=O)O3)C)O5)C)O,155554,ok,CMPD_B3280E5E1945_benzyl_alcohol_glucoside.png,
2772,11635,CCCCCCCCCCCCCCCCCC,11635,ok,CMPD_B33799F113E2_Octadecane.png,
2773,21675005,C[C@@H]1CCC=C([C@@]12CC[C@H](C2)C(C)(C)O)C,21675005,ok,CMPD_B3792AF9401E_agarospirol.png,
2774,73620,CO[C@@H]1C[C@H]2[C@@]3(C=C1)[C@H](CN2CC4=CC5=C(C=C34)OCO5)O,73620,ok,CMPD_B38835C42451_Crinamine.png,
2775,6029,C1=CN(C(=O)NC1=O)[C@H]2[C@@H]([C@@H]([C@H](O2)CO)O)O,6029,ok,CMPD_B3938D9F6AFC_Uridine.png,
2776,69816,C=CCSC#N,69816,ok,CMPD_B39C0CFC6535_Allyl_thiocyanate.png,
2777,129834431,COC1=C2C(=C(O2)C=C1O)/C=C\CO,129834431,ok,CMPD_B3AD60B08D0A_cis-epoxyconiferyl_alcohol.png,
2778,19,C1=CC(=C(C(=C1)O)O)C(=O)O,19,ok,CMPD_B3F0C7F6BB76_3_4-dihydroxybenzoic_acid.png,
2779,10168649,CCCN(CCC)S(=O)(=O)C1=CC=C(C=C1)C(=O)N[C@H]2CCCC[C@H]2C(=O)N[C@@H](CC(C)C)C(=O)CN3CCCC4=CC=CC=C4C3,10168649,ok,CMPD_B41981165AA6_2_-Acetylmartynoside.png,
2780,5281775,COC1=C(C=CC(=C1)CC/C=C/C(=O)CCC2=CC(=C(C=C2)O)OC)O,5281775,ok,CMPD_B41CECAC952C_5-O-feruloylquinic_acid_methyl_ester.png,
2781,5281774,CCCCCC(=O)/C=C(/CCC1=CC(=C(C=C1)O)OC)\O,5281774,ok,CMPD_B41CECAC952C_5-O-feruloylquinic_acid_methyl_ester.png,
2782,10133609,COC1=C(C=CC(=C1)/C=C/C(=O)O[C@@H]2C[C@](C[C@H]([C@@H]2O)O)(C(=O)O)O)O,10133609,ok,CMPD_B41CECAC952C_5-O-feruloylquinic_acid_methyl_ester.png,
2783,73404,C1C[C@@H]2[C@H]3C[C@@H](CN2C(=O)C1)[C@@H]4C[C@H](CCN4C3)O,73404,ok,CMPD_B43DB3300EE1_6_-Hydroxylupanine.png,
2784,5352449,CC(=C)/C=C/CCC/C(=C/CCC(C)(C=C)O)/C,5352449,ok,CMPD_B440990E70B6_fokienol.png,
2785,1548883,COC1=C(C=CC(=C1)/C=C\C(=O)O)O,1548883,ok,CMPD_B4588FD32064_cis_ferulic_acid.png,
2786,56776173,C1=CC(=CC=C1C2=CC(=O)C3=C(O2)C(=C(C=C3O)O)[C@H]4[C@@H]([C@H]([C@@H]([C@H](O4)CO)O[C@H]5[C@@H]([C@H]([C@@H]([C@H](O5)CO)O)O)O)O)O)O,56776173,ok,CMPD_B466E6DDD588_Vitexin_4-O-glucoside.png,
2787,15558501,C[C@H]1[C@@H]([C@H]([C@H]([C@H](O1)OC2=C(OC3=CC(=CC(=C3C2=O)O)O)C4=CC=C(C=C4)O)O)O)O,15558501,ok,CMPD_B46A94916A78_kaempferol-3-O-alpha-L-rhamnoside.png,
2788,21596343,CC(=CCC/C(=C\CC/C(=C\C=O)/C)/C)C,21596343,ok,CMPD_B48365C1D6A7_2Z_6Z-farnesal.png,
2789,10918731,COC1=CC=C(C=C1)OP(=O)([N+]2=CC=CC(=C2)Cl)OC3=CC=C(C=C3)OC.C1=CC(=C(C=C1[O-])C#N)Cl,10918731,ok,CMPD_B48365C1D6A7_2Z_6Z-farnesal.png,
2790,10195,C1(C(=O)NC(=O)NC1=O)[N+](=O)[O-],10195,ok,CMPD_B491DE230547_Buphanisine.png,
2791,441467,CC[C@](C)(C#N)O[C@H]1[C@@H]([C@H]([C@@H]([C@H](O1)CO)O)O)O,441467,ok,CMPD_B4926E540186_lotaustralin.png,
2792,443652,COC1=CC(=CC(=C1O)OC)C2=[O+]C3=CC(=CC(=C3C=C2O[C@H]4[C@@H]([C@H]([C@@H]([C@H](O4)CO)O)O)O)O)O,443652,ok,CMPD_B4A7ECECF3A7_oenin.png,
2793,12921473,[HH].[HH].[HH].[CH3-].C1[CH][CH][CH][CH]1.C1[CH][CH][CH][CH]1.C1[CH][CH][CH][CH]1.C1[CH][CH][CH][CH]1.[Zn].[Zr].[Zr],12921473,ok,CMPD_B4CEDF8CEB25__1R_3R_-1_3-dihydroxy-3-_12Z_-heptadec-12-en-1-yl_cyclohexane.png,
2794,66598,CCOC(=O)C1=CC=CC=C1C,66598,ok,CMPD_B4E2E19DA9B5_Ethyl_o-methylbenzoate.png,
2795,10183143,C1=CC(=CC(=C1)Br)NC2=NC=NC3=C2C=C(C=C3)NC(=O)/C=C/CBr,10183143,ok,CMPD_B4E799F31498_Taiwanin-H.png,
2796,11053424,COC1=CC=CC2=C1CC(CC2)/C(=C/[N+]#N)/[O-],11053424,ok,CMPD_B4E799F31498_Taiwanin-H.png,
2797,100927727,COC1=C(C=C2C(=C1)C(=C3C(=C2O)COC3=O)C4=CC(=C(C=C4)O)O)OC,100927727,ok,CMPD_B4E799F31498_Taiwanin-H.png,
2798,5320315,COC1=C(C2=C(C=C1O)OC(=CC2=O)C3=CC=CC=C3)O,5320315,ok,CMPD_B4EF57F00D7E_oroxylin_A.png,
2799,247,C[N+](C)(C)CC(=O)[O-],247,ok,CMPD_B4EF7DF17D3D_Glycine_betaine.png,
2800,12338,CCCCOC,12338,ok,CMPD_B4F66519B817_Butyl_methyl_ether.png,
2801,3002143,C[C@H]1[C@@H]2[C@@H](C(=O)[C@]3([C@H]([C@]2(C=CC1=O)C)CC[C@@H]\4[C@@]3(C[C@@H](/C4=C(/CCC=C(C)C)\C(=O)O)OC(=O)C)C)C)OC(=O)C,3002143,ok,CMPD_B51C18E59069_Helvolic_acid.png,
2802,443669,COC1=C2CN3CC[C@@]4([C@H]3C[C@H](C=C4)O)C2=CC5=C1OCO5,443669,ok,CMPD_B54E5923B20C_Powelline.png,
2803,643157,C1=CC2=NC(=O)C=C(N2N=C1NCCO)C(=O)NCCO,643157,ok,CMPD_B57F0EAC382F__-Cadinene.png,
2804,102143050,CCCCCCCCCCCCOC1=CC=C(C=C1)C(=O)OC2=CC=C(C=C2)C(=O)OC3=C(C(=CC=C3)OC(=O)C4=CC=C(C=C4)OC(=O)C5=CC=C(C=C5)OCCCCCCCCCCCOC6=CC=C(C=C6)OC(=O)C7=CC=C(C=C7)OCCCCCC)C,102143050,ok,CMPD_B590AF72B30E_2_6-dimethyl_cyclohexanol.png,
2805,5319525,CC1=CC(=O)C2=C(C3=C(C=C(C=C3C=C2O1)C(=O)C)OC4[C@@H]([C@@H]([C@@H]([C@H](O4)CO[C@H]5[C@@H]([C@](CO5)(CO)O)O)O)O)O)O,5319525,ok,CMPD_B597CDC4764D__Z_-_-trans-bergamotol.png,
2806,101037617,C1CCC(CC1)CC2=CC(=CC=C2)/C=N\O,101037617,ok,CMPD_B5A02F8A7F2D_trojanoside_H.png,
2807,3085033,CC1=CC(=CC2=C1C(=O)C3=C(C2=O)C=CC=C3O)O,3085033,failed,,"('Connection aborted.', RemoteDisconnected('Remote end closed connection without response'))"
2808,10091873,CCOC(=O)C1=C2CCCCN2C3=C1C(CCC3=O)O[Si](C)(C)C(C)(C)C,10091873,ok,CMPD_B5A5D182AEB9_clausemarin.png,
2809,101968817,C/C=C/CCCCCCCCC(=O)OCC1(COC(=O)CC(C(=O)OC1)S(=O)(=O)[O-])CO.[Na+],101968817,ok,CMPD_B5A717C767D1_5_3_4_-trihydroxy-5_6_7-trimethoxyflavone.png,
2810,1550607,CC(=CCC/C(=C/COC1=CC2=C(C=C1)C=CC(=O)O2)/C)C,1550607,ok,CMPD_B5DAE3C2E9DA_Auraptene.png,
2811,5281406,COC1=C(C=C2C(=C1)C=C(C(=O)O2)OC3=CC4=C(C=C3)C=CC(=O)O4)O,5281406,ok,CMPD_B5E0E7D388C5_daphnoretin.png,
2812,6981,C([C@H]([C@@H]1C(=O)C(=C(O1)O)O)O)O,6981,ok,CMPD_B5F82D0D0940_Piperitone.png,
2813,12303577,COC1=CC2=C(C=C1)NC3=C(S2)C=C(C=C3)S(=O)(=O)C4=CC=CC=C4,12303577,ok,CMPD_B603155BC7F4_tau_Muurolol.png,
2814,3084331,CC1=C[C@H]2[C@@H](CC[C@]([C@H]2CC1)(C)O)C(C)C,3084331,ok,CMPD_B603155BC7F4_tau_Muurolol.png,
2815,51394521,CC1=C[C@@H]2[C@H](CC[C@@]([C@@H]2CC1)(C)O)C(C)C,51394521,ok,CMPD_B603155BC7F4_tau_Muurolol.png,
2816,115319,CC1CC2CC(CC23CC(C1)C4C(C4(C)C)CC3C)C,115319,ok,CMPD_B603353BFD40_ingenane.png,
2817,119565,CCCCS(=N)(=O)CC[C@@H](C(=O)O)N,119565,ok,CMPD_B60D7D264376_trans-1_2-Limonene_oxide.png,
2818,119533,CC[C@](C)(C#N)O[C@H]1[C@@H]([C@H]([C@@H]([C@H](O1)CO[C@H]2[C@@H]([C@H]([C@@H]([C@H](O2)CO)O)O)O)O)O)O,119533,ok,CMPD_B60DF513BA80_neolinustatin.png,
2819,5364507,CCC/C=C/CCCCCCCCCCCCC(=O)OC,5364507,ok,CMPD_B613983940DF_limenone.png,
2820,115012,C[C@]12CC[C@@H]([C@]([C@@H]1CC[C@@]3([C@@H]2CC=C4[C@]3(CC[C@@]5([C@H]4CC(C[C@H]5O)(C)C)C)C)C)(C)CO)O,115012,failed,,"('Connection aborted.', RemoteDisconnected('Remote end closed connection without response'))"
2821,122701,CCCCCCCCCONC=C1C(=C2C3=C(C1=NC(=O)C(=CC=C[C@@H]([C@@H]([C@H]([C@H]([C@H]([C@@H]([C@@H]([C@H](C=CO[C@@]4(C(=O)C2=C(O4)C(=C3O)C)C)OC)C)OC(=O)C)C)O)C)O)C)C)O)O,122701,ok,CMPD_B622E441F4CA_Soyasapogenol_B.png,
2822,637542Â,,637542Â,failed,,"('Connection aborted.', RemoteDisconnected('Remote end closed connection without response'))"
2823,637542,C1=CC(=CC=C1/C=C/C(=O)O)O,637542,ok,CMPD_B6337A627F18_Z-docosyl-p-coumarate.png,
2824,6540685,C1[C@H](N=C(C=C1/C=C/N2[C@@H](CC3=CC(=C(C=C32)O)O[C@H]4[C@@H]([C@H]([C@@H]([C@H](O4)CO)O)O)O)C(=O)O)C(=O)O)C(=O)O,6540685,ok,CMPD_B64C8E0A28E3_betanin.png,
2825,10091872,CCCCCCCCCCCCCCNC(=O)CCC(=O)C1=CC=C(C=C1)F,10091872,ok,CMPD_B6631321F9C9_cladocalol.png,
2826,637531,CC(=O)O[C@@H]1C[C@H]2CC[C@@]1(C2(C)C)C,637531,ok,CMPD_B67204B10A8D_isobornyl_acetate.png,
2827,5281051,CC1=CC(=C2C3=C4C5=C(C(=CC(=C5C2=O)O)O)C6=C7C4=C8C(=C13)C(=CC(=C8C(=O)C7=C(C=C6O)O)O)C)O,5281051,ok,CMPD_B69FF6F2F66F_Hypericin.png,
2828,636954,CC1=C2[C@@H]3[C@@H](CC[C@]2([C@@H](CC1)O)C)C(=C)C(=O)O3,636954,ok,CMPD_B6D1136F9F80_Magnolialide.png,
2829,5281643,C1=CC(=C(C=C1C2=C(C(=O)C3=C(C=C(C=C3O2)O)O)O[C@H]4[C@@H]([C@H]([C@H]([C@H](O4)CO)O)O)O)O)O,5281643,ok,CMPD_B6D57135EE52_Quercetin-3-0-galactoside.png,
2830,101968822,CCCCCCCC/C=C\CCCCCCCCCCCC(=O)OCC1(COC(=O)C(CC(=O)OC1)S(=O)(=O)[O-])CO.CCCCCCCC/C=C\CCCCCCCCCCCC(=O)OCC1(COC(=O)C(CC(=O)OC1)S(=O)(=O)[O-])CO.[Ca+2],101968822,ok,CMPD_B6DA7F6E5668_Hyperin_6_-gallate.png,
2831,5281328,C/C=C(\CC[C@@H](C)[C@H]1CC[C@@H]2[C@@]1(CC[C@H]3[C@H]2CC=C4[C@@]3(CC[C@@H](C4)O)C)C)/C(C)C,5281328,ok,CMPD_B6E9670977AF_Fucosterol.png,
2832,5018391,CCCCC1C2CCCC=C2C(=O)O1,5018391,ok,CMPD_B6EE796CF3C9_sedanolide.png,
2833,102434452,CCOC(=O)C1=C(NC(=C1C(=O)OCC)C(=O)OCC)C2=CC=C(C=C2)OC,102434452,ok,CMPD_B701017A47FA_Uncinacarpan.png,
2834,101851214,CC1=CC=C(C=C1)[C@](C#N)(C(=O)N[C@@H](C(C)C)C(=O)OC)F,101851214,ok,CMPD_B72801F8656A_Isorhamnetin_3-glucoside-7-rhamnoside.png,
2835,90075,CN1C[C@H](C2=CC(=C(C=C2C1)O)OC)C3=CC=C(C=C3)O,90075,ok,CMPD_B73238B85E84_Cherylline.png,
2836,102004915,C1=CC(=CC=C1/C=C/C(=O)C2=C(C3=C(C(C2=O)([C@H]4[C@@H]([C@H]([C@@H]([C@H](O4)CO)O)O)O)O)O[C@H]5[C@H]3O[C@@H]([C@H]([C@@H]5O)O)CO)O)O,102004915,ok,CMPD_B73EDC37DF6D_Safflower_yellow_A.png,
2837,6448299,C1=CC(=CC=C1/C=C/C(=O)C2=C(C3=C(C(C2=O)([C@H]4[C@@H]([C@H]([C@@H]([C@H](O4)CO)O)O)O)O)OC5C3OC(C(C5O)O)CO)O)O,6448299,ok,CMPD_B73EDC37DF6D_Safflower_yellow_A.png,
2838,9945785,C1[C@H]([C@@H]([C@@H](C[C@]1(C(=O)O)O)OC(=O)/C=C/C2=CC=C(C=C2)O)O)O,9945785,ok,CMPD_B748BC70EA64_5-O-p-coumaroylquinic_acid.png,
2839,5318240,C1=CC(=CC=C1C2=C(C(=O)C3=C(C(=C(C=C3O2)O[C@H]4[C@@H]([C@H]([C@@H]([C@H](O4)CO)O)O)O)O)O)O)O,5318240,ok,CMPD_B75052A082CC_6-hydroxykaempferol_7-O-glucoside.png,
2840,5281242,CC1=C[C@@H](CC([C@H]1/C=C/C(=C/C=C/C(=C/C=C/C=C(/C=C/C=C(/C=C/[C@@H]2C(C[C@H](C=C2C)O)(C)C)\C)\C)/C)/C)(C)C)O,5281242,ok,CMPD_B75243F94FE9_delta-Carotene.png,
2841,10141658,CCCCN1C(=CN=C1C2=CC=CC=C2)CN(CC3=CC=C(C=C3)[N+](=O)[O-])CC4=CC5=C(C=C4)OCO5,10141658,ok,CMPD_B762A6F2EA77_nilotinin_D7.png,
2842,6452096,CCOC(=O)CC[C@@H](C)[C@H]1CC[C@@H]2[C@@]1([C@H](C[C@H]3[C@H]2[C@@H](C[C@H]4[C@@]3(CC[C@H](C4)O)C)O)O)C,6452096,ok,CMPD_B764B7AE8029_ethyl_iso-allocholate.png,
2843,542750,CCOC(C(=O)N(C)C)OCC,542750,ok,CMPD_B764CF411361_2-isopropyl-6-methoxyphenol.png,
2844,439655,[C@H]([C@@H](C(=O)O)O)(C(=O)O)O,439655,ok,CMPD_B76A086934A3_D-tartaric_acid.png,
2845,102553049,CCOC1=CC=C(C=C1)C2=NN(C(C2)C3=CC=C(C=C3)OC)C(=S)N,102553049,failed,,"('Connection aborted.', RemoteDisconnected('Remote end closed connection without response'))"
2846,637308,COC1=C(C=CC(=C1)/C=C/C(=O)OCCC2=CC=C(C=C2)O)O,637308,ok,CMPD_B7A8A07776F2_p-hydroxyphenylethanol_ferulate.png,
2847,10091882,COC1=C(C=C(C=C1)C2=NC(=C(N2)C3=CC=NC=C3)C4=CC=C(C=C4)Cl)OC,10091882,ok,CMPD_B7CF7AB911A6_Emodin_6-O-alpha-L-rhamnopyranoside.png,
2848,752,C(C(C(=O)O)O)O,752,ok,CMPD_B7ECF1CA1C97_glyceric_acid.png,
2849,8655,COC1=CC(=CC(=C1O)OC)C=O,8655,ok,CMPD_B8028618E0A2_Syringaldehyde.png,
2850,10986705,CC[C@]12[C@@H](C[C@@H]([C@H](O1)CO2)C)C,10986705,failed,,"('Connection aborted.', RemoteDisconnected('Remote end closed connection without response'))"
2851,10115043,CN1C2=C(C(=C1C3=CC=CC=C3)/C=C/C(=O)N4CCC5=CC(=C(C=C5C4)OC)OC)N=CC=C2,10115043,ok,CMPD_B82E94131B3F_lasidiol-10-anisate.png,
2852,102072111,CC(/C(=N\N=C(\Cl)/C(C)(C)C)/Cl)(C)C,102072111,ok,CMPD_B839CCA7F7A2_4-hydroxy-2_2_6-trimethyl-9-oxabicyclo_4.2.1_non-1-en-7-one.png,
2853,101569424,C[C@H]1CCC[C@H](N1C(=O)OC(C)(C)C)CC(=O)C[C@@H]2CC3(CC[C@H]2/C=C/C(=O)OC)SCCCS3,101569424,ok,CMPD_B83EDA889CD3_epi-Cubenol.png,
2854,12046149,C[C@@H]1CC[C@H]([C@H]2[C@@]1(CCC(=C2)C)O)C(C)C,12046149,ok,CMPD_B83EDA889CD3_epi-Cubenol.png,
2855,42608117,C1[C@H](OC2=C(C1=O)C(=CC(=C2O)O)O)C3=CC=C(C=C3)O,42608117,ok,CMPD_B85BA1F9C4FA_Isocarthamidin.png,
2856,131752115,CC1C(C(C(C(O1)OC2C(C(OC(C2OC3C(C(C(C(O3)CO)O)O)O)OC4CCC5(C(C4(C)C=O)CCC6(C5CC=C7C6(CC(C8(C7CC(CC8)(C)C)C(=O)OC9C(C(C(C(O9)C)OC(=O)C)OC1C(C(C(C(O1)CO)O)O)O)OC1C(C(C(C(O1)C)OC1C(C(C(CO1)O)O)O)O)O)O)C)C)C)C(=O)O)O)O)O)O,131752115,ok,CMPD_B879D564458A_euphelionolides_C.png,
2857,177825802,COC1=C(C=CC(=C1)/C=C\2/C(=O)NC(=O)[C@@]2(C3=CC=C(C=C3)O)O)O,177825802,ok,CMPD_B881AF970D8D_tribulusamide_C.png,
2858,14985,CC1=C(C2=C(CC[C@@](O2)(C)CCC[C@H](C)CCC[C@H](C)CCCC(C)C)C(=C1O)C)C,14985,ok,CMPD_B88AE839CB31_Alpha-tocopherol.png,
2859,56675512,COC1=C(C=C(C=C1)CC=C)C2=C(C=CC(=C2)CC=C)O,56675512,ok,CMPD_B899C4313285_5_5_-diallyl-2_-methoxy-_1_1_-biphenyl_-2-ol.png,
2860,5319087,CCC1[C@@H](OC=C(C1CC(=O)OCCC2=CC(=C(C=C2)O)O)C(=O)OC)O[C@H]3[C@@H]([C@H]([C@H]([C@H](O3)CO)O)O)O,5319087,ok,CMPD_B8A91283FB1E_Osmanthuside.png,
2861,138225,CCC(C)CN=C=S,138225,ok,CMPD_B8C8876DA293_2-methylbutyl_isothiocyanate.png,
2862,5281532,C/C(=C/CCC1(C2CCC(C2)C1=C)C)/CO,5281532,ok,CMPD_B8F5FC0A5AEE_germacrene_B.png,
2863,9830456,C1=CC(=C(C=C1C2=C(C(=O)C3=C(C=C(C=C3O2)O)O)O[C@H]4[C@@H]([C@H]([C@@H]([C@H](O4)COC(=O)C5=CC(=C(C(=C5)O)O)O)O)O)O)O)O,9830456,ok,CMPD_B90B7BE6E00A_tellimoside.png,
2864,10887640,C([C@@H]1[C@H]([C@@H]([C@H]([C@H](O1)O[C@]2([C@H]([C@@H]([C@H](O2)COS(=O)(=O)O)OS(=O)(=O)O)OS(=O)(=O)O)COS(=O)(=O)O)O)OS(=O)(=O)O)OS(=O)(=O)O)OS(=O)(=O)O,10887640,ok,CMPD_B914D4032134_Isovitexin_6_-O-glucoside.png,
2865,26447,C[C@@H]1CC[C@H](C(=O)C1)C(C)C,26447,ok,CMPD_B91994CAFFFF_L-menthone.png,
2866,15559100,CC(=CCC[C@@H]([C@@H]1CC[C@]2([C@]1(CCC3=C2CC[C@@H]4[C@@]3(CCC(=O)C4(C)C)C)C)C)C(=O)O)C,15559100,ok,CMPD_B93FB4826567_3-oxo-8_24-dien-tirucallic_acid.png,
2867,101416458,CN1C2=C(C=C(C=C2)O)C(C3=C1OC=C3)O,101416458,ok,CMPD_B95A15CF4DAB_apigenin_7-6-methylglucuronide.png,
2868,137321127,CCC1=C(C=CC(=C1)O)C2=CC(=O)C3=C(C=C(C=C3O2)OC4[C@@H]([C@H]([C@@H]([C@H](O4)C(=O)O)O)O)O)O,137321127,ok,CMPD_B95A15CF4DAB_apigenin_7-6-methylglucuronide.png,
2869,44257802,COC(=O)C1[C@H]([C@@H](C([C@@H](O1)OC2=CC(=C3C(=C2)OC(=CC3=O)C4=CC=C(C=C4)O)O)O)O)O,44257802,ok,CMPD_B95A15CF4DAB_apigenin_7-6-methylglucuronide.png,
2870,22013,CC1=CC(=C(C=C1C)C=O)C,22013,ok,CMPD_B98EE96BBB49_2_4_5-trimethylbenzaldehyde.png,
2871,441678,C[C@H](CCC=C(C)C)[C@@H]1CC[C@]2([C@]1(CCC3=C2CC[C@@H]4[C@@]3(CC[C@@H](C4(C)C)O)C)C)C,441678,ok,CMPD_B98FBDB4A991_euphol.png,
2872,442654,CCC(=O)CCCCCCCCC[C@@H]1CC[C@@H]([C@H](N1)CO)O,442654,ok,CMPD_B98FBDB4A991_euphol.png,
2873,101744238,CC(=O)OC(C[C@H]1CC(=C)C[C@@H](O1)CCOCC2=CC=CC=C2)O[C@H](CC=C)C3=COC(=N3)CCl,101744238,ok,CMPD_B995F049DA9B__2E_4E_-N-Tyramide.png,
2874,12301980,CC1CCC2(C(C3C(O2)CC4C3(C(=O)CC5C4CC=C6C5(CCC(C6)O)C)C)C)OC1,12301980,ok,CMPD_B9A56F112ABB_alpha-Patchoulene.png,
2875,521710,CC1CCC23C1CC(C2(C)C)CC=C3C,521710,ok,CMPD_B9A56F112ABB_alpha-Patchoulene.png,
2876,115019,COC1=C(C(=O)C(=CC1=O)[C@H](C=C)C2=CC=CC=C2)OC,115019,ok,CMPD_B9A81F0C9B82_3_4-dimethoxydalbergione.png,
2877,261491,C[C@@H]1[C@H]2C[C@]2(CC1=O)C(C)C,261491,ok,CMPD_B9BDD8F12E65_Thujone.png,
2878,5353008,CCCCCCCCCC/C=C/CCCCCC,5353008,ok,CMPD_B9C50EE32862_E-7-octadecene.png,
2879,122837,CC1=CC[C@@H]2[C@@H]1[C@@H]([C@@H](CCC2=C)[C@H](C)CCC=C(C)C)O,122837,failed,,Response ended prematurely
2880,158145,CC=C(C)C(=O)O[C@H]1[C@@H]([C@H]2[C@H](C2(C)C)[C@H]([C@@H](C(=O)[C@@]34C[C@@H]([C@@H]([C@@]3(O4)C=C1C)OC(=O)C)C)C)OC(=O)C)O,158145,ok,CMPD_B9F2EB28442B__1_2_5_Thiadiazolo_3_4-d_pyrimidin-7-amine.png,
2881,442431,C[C@H]1[C@@H]([C@H]([C@H]([C@@H](O1)OC[C@@H]2[C@H]([C@@H]([C@H]([C@@H](O2)OC3=CC(=C4C(=O)C[C@H](OC4=C3)C5=CC=C(C=C5)O)O)O)O)O)O)O)O,442431,ok,CMPD_BA09F25BEA34_Saponarin.png,
2882,101416456,CCC\1C(C(=O)N/C1=C\C2=C(C(=C(N2)/C=C\3/C(=C(C(=CC4=[NH+]C(=O)C(=C4C)CC)N3)C)CCC(=O)OC)CCC(=O)OC)C)C,101416456,ok,CMPD_BA147D7C5961_Diphyllin.png,
2883,9294,C[C@@H]([C@@H](C1=CC=CC=C1)O)NC,9294,ok,CMPD_BA717E2281ED_Ephedrine.png,
2884,123698056,CCCCCCCCCCCCCCC(CO)(C#CC1=CC=CC=C1)O,123698056,ok,CMPD_BA71B1756226_3-_hydroxymethyl_-1-phenyl-1-heptadecyn-3-ol.png,
2885,101009028,CC(C)[C@H]1CC[C@@]2([C@H]3CC[C@]([C@H]3[C@H]1O)(O2)C)C,101009028,ok,CMPD_BA71D52315DA_buchariol.png,
2886,5154,C[N+]1=C2C(=C3C=CC4=C(C3=C1)OCO4)C=CC5=CC6=C(C=C52)OCO6,5154,ok,CMPD_BA7CF3B46240_sanguinarine.png,
2887,5461123,[Si],5461123,failed,,"('Connection aborted.', RemoteDisconnected('Remote end closed connection without response'))"
2888,6603901,CCCC1=C(C=CC(=C1O)C(=O)C)OCCCOC2=CC=C(C=C2)OCC(=O)O,6603901,ok,CMPD_BAA071345CA6_C22H26O7.png,
2889,12306047,CC1=C[C@@H]2[C@H](CC1)C(=CC[C@H]2C(C)C)C,12306047,ok,CMPD_BAB7349CC949_alpha-muurolene_14-oxy.png,
2890,10168670,CC1(CCN(CC1)CCCCCCCCN2CCN(CC2)C(=O)C3COC4=CC=CC=C4O3)OC(=O)NC5=CC=CC=C5C6=CC=CC=C6,10168670,ok,CMPD_BACBD1E3C987_vesceritenone.png,
2891,101140030,C/C=C/1\CCCC(=C1C(C)C)C,101140030,ok,CMPD_BB314E799AB6_13-Dihydro-4-epi-sonchucarpolide.png,
2892,83489,C[C@H]1[C@@H]([C@H]([C@H]([C@@H](O1)OC[C@@H]2[C@H]([C@@H]([C@H]([C@@H](O2)OC3=CC(=C4C(=O)C[C@H](OC4=C3)C5=CC(=C(C=C5)O)O)O)O)O)O)O)O)O,83489,ok,CMPD_BB46E600A23D_Eriodictyol-7-O-rutinoside.png,
2893,101416499,C[C@@H]1CCC2=C(C=CC=N2)C(=O)OC[C@]3([C@@H]4[C@H]([C@H]([C@@]5([C@H]([C@H]([C@@H]([C@]([C@]5([C@@H]4OC(=O)C)O3)(C)O)OC1=O)OC(=O)C6=COC=C6)OC(=O)C)COC(=O)C)OC(=O)C)OC(=O)C)C,101416499,ok,CMPD_BB5E78543D44__6R_9R_-3-oxo-alpha-ionol.png,
2894,5322078,COC1=C(C=C(C2=C1OC(=CC2=O)C3=CC=C(C=C3)O)O)O,5322078,ok,CMPD_BB652D85C904_4_-hydroxywogonin.png,
2895,14815,[O-]S(=O)(=O)[O-].O=[U+2]=O,14815,ok,CMPD_BB886787232B_alpha-Terthienyl.png,
2896,637566,CC(=CCC/C(=C/CO)/C)C,637566,ok,CMPD_BB8A9D3BA7B8_geraniol.png,
2897,11947793,CC(=C[C@H]1O[C@H]2[C@@H]3[C@@]4(O3)[C@H](CC[C@]5([C@]4(CC[C@@H]6[C@@]5(C7=C(C6)C8=C(N7)C=CC9=C8C[C@@H]3[C@@H](C9=O)C(OC3(C)C)(C)C)C)O)C)O[C@@H]2C(O1)(C)C)C,11947793,ok,CMPD_BBDA05DF7200_Lolitrem_B.png,
2898,9548726,CSCCCCC/C(=N\OS(=O)(=O)[O-])/S[C@H]1[C@@H]([C@H]([C@@H]([C@H](O1)CO)O)O)O,9548726,ok,CMPD_BC2371508DB3_oleanan-3-ol.png,
2899,69201,CCOC(=O)C1=COC=C1,69201,ok,CMPD_BC2FBAEC0EE8_Corosolic_acid.png,
2900,5209498,C[N+]12CCC3=CC4=C(C=C3C1CC5=C(C2)C6=C(C=C5)OCO6)OCO4,5209498,ok,CMPD_BC3F04D0BA72_N-methylstylopine.png,
2901,5273569,COC1=C(C(=C2C(=C1)C=CC(=O)O2)O)O,5273569,ok,CMPD_BC81D4F06EE1_Fraxetin.png,
2902,12443309,C[C@]12CCCC(=C)[C@@]1(C[C@H]3[C@@H](C2)OC(=O)C3=C)O,12443309,ok,CMPD_BC97F1E21552_eudesmanolide.png,
2903,12314450,C[C@@H]1CC[C@@]2(CC[C@@]3(C(=CC[C@H]4[C@]3(CC[C@@H]5[C@@]4(CCC(=O)C5(C)C)C)C)[C@@H]2[C@]1(C)O)C)C(=O)O,12314450,ok,CMPD_BC9981FCD8A8_pomonic_acid.png,
2904,176983,CC1=CC=C(CC1)C(=C)C,176983,ok,CMPD_BC9BE53963EB_1_3_8-p-menthatriene.png,
2905,21606527,C[C@H]1[C@@H]([C@H]([C@H]([C@@H](O1)OC2=CC(=C3C(=C2)OC(=C(C3=O)O[C@H]4[C@@H]([C@H]([C@@H]([C@H](O4)CO)O)O)O)C5=CC=C(C=C5)O)O)O)O)O,21606527,ok,CMPD_BCBB2B8AF92C_Kaempferol-3-O-beta-D-glucopyranosyl-7-O-alpha-L-rhamnopyranoside.png,
2906,121175,CN1C2=CC=CC3=C2C(=CC=C3)C1=O,121175,ok,CMPD_BCD89065B361_acetyllasiocarpine_N-oxide.png,
2907,493570,CC1=CC2=C(C=C1C)N(C3=NC(=O)NC(=O)C3=N2)C[C@@H]([C@@H]([C@@H](CO)O)O)O,493570,ok,CMPD_BD31F6F9B952_riboflavin.png,
2908,5280489,CC1=C(C(CCC1)(C)C)/C=C/C(=C/C=C/C(=C/C=C/C=C(/C=C/C=C(/C=C/C2=C(CCCC2(C)C)C)\C)\C)/C)/C,5280489,ok,CMPD_BD59718194D9_beta-carotene.png,
2909,10115034,COC1=C(C=C2C(=C1)C(=O)N=C(N2)N3CCC4=C(C3)N=CN4C5=CC6=CC=CC=C6C=C5)OC,10115034,ok,CMPD_BD64709FFE5A_euphoscopoids_C.png,
2910,10183147,CC#CC(=O)NC1=CC(=C2C(=C1)C(=C(C=N2)C#N)NC3=CC(=CC=C3)Br)CN(C)C,10183147,ok,CMPD_BD88DF9DB637_estomorusside.png,
2911,480764,CC(=CCC1=C2C(=C(C=C1O)O)C(=O)C[C@H](O2)C3=CC=C(C=C3)O)C,480764,ok,CMPD_BD9E9A1C0311_Sophoraflavanone_B.png,
2912,486614,COC1=C(C=CC(=C1)[C@@H]2[C@H]3CO[C@@H]([C@H]3CO2)C4=CC(=C(C=C4)O[C@H]5[C@@H]([C@H]([C@@H]([C@H](O5)CO)O)O)O)OC)O,486614,ok,CMPD_BDA09A04A64C_Pinoresinol-4-O-beta-D-glucopyranoside.png,
2913,5352484,C/C/1=C/CCC(=C)C2CC(C2CC1)(C)CO,5352484,ok,CMPD_BDA294A23208_14-hydroxy-9-epi-_E_-caryophyllene.png,
2914,442435,C=C[C@H]1[C@@H](OC=C2[C@]1(CCOC2=O)O)O[C@H]3[C@@H]([C@H]([C@@H]([C@H](O3)CO)O)O)O,442435,ok,CMPD_BDC2F65AAADE_swertiamarin.png,
2915,5317320,CC(=CCC/C(=C\C/C=C(/C)\C=C)/C)C,5317320,ok,CMPD_BDC61C0A4821__3Z_6Z_-alpha-Farnesene.png,
2916,5317511,C[C@]12CC[C@@H](C(C1CC=C3C2=CC[C@]4([C@]3(CC[C@@H]4[C@@H](CCC(C(C)(C)O)O)CO)C)C)(C)C)O,5317511,ok,CMPD_BDC66780F8CE_Quercetin_7-O-beta-glucoside.png,
2917,102146910,COC(=O)C1=CC(=[C-]C(=C1)C2=CC=CC=N2)C3=CC=CC=N3,102146910,ok,CMPD_BDD7B102FB73_3-O-caffeoyl--d-erythrono-1_4-lactone.png,
2918,5462224,[Mg],5462224,ok,CMPD_BDDE00BABCD7_Mg.png,
2919,56842417,C[C@H]1[C@@H]([C@H]([C@H]([C@@H](O1)O[C@@H]2[C@H]([C@H](CO[C@H]2O[C@H]3CC[C@@]4([C@H]5CC=C6[C@H]7CC(CC[C@@]7(CC[C@]6([C@@]5(CCC4C3(C)C)C)C)C(=O)O[C@@H]8[C@@H]([C@H]([C@@H]([C@H](O8)CO)O)O[C@H]9[C@@H]([C@@H]([C@H]([C@@H](O9)C)O)O)O)O[C@@H]1[C@@H]([C@H]([C@@H]([C@H](O1)CO)O)O)O)(C)C)C)O)O)O)O)O,56842417,ok,CMPD_BDE96CB40FD4_hederacoside_B.png,
2920,9415,C[C@H]1C(=O)O[C@@H]2CCN3[C@@H]2C(=CC3)COC(=O)[C@]([C@]1(C)O)(C)O,9415,ok,CMPD_BE2DE24A7E34_Monocrotaline.png,
2921,73399,COC1=C(C=CC(=C1)[C@@H]2[C@H]3CO[C@@H]([C@H]3CO2)C4=CC(=C(C=C4)O)OC)O,73399,ok,CMPD_BE2E7F226F4A_Pinoresinol.png,
2922,70678558,CC1=CC[C@H]2[C@H]3C1[C@]2(CC[C@H]3C(C)C)C,70678558,ok,CMPD_BE2F8B8C38DA_alpha-copaene.png,
2923,17868,CC1=CCC2(C1C2)C(C)C,17868,ok,CMPD_BE439CFF3C0F_alpha-thujene.png,
2924,133554346,C[C@@]1(C[C@H]([C@H]2[C@H]([C@@H]1C(=C)CO)OC(=O)C2=C)O)C=C,133554346,ok,CMPD_BE5C96733099_11_13-dehydromelitensin.png,
2925,618044,COC1CC=C2CCN3C2(C1)C4=CC(=C(C=C4CC3)O)OC,618044,ok,CMPD_BE6E5CAFB401_dihydroerysodine.png,
2926,101539213,C1COCCN1C(=O)/C=C/CCCO,101539213,ok,CMPD_BE76FBB3FA52_15-acetyl_dehydromelitensin.png,
2927,1174,C1=CNC(=O)NC1=O,1174,ok,CMPD_BE98FBB5FEF1_Uracil.png,
2928,Â 5280641,,Â 5280641,failed,,400 Client Error: PUGREST.BadRequest for url: https://pubchem.ncbi.nlm.nih.gov/rest/pug/compound/cid/%C3%82%C2%A05280641/PNG?image_size=500x500
2929,131752219,C1C(C(OC2=C1C(=C(C(=C2)O)C3C(C(OC4=C(C(=CC(=C34)O)O)C5C(C(OC6=CC(=CC(=C56)O)O)C7=CC(=C(C=C7)O)O)OC(=O)C8=CC(=C(C(=C8)O)O)O)C9=CC(=C(C=C9)O)O)OC(=O)C1=CC(=C(C(=C1)O)O)O)O)C1=CC(=C(C=C1)O)O)O,131752219,ok,CMPD_BEDC4B179FA1_15-epi-cyllenin_A.png,
2930,10922464,CC1=C2C[C@@H](CC[C@]2(CCC1)C)C(=C)C(=O)O,10922464,ok,CMPD_BEE20315B7D0_isocostic_acid.png,
2931,6442,CC(C)(CO)[N+](=O)[O-],6442,ok,CMPD_BEF6A2D76600_butane-2-3-diol.png,
2932,137759,CC1=CC(=C(C(=C1)C)C#[N+][O-])C,137759,ok,CMPD_BEF75DE4D44F_2_4_6-trimethylbenzonitrile_N-oxide.png,
2933,2244,CC(=O)OC1=CC=CC=C1C(=O)O,2244,ok,CMPD_BEFE497A740C_Acetylsalicylic_acid.png,
2934,442042,C[C@@H]1C[C@@H]2[C@@H](C2(C)C)[C@@H]3C=C([C@H]([C@]4([C@@]1(C3=O)C=C([C@@H]4O)C)O)O)CO,442042,ok,CMPD_BF0AE4A3ECDA_Ingenol.png,
2935,102213713,C1C2=CC=C(C[N+]3=CC=C(C=C3)C4=CC=[N+](CC5=C6C(=C(C[N+]7=CC=C(C=C7)C8=CC=[N+]1C=C8)C=C5)C(=O)N(C6=O)CC(=O)OCCOCCOC9=CC=CC1=C9C=CC=C1OCCOCCOC1=CC=C(C=C1)C=O)C=C4)C=C2,102213713,ok,CMPD_BF1E69247960_hederasaponins_I.png,
2936,541018,CC(=O)C1CCC2C1(CCC3(C2CC=C4C3(CCC(C4)OC(=O)C)C)O)C,541018,ok,CMPD_BF398E4B824E_1-hexadecyl-2_3-dihydro-1H-indene.png,
2937,101569426,CC(C)N1CCN(CCN(CC1)CCS)CCS,101569426,ok,CMPD_BF516BF2D07A_Fucotriphloroethol.png,
2938,5283382,CCCCCC/C=C/CCCCCCCCCC=O,5283382,ok,CMPD_BF774DFF144E_11-octadecenal.png,
2939,12901375,C[N+]1(CCCCC1)CCS(=O)(=O)CC[Sn](C)(C)C,12901375,ok,CMPD_BF97CCD4150E_Olean-12-ene-3_15_16_21_22_28-hexol.png,
2940,443162,CC1=CC[C@H](CC1)C(C)(C)O,443162,ok,CMPD_BFA2FB46EA14_L-alpha-terpineol.png,
2941,384679,COC1=CC(=CC2=C1O[C@@H]([C@H]2CO)C3=CC(=C(C=C3)O)OC)CCCO,384679,ok,CMPD_BFB6BA85F87B_dihydrodehydrodiconiferyl_alcohol.png,
2942,14900,CCCCCCCCCCCCCCCC(=O)OCC(CO)O,14900,ok,CMPD_BFBDE10BA197_Palmitin.png,
2943,14042,C=CC(C(C=C)O)O,14042,ok,CMPD_BFCA20F6153F_1_5-Hexadiene-3_4-diol.png,
2944,12407,CCCCCCCCCCCCCCCCCCCCCCCCCC,12407,ok,CMPD_BFCE14796141_n-hexacosane.png,
2945,5281758,C/C=C\C1=CC(=C(C=C1OC)OC)OC,5281758,ok,CMPD_BFE5003CF318_Cis-asarone.png,
2946,6442194,CC[C@H](/C=C/[C@@H](C)[C@H]1CC[C@@H]2[C@@]1(CC[C@H]3[C@H]2CCC4=CC(=O)CC[C@]34C)C)C(C)C,6442194,ok,CMPD_BFFD01B9C143_Stigmasta-4_22-dien-3-one.png,
2947,68481,CC(=O)C1=CC=CC=C1OC,68481,ok,CMPD_C00AA8A896DD_o-acetanisole.png,
2948,131752180,CC(C/C=C/C(=O)C)C1CCC2(C1(CCC34C2CCC5C3(C4)CCC(C5(C)C)O)C)C,131752180,ok,CMPD_C022A6ACCEF9_youssoufenes_B1.png,
2949,10461109,C[C@H]1[C@@H]([C@H]([C@H]([C@@H](O1)OC[C@@H]2[C@H]([C@@H]([C@H]([C@@H](O2)OC3=CC(=C4C(=C3)OC(=CC4=O)C5=CC(=C(C=C5)O)O)O)O)O)O)O)O)O,10461109,ok,CMPD_C02822AF2C5D_luteolin_7-O-rutinoside.png,
2950,22311,CC1=CCC(CC1)C(=C)C,22311,ok,CMPD_C04779DD8071__-terpenyl_acetate.png,
2951,111037,CC1=CCC(CC1)C(C)(C)OC(=O)C,111037,ok,CMPD_C04779DD8071__-terpenyl_acetate.png,
2952,11103,CC1=C(C2=CC3=NC(=CC4=NC(=CC5=C(C(=C(N5)C=C1N2)C(C)O)C)C(=C4CCC(=O)O)C)C(=C3C)CCC(=O)O)C(C)O,11103,ok,CMPD_C04779DD8071__-terpenyl_acetate.png,
2953,128861,C1=CC(=C(C=C1C2=[O+]C3=CC(=CC(=C3C=C2O)O)O)O)O,128861,ok,CMPD_C07194683583_Cyanidin.png,
2954,5318536,C/C=C\C(=O)OCCC1=C(C2=C(CC(C2=O)C)C=C1C)C,5318536,ok,CMPD_C0782896E20E_kumatakenin.png,
2955,119201,C1CCN2CC3CC(C2C1)CN4C3CCCC4=O,119201,ok,CMPD_C0782896E20E_kumatakenin.png,
2956,5318869,COC1=CC(=C2C(=C1)OC(=C(C2=O)OC)C3=CC=C(C=C3)O)O,5318869,ok,CMPD_C0782896E20E_kumatakenin.png,
2957,101569430,CCC1=C(C2=CC3=C(C(=C(N3)C=C4[C@H]([C@@H](C(=N4)C5=C6C(=C(C(=N6)C=C1N2)C)C(=O)C5)CCC(=O)OC)C)C)CNC)C,101569430,ok,CMPD_C07B43286866_Isohemigossypol-1_2-dimethyl_ether.png,
2958,72,C1=CC(=C(C=C1C(=O)O)O)O,72,ok,CMPD_C097638F92DE_procatechuic_acid.png,
2959,539206,CC(=O)OC1C2CCC1C3CCC2C3=O,539206,ok,CMPD_C09773F673DD_1_3_dicyclopentyl_cyclopentane.png,
2960,10271607,CC1=CC[C@]2(CC[C@]([C@@H]2[C@H](C1)OC(=O)C3=CC(=C(C=C3)O)OC)(C(C)C)O)C,10271607,ok,CMPD_C0A3F04090A3_teferin.png,
2961,21630916,C[C@@H]1CC(=O)CC([C@]1(/C=C/[C@@H](C)O)O)(C)C,21630916,ok,CMPD_C0AC2C8216C4_4_5-dihydroblumenol_A.png,
2962,2969,CCCCCCCCCC(=O)O,2969,ok,CMPD_C0B54C7E2C24_decanoic_acid.png,
2963,442831,CC(=O)O[C@]12CO[C@@H]([C@H]1CO[C@@H]2C3=CC(=C(C=C3)O)OC)C4=CC(=C(C=C4)O)OC,442831,ok,CMPD_C0B6EAAC8B94_acetoxypinoresinol.png,
2964,103763,CC1=C(C2=C(CCC(O2)(C)OC)C(=C1O)C)C,103763,ok,CMPD_C0C496976061_2_4-Dimethyl-4-penten-2-ol.png,
2965,394845,C1[C@@H]([C@H](OC2=C1C(=CC3=C2[C@@]4([C@H](O3)C5=CC=C(C=C5)O)C(=O)C6=C(C=C(C=C6O4)O)O)O)C7=CC=C(C=C7)O)O,394845,ok,CMPD_C0DCEA458F61_genkwanol_A.png,
2966,3010930,COC1=C(C=CC(=C1)[C@@H]2[C@H]3CO[C@@H]([C@]3(CO2)O)C4=CC(=C(C=C4)O)OC)O,3010930,ok,CMPD_C119E9293455_1-hydroxypinoresinol.png,
2967,159278,C1=CC(=CC=C1CCO[C@H]2[C@@H]([C@H]([C@@H]([C@H](O2)CO)O)O)O)O,159278,ok,CMPD_C11F1614575C_salvianic_acid.png,
2968,185922,CCCC#CC#CCC,185922,ok,CMPD_C121B8FAB532_3_5-nonadiyne.png,
2969,163186270,C[C@@H]1C[C@]2([C@H]([C@H]1OC(=O)C3=CC=CC=C3)/C=C(/[C@@H](CC(=O)C(/C=C/[C@H]([C@H]2OC(=O)C)C)(C)C)OC(=O)C4=CN=CC=C4)\C)OC(=O)C,163186270,ok,CMPD_C13226239517_euphoheliosnoid_A.png,
2970,65866,CC1=C(C(C(=C(N1)C)C(=O)OC(C)(C)CN(C)CCC(C2=CC=CC=C2)C3=CC=CC=C3)C4=CC(=CC=C4)[N+](=O)[O-])C(=O)OC,65866,ok,CMPD_C1622DC812C0_Ursuolic_acid.png,
2971,398788,CN1CCC2=CC(=C(C3=C4C=C(C(=CC4=CC1=C23)OC)OC)OC)OC,398788,ok,CMPD_C162AF4675BA_dehydroglaucine.png,
2972,185262,CC(=O)O[C@@H]1C[C@@H]2C3(CCN2CC4=CC5=C(C=C43)OCO5)C=C1,185262,ok,CMPD_C16FB9B77E02_O-acetylcrinine.png,
2973,5364448,CCCCC/C=C/C,5364448,ok,CMPD_C16FF5B61C7E_trans-P-mentha-1_7_8-dien-2-ol.png,
2974,520984,CC1=CC2C(C2(C)C)CC1O,520984,ok,CMPD_C18F9BB83468_Trans-2-caren-4-ol.png,
2975,6578,CCC(=O)N,6578,ok,CMPD_C1D414F99A8C_Propionamide.png,
2976,72300,C=CCC1=CC(=C(C=C1)O)C2=C(C=CC(=C2)CC=C)O,72300,ok,CMPD_C1D8BC84657C_5_5_-diallyl-_1_1_-biphenyl_-2_2_-diol.png,
2977,44259586,COC1=CC(=C2C(=C1)OC(=C(C2=O)O[C@@H]3C(C([C@H](C(O3)CO)O)O)O)C4=CC(=C(C=C4)O)O)O,44259586,ok,CMPD_C2096F053416_Rhamnetin_3-glucoside.png,
2978,102434078,C1=CC(=C2C=CC(=C3C=CC(=C4C=NC(=[N+](O)[O-])C5=NC=CN=C45)O3)O2)[O+]=C1C#CC6=CC7=C(C8=C(C=C(S8)C#CC9=[O+]C(=C1C=CC(=C2C=CC(=C3C=NC(=[N+](O)[O-])C4=NC=CN=C34)O2)O1)C=C9)C(=C7S6)C#CC1=[O+]C(=C2C=CC(=C3C=CC(=C4C=NC(=[N+](O)[O-])C5=NC=CN=C45)O3)O2)C=C1)C#CC1=[O+]C(=C2C=CC(=C3C=CC(=C4C=NC(=[N+](O)[O-])C5=NC=CN=C45)O3)O2)C=C1,102434078,ok,CMPD_C2096F053416_Rhamnetin_3-glucoside.png,
2979,75142,COC1=C(C=CC(=C1)C(=O)CCO)O,75142,ok,CMPD_C2404FD92F19_Beta-hydroxypropiovanillone.png,
2980,5378823,COC1=CC=C(C=C1)C2=C(C(=O)C3=C(C=C(C=C3O2)OC)O)O,5378823,ok,CMPD_C24C048568E6_kaempferol-4_7-dimethyl_ether.png,
2981,102403918,C[C@H]1[C@@H]([C@H]([C@H]([C@@H](O1)O[C@H]2[C@@H]([C@H](O[C@H]([C@@H]2OC(=O)C)OCCC3=CC(=C(C=C3)O)OC)CO)OC(=O)/C=C/C4=CC(=C(C=C4)O)O)O)O)O,102403918,ok,CMPD_C2708FFC683D_Salsaside_E.png,
2982,6429301,C/C/1=C\CCC(=C)[C@H]2CC([C@H]2CC1)(C)C,6429301,ok,CMPD_C27346ED36CB__Z_-Caryophyllene.png,
2983,44259654,CC1=C(C(=C2C(=C1O)C(=O)C(=C(O2)C3=CC=C(C=C3)O)OC)C)O,44259654,ok,CMPD_C277ABDEA838_6_8-di-C-methylkaempferol_3-methyl_ether.png,
2984,153940,C[C@@H]1[C@@H]([C@@H]([C@H]([C@@H](O1)O[C@H]2CC[C@]3([C@H]([C@]2(C)CO)CC[C@@]4([C@@H]3C=C[C@@]56[C@]4(C[C@@H]([C@@]7([C@H]5CC(CC7)(C)C)CO6)O)C)C)C)O[C@H]8[C@@H]([C@H]([C@@H]([C@H](O8)CO)O)O)O)O[C@H]9[C@@H]([C@H]([C@@H]([C@H](O9)CO)O)O)O)O,153940,ok,CMPD_C28DE351678E_Buddlejasaponin_IV.png,
2985,156582922,C/C=C/C=C\C=C\C=C/[C@H]\1C[C@@H](C=C/C1=C\CC(=O)O)[C@H](CC(=O)O)C2=CC=CC=C2/C=C\C=C\C=C/C=C/C,156582922,ok,CMPD_C29AD50BD2B4_youssoufene_A1.png,
2986,471119,C1C(C(OC(=O)C2=CC(=C(C(=C2C3=C(C(=C(C=C3C(=O)O1)O)O)O)O)O)O)C(C(C=O)O)OC(=O)C4=CC(=C(C(=C4)O)O)O)O,471119,ok,CMPD_C2A3C0B5657B_gemin_D.png,
2987,471119Â,,471119Â,failed,,400 Client Error: PUGREST.BadRequest for url: https://pubchem.ncbi.nlm.nih.gov/rest/pug/compound/cid/471119%C3%82/PNG?image_size=500x500
2988,101831153,CCCCCCCCCCCCCCCCCCCC(=O)O[C@@H]1CO[C@@H]([C@H]([C@@H]1O)O)CO,101831153,ok,CMPD_C2AA0FA2D1D4_8alpha-Acetoxyzaluzanin_C.png,
2989,5281603,COC1=C(C2=C(C=C1O)OC(=C(C2=O)OC)C3=CC(=C(C=C3)O)O)O,5281603,ok,CMPD_C2B675F7CB8E_axillarin.png,
2990,75263,CC(C)N=C=S,75263,ok,CMPD_C2D886F2D7F8_Isopropyl_isothiocyanate.png,
2991,101831885,C1=CC(=C(C(=C1)Cl)Cl)C(C2=C(C(=CC=C2)Cl)Cl)(C3=C(C=CC=C3O)O)S(=O)(=O)O,101831885,ok,CMPD_C2E884C7F9CC_8_9-epoxyparthenolide.png,
2992,13270010,C1=C(C=C(C(=C1O)O)O)C(=O)O[C@H]2[C@@H]([C@H](OC([C@@H]2OC(=O)C3=CC(=C(C(=C3)O)O)O)OC(=O)C4=CC(=C(C(=C4)O)O)O)CO)O,13270010,ok,CMPD_C3034D8AFFB7_1_2_3-tri-O-galloyl-D-glucose.png,
2993,11876195,C[C@]12CCC[C@@]([C@@H]1C[C@@H](CC2)C(=C)C(=O)O)(C)O,11876195,ok,CMPD_C329A77C9CD9_ilicic_acid.png,
2994,479503,CC(=CC[C@H](C1=CC(=O)C2=C(C=CC(=C2C1=O)O)O)O)C,479503,ok,CMPD_C33AFFD77744_Shikonin.png,
2995,14906,C=CC1=CC=CC=C1Cl,14906,ok,CMPD_C33B40306F05_Monopalmitin.png,
2996,102434455,C1=CC(=C(C=C1C(F)(F)F)CC(=O)OCCCSC2=C(C3=NC4=C(C(=C(N4)N=C5C(=C(C(=N5)N=C6C(=C(C(=N6)NC2=N3)SCCCOC(=O)CC7=C(C=CC(=C7)C(F)(F)F)F)SCCCOC(=O)CC8=C(C=CC(=C8)C(F)(F)F)F)SCCCOC(=O)CC9=C(C=CC(=C9)C(F)(F)F)F)SCCCOC(=O)CC1=C(C=CC(=C1)C(F)(F)F)F)SCCCOC(=O)CC1=C(C=CC(=C1)C(F)(F)F)F)SCCCOC(=O)CC1=C(C=CC(=C1)C(F)(F)F)F)SCCCOC(=O)CC1=C(C=CC(=C1)C(F)(F)F)F)F,102434455,ok,CMPD_C34A0993C752_6-hydroxyflavone_6-O-Î²-D-glucoside.png,
2997,78160,CSCCCCN=C=S,78160,ok,CMPD_C379B5FF46AC_4-methylthiobutyl_isothiocyanate.png,
2998,14605533,C[C@@H]1CC[C@@]2(CC[C@@]3(C(=CC[C@H]4[C@]3(CC[C@@H]5[C@@]4(C(=CC5(C)C)CO)C)C)[C@@H]2[C@]1(C)O)C)C(=O)O,14605533,ok,CMPD_C37C9DC88A56_Hyptadienic_acid.png,
2999,5320743,CC(=CCC[C@](C)(C1CCC2([C@@H]1[C@@H](CC3[C@]2(CCC4[C@@]3(CC[C@@H](C4(C)C)O)C)C)O)C)O)C,5320743,ok,CMPD_C39D9E980252_Kaempferol_3-p-coumarate.png,
3000,442530,C[C@@H]1CC2=C(C=C(C(=C2C(=O)O1)O)C(=O)N[C@@H](CC3=CC=CC=C3)C(=O)O)Cl,442530,ok,CMPD_C3A505CB9427_ochratoxin_A.png,
3001,10168662,COC1=C(C=C(C(=C1)C2=CC=CC=C2F)Cl)C(=O)N3CC4=CC=C(N4CC5=CC=CC=C53)C(=O)N(CC(CO)O)CC(C(CO)O)O,10168662,ok,CMPD_C3EAAAA70AFA_nilotinin_D9.png,
3002,9978650,CC(=O)O[C@]1(C[C@H]([C@]2([C@@H]1[C@@H](OC=C2)O[C@H]3[C@@H]([C@H]([C@@H]([C@H](O3)CO)O)O)O)O)O)C,9978650,ok,CMPD_C3F9558D5E5A_8-O-acetylharpagide.png,
3003,439148,C1=CC(=CC=C1C2=CC3=C(S2)C=CC(=C3)N=C(N)N)N=C(N)N,439148,ok,CMPD_C3FA6E3BCBF1_Arabinogalactan.png,
3004,24847856Â,,24847856Â,failed,,400 Client Error: PUGREST.BadRequest for url: https://pubchem.ncbi.nlm.nih.gov/rest/pug/compound/cid/24847856%C3%82/PNG?image_size=500x500
3005,643167,CCOC(=O)[C@@H](C)C(=O)C,643167,ok,CMPD_C3FA79F62F54_rho-cadinol.png,
3006,6267,C([C@@H](C(=O)O)N)C(=O)N,6267,ok,CMPD_C40580227D53_asparagine.png,
3007,146013,COC1=C(OC2=CC=CC=C2C1=O)C3=CC=CC=C3,146013,ok,CMPD_C4095B605FE8_3-methoxyflavone.png,
3008,5281333,C[C@]12C[C@H]([C@H]3[C@H]([C@]1(CC[C@@H]2C4=COC(=O)C=C4)O)CC[C@@]56[C@@]3([C@@H]7C[C@H](C5)OC(O7)(O6)C)C=O)O,5281333,ok,CMPD_C4341BC16FAD__5-avenasterol.png,
3009,44590821,C1=C(C=C(C(=C1O)C2=C(C=C(C=C2OC3=C(C=C(C=C3OC4=C(C=C(C=C4O)O)O)O)O)O)O)O)O,44590821,ok,CMPD_C43CC305FBEB_Fucodiphloroethol.png,
3010,10333020,C[C@]1(C[C@@H]([C@@H]2[C@@H]([C@H]1C(=C)CO)OC(=O)C2=C)O)C=C,10333020,ok,CMPD_C44F347035CD_Dehydromelitensin.png,
3011,577062,CC1=CC2C(CC1)C(=CCCC2(C)C)C,577062,ok,CMPD_C4665D623E06_Gamma-himachalene.png,
3012,16057860,CCCCCCCCCCCCCCCCCCC[C@H](CCCCCCCCC)O,16057860,ok,CMPD_C46B23AAA520_ginnol.png,
3013,131752302,CCCC/C=C\CCCCCCCCC/C=C\1/C(C(=C)OC1=O)O,131752302,ok,CMPD_C4851DCF8141_3_9-di-epi-samarcandin.png,
3014,101019623,CCCC1=CC=CC=C1OCC(F)(F)F,101019623,ok,CMPD_C4C57FF2CEDF_Arganine_A.png,
3015,9692361,C=CC/C(=N/OS(=O)(=O)[O-])/S[C@H]1[C@@H]([C@H]([C@@H]([C@H](O1)CO)O)O)O,9692361,ok,CMPD_C4ED70BDF454_allylglucosinolate.png,
3016,6432469,C[C@H]1CC[C@H](C(=O)C1)C(C)C,6432469,ok,CMPD_C50D663F6EAE_Isomenthone.png,
3017,637584,COC1=C(C=CC(=C1)[C@H]2[C@H]3CO[C@@H]([C@H]3CO2)C4=CC(=C(C=C4)O)OC)O,637584,ok,CMPD_C587B16B14AE_epipinoresinol.png,
3018,442836,COC1=CC(=CC(=C1O[C@H]2[C@@H]([C@H]([C@@H]([C@H](O2)CO)O)O)O)OC)[C@@H]3[C@H]4CO[C@@H]([C@H]4CO3)C5=CC(=C(C=C5)O)OC,442836,ok,CMPD_C58F20F403B0_Eucommin_A.png,
3019,91330887,CCCCCCCCCCCCCCCCCCCC(CCCCCCCC)(CCCCCCCCCC)CCO,91330887,ok,CMPD_C59AB7767682_3-decyl-3-octyldocosan-1-ol.png,
3020,7993,CN(C)CCCN,7993,ok,CMPD_C5A6C1F49330_Butyl_isothiocyanate.png,
3021,6436630,CCCCC/C=C\C/C=C\CCCCCCCC(=O)OC[C@H](CO)O,6436630,ok,CMPD_C5AC37E197CD_1-Monolinolein_trimethylsilyl_ether.png,
3022,134444383,CN1C(=C(C(=O)N(C1=O)C)NCC(=O)NC(=C)S/C(=C(/C2=CC=CO2)\N)/C3=CC=CO3)N,134444383,ok,CMPD_C5B9F30381F8_10-ethyl-8-phenyl-9H-pyrrolo_3_4_3_4_pyrrolo_2_1-a_phthalazine-9_11_10H_-dione.png,
3023,5462451,C[C@@H]([C@](C(=O)OCC1=CCN2[C@H]1[C@H](CC2)O)(C(C)(C)O)O)OC,5462451,ok,CMPD_C5BC14D3437E_europine.png,
3024,5281779,C1OC2=C(O1)C(=C3C(=C2)OC=C(C3=O)C4=CC=C(C=C4)O)O,5281779,ok,CMPD_C5EBF07876C0_irilone.png,
3025,11603504,CC1=C(C=CC(=C1)NC(=O)NC2=CC=C(C=C2)C3=C4C(=NN(C4=NC=C3)C)N)F,11603504,ok,CMPD_C60DB14AD24C_Suavissimoside_R.png,
3026,21626352,C[C@@H]1CC[C@@]2(CC[C@@]3(C(=CC[C@H]4[C@]3(CC[C@@H]5[C@@]4(C[C@H]([C@@H]([C@@]5(C)C(=O)O)O)O)C)C)[C@@H]2[C@]1(C)O)C)C(=O)O[C@H]6[C@@H]([C@H]([C@@H]([C@H](O6)CO)O)O)O,21626352,ok,CMPD_C60DB14AD24C_Suavissimoside_R.png,
3027,118701161,C[C@]12CCC3C(=CC(=O)C4[C@@]3(C[C@@H]([C@@H](C4)O)O)C)[C@@]1(CC[C@@H]2C(C)([C@@H](CCC(C)(C)O)O)O)O,118701161,ok,CMPD_C6110563D346_ecdysterone.png,
3028,119033,C1=CC=C(C=C1)[C@H](C#N)O[C@H]2[C@@H]([C@H]([C@@H]([C@H](O2)CO)O)O)O,119033,ok,CMPD_C62B6837DD84_prunasin.png,
3029,6429335,CSC/C=C/C#N,6429335,ok,CMPD_C66EBF8E68D8_Davanone.png,
3030,12620,CCCCCCCCCCCCCCCCCCCCCCO,12620,ok,CMPD_C68A055056DF_1-Docosanol.png,
3031,10091390,CC1=CN=CC2=C1C(=CC=C2)S(=O)(=O)N(CCCC3=CC=CC=C3)CCN,10091390,ok,CMPD_C699A5F43E45_vitexin_2_-O-rhamnoside.png,
3032,5874704,CC1C(C(C(C(O1)OC2C(C(C(OC2C3=C(C=C(C4=C3OC(=CC4=O)C5=CC=C(C=C5)O)O)O)CO)O)O)O)O)O,5874704,ok,CMPD_C699A5F43E45_vitexin_2_-O-rhamnoside.png,
3033,8346,CCCCCCCCOC(=O)C1=CC=CC=C1C(=O)OCCCCCCCC,8346,ok,CMPD_C6A82FFAB4CE_dioctyl_phthalate.png,
3034,128853,C1=C(C=C(C(=C1O)O)O)C2=[O+]C3=CC(=CC(=C3C=C2O)O)O,128853,ok,CMPD_C6AF58701BE9_Delphinidin.png,
3035,17903,CC=CC1=CC(=C(C=C1OC)OC)OC,17903,ok,CMPD_C6BD113DBF69_b-asarone.png,
3036,12302399,C[C@]12CC[C@H]3[C@H]([C@]1(CC[C@@H]2C4=CC(=O)OC4)O)CC[C@@H]5[C@@]3(CC[C@@H](C5)O)CO,12302399,ok,CMPD_C6BFAAFA3E47_coroglaucigenin.png,
3037,44562998,CC1=C(C(=O)O[C@H](C1)[C@@](C)([C@@]2(CC[C@@]3([C@@]2(CC[C@H]4[C@H]3CC=C5[C@@]4(C(=O)CC=C5)C)C)O)O)O)C,44562998,ok,CMPD_C6E9E371B324_withanolide_F.png,
3038,5319518,COC(=O)C1CC(=O)C2=C1C3=C(C(=C(C=C3C(=O)O2)O)O)O,5319518,ok,CMPD_C6F179B03C09_methyl_brevifolincarboxylate.png,
3039,14336535,C/C/1=C\CC/C(=C/CC(=C(C)C)CC/C(=C/CC1)/C)/C,14336535,ok,CMPD_C707D2DF4609_cembrene_C.png,
3040,12306128,C1=CC=C(C=C1)C(C#N)O[C@H]2[C@@H]([C@@H]([C@@H]([C@H](O2)CO[C@H]3[C@@H]([C@H]([C@@H]([C@H](O3)CO)O)O)O)O)O)O,12306128,ok,CMPD_C7082EF64768_4_10_14_-Cadinadiene.png,
3041,101031,CC(C)(C)CC(C)(C)OOC(=O)COC1=CC=CC=C1,101031,ok,CMPD_C74ABB67268C_Acroptillin.png,
3042,10168652,C1CN(C(CN1C(=O)CCC2=CC(=CC=C2)C(F)(F)F)C(=O)C3=CC(=CC(=C3)C(F)(F)F)C(F)(F)F)S(=O)(=O)CCCCl,10168652,ok,CMPD_C75032C45906_zygophylosides_H.png,
3043,8194,CCCCCCCCCCCC=O,8194,ok,CMPD_C7753686C4AF_Dodecanal.png,
3044,102431713,C1=CC=C(C=C1)OC2=CC=C(C=C2)C3=CNC(=O)C(=C4C=NC5=CC=CC=C54)N3,102431713,ok,CMPD_C778128024DF_S_-menthiafolic_acid.png,
3045,101372579,C1C[C@@H]2C=C[C@H]1[C@H]3[C@@]2(C=C(C4=NN=NN34)[N+](=O)[O-])[N+](=O)[O-],101372579,ok,CMPD_C7B84BED3F3C_Furfuraceol_B.png,
3046,12297,CCCCC(C)O,12297,ok,CMPD_C7BC17A26981_2-hexanol.png,
3047,10363,CC1CCC(=CC1=O)C(C)C,10363,ok,CMPD_C7F207F293EB_carvenone.png,
3048,177801,C[C@@H]1CC[C@@]2(CC[C@@]3(C4=CC[C@@H]5[C@@]([C@H]4CC[C@]3([C@@H]2[C@H]1C)C)(CC[C@@H](C5(C)C)OC(=O)C)C)C)C,177801,ok,CMPD_C80CDCDA4D8F_Baurenyl_acetate.png,
3049,76242Â,,76242Â,failed,,400 Client Error: PUGREST.BadRequest for url: https://pubchem.ncbi.nlm.nih.gov/rest/pug/compound/cid/76242%C3%82/PNG?image_size=500x500
3050,5318713,C[C@H]1[C@@H]([C@H]([C@H]([C@@H](O1)O[C@@H]2[C@H]([C@@H](O[C@@H]([C@@H]2OC(=O)/C=C/C3=CC(=C(C=C3)O)O)CO)OCCC4=CC=CC=C4)O)O)O)O,5318713,ok,CMPD_C82AB537DA57_quercetin-3-O-Î²-D-gentiobioside.png,
3051,11182062,C1[C@@H]([C@H](OC2=C1C(=CC(=C2[C@H]3[C@@H]([C@H](OC4=C(C(=CC(=C34)O)O)[C@H]5[C@@H]([C@H](OC6=CC(=CC(=C56)O)O)C7=CC(=C(C=C7)O)O)O)C8=CC(=C(C=C8)O)O)O)O)O)C9=CC(=C(C=C9)O)O)O,11182062,ok,CMPD_C83641DCB02B_procyanidin_C2.png,
3052,181121,CN1C(C2=C(C=CC(=C2OC)OC)C3=C1C4=CC5=C(C=C4C=C3)OCO5)CO,181121,ok,CMPD_C8465944BF9F_bocconoline.png,
3053,10446,CC(C)CCCC(C)CCCC(C)CCCC(=C)C=C,10446,ok,CMPD_C858A4DE51AA_neophytadiene.png,
3054,10419356,CC(C)(C)C1=CC(=C)C(=C)O1,10419356,ok,CMPD_C866D923B8B2_Cynarasaponin_B.png,
3055,5280804,C1=CC(=C(C=C1C2=C(C(=O)C3=C(C=C(C=C3O2)O)O)O[C@H]4[C@@H]([C@H]([C@@H]([C@H](O4)CO)O)O)O)O)O,5280804,ok,CMPD_C86C25059B2D_Quercetin-3-O-Î²-D-glucopyranoside.png,
3056,12363,C1CCC=CCC1,12363,ok,CMPD_C86E353D798C_Amyl_furan.png,
3057,15549893,COC1=CC(=C(C=C1)C(=O)CCC2=CC=C(C=C2)O)OC,15549893,ok,CMPD_C87766EDDDB1_4-hydroxy-2_4-dimethoxydihydrochalcone.png,
3058,442665,C[C@H]1[C@@H]([C@H]([C@H]([C@@H](O1)C2=C3C(=C(C(=C2O)[C@H]4[C@@H]([C@H]([C@@H]([C@H](O4)CO)O)O)O)O)C(=O)C=C(O3)C5=CC=C(C=C5)O)O)O)O,442665,ok,CMPD_C8BAA7A49B37_violanthin.png,
3059,101140029,CN1CCC2=CC(=C(C3=C2[C@H]1C[C@]34CC[C@H](C=C4)O)O)OC,101140029,ok,CMPD_C8DC9E50AEC1_capparisine_B.png,
3060,229016,C1=CC=C2C(=C1)C(=O)C=C(O2)C3=CC=C(C=C3)O,229016,ok,CMPD_C8EE0571E033_4_-Hydroxyflavone.png,
3061,5318999,COC1=C(C=CC(=C1O)O)/C=C/C(=O)C2=CC=C(C=C2)O,5318999,ok,CMPD_C8F8774DF7F3_licochalcone_B.png,
3062,11095734,C[C@@H]1CC[C@@H]2[C@@H]1[C@H]3[C@H](C3(C)C)CCC2=C,11095734,ok,CMPD_C91242308419_aromadendrene.png,
3063,53477765,CC1=C(C(=O)O[C@H](C1)[C@@](C)([C@H]2CC[C@@H]3[C@@]2(CC[C@H]4[C@H]3C[C@@H]5C6([C@@]4(C(=O)C=C[C@@H]6O)C)O5)C)O)C,53477765,ok,CMPD_C920B4BA27CC_withanolide.png,
3064,265237,CC1=C(C(=O)O[C@H](C1)[C@@H](C)[C@H]2CC[C@@H]3[C@@]2(CC[C@H]4[C@H]3C[C@@H]5[C@]6([C@@]4(C(=O)C=C[C@@H]6O)C)O5)C)CO,265237,ok,CMPD_C920B4BA27CC_withanolide.png,
3065,139989,CCCC(C)CC(C)CC,139989,ok,CMPD_C9271F19F737_octane_3_5-dimethyl.png,
3066,10168661,C1CN(C(CN1C(=O)C2=CC(=CC(=C2)C(F)(F)F)C(F)(F)F)C(=O)NCC3=CC=C(C=C3)C(F)(F)F)S(=O)(=O)CCCCl,10168661,ok,CMPD_C93D4ADA13BE_Silenegallisaponin_E.png,
3067,56842239,CC/C=C\C/C=C\C/C=C\CCCCCCCC(=O)O.CC/C=C\C/C=C\C/C=C\C/C=C\C/C=C\CCCC(=O)O.CC/C=C\C/C=C\C/C=C\C/C=C\C/C=C\C/C=C\CCC(=O)O,56842239,ok,CMPD_C95DC9991E0B_Omega-3.png,
3068,51340744,C[C@H]1C=C(C(=O)[C@H]2[C@@H]1O2)C,51340744,ok,CMPD_C963312E1476_Epiepoformin.png,
3069,16213264,[Ge]=[Te],16213264,ok,CMPD_C9641A974A02_Zinc.png,
3070,21671,CC1=CCC(CC1)C(C)C,21671,ok,CMPD_C976F0E1F2A9_menthene.png,
3071,12303902,CC1=CC[C@H]2[C@H]3[C@@H]1[C@@]2(CC[C@H]3C(C)C)C,12303902,ok,CMPD_C979E5C46F21_copaene.png,
3072,24526,ClCl,24526,ok,CMPD_C9814133D2F9_chlorine.png,
3073,6428431,CC(=CC(=O)/C=C(\C)/C=C)C,6428431,ok,CMPD_C9914BCD5DBE__E_-tagetenone.png,
3074,5365778,CC1=CCC(CC1)/C=C/C(=O)O,5365778,ok,CMPD_C9914BCD5DBE__E_-tagetenone.png,
3075,5281127,CCCCCC/C=C/CCCCCCCCCC(=O)O,5281127,ok,CMPD_C99F72F316E2_trans-Vaccenic_acid.png,
3076,8468,COC1=C(C=CC(=C1)C(=O)O)O,8468,ok,CMPD_C9BF83CC0D30_Vanillic_acid.png,
3077,31249,CCOC(=O)CCC(=O)OCC,31249,ok,CMPD_C9E06461DB2C_diethyl_succinate.png,
3078,10931,CC(=CC(=O)O)C,10931,ok,CMPD_C9E50033C32D_3-methyl-2-butenoic_acid.png,
3079,65064,C1[C@H]([C@H](OC2=CC(=CC(=C21)O)O)C3=CC(=C(C(=C3)O)O)O)OC(=O)C4=CC(=C(C(=C4)O)O)O,65064,ok,CMPD_C9FE33045CAA_epigallocatechin_3-O-gallate.png,
3080,Â 127406,,Â 127406,failed,,400 Client Error: PUGREST.BadRequest for url: https://pubchem.ncbi.nlm.nih.gov/rest/pug/compound/cid/%C3%82%C2%A0127406/PNG?image_size=500x500
3081,887,CO,887,ok,CMPD_CA29FAEAB6A0_methyl_alcohol.png,
3082,10168677,CC1(CCC2C1(CC(C3C2C(CC4=C3C=CC(=C4)O)CCCCCN(C)CCCCCCCC(C(C(F)(F)F)(F)F)(F)F)F)C)O,10168677,ok,CMPD_CA33A6ADD576_hierochins_A.png,
3083,180,CC(=O)C,180,ok,CMPD_CA3B4A87BF17_Acetone.png,
3084,131752322,COC1=CC(=C2C(=C1)OC(=C(C2=O)OC3C(C(C(C(O3)CO)O)O)OC4C(C(C(C(O4)CO)O)O)O)C5=CC(=C(C=C5)O)OC)O,131752322,ok,CMPD_CA5D7A6CEABF_Semipapposide_M.png,
3085,15406,CC1(C2CCC(C2)(C1O)C)C,15406,ok,CMPD_CA6AAE9E6451_fenchol.png,
3086,15233950,C1=CC=C(C=C1)C2=C(C(=O)C3=C(O2)C=C(C(=C3O)O)O)O,15233950,ok,CMPD_CA7DD4AB101F_tetrahydroxyflavone.png,
3087,32031,CC1=CC(=C(C=C1)C(=O)OC)C,32031,ok,CMPD_CA827B0CA4A6_methyl-2_4-dimethylbenzoate.png,
3088,10034839,COC1=CC(=O)OC(=C1)CO,10034839,ok,CMPD_CA8989F61471_opuntiol.png,
3089,4668,CCCCCCC=CCCCCCCCC(=O)O,4668,ok,CMPD_CA9E2B8A166C_9-hexadecenoic_acid.png,
3090,11043,C1=CC2=C(C(=C(C=C2S(=O)(=O)O)I)O)N=C1,11043,ok,CMPD_CAA6B7D7CF2E_alpha-Cyperone.png,
3091,240,C1=CC=C(C=C1)C=O,240,ok,CMPD_CAE91E45AED8_Benzaldehyde.png,
3092,44578390,COC1=C(C=CC(=C1)[C@@H]2[C@H]3CO[C@@H]([C@H]3C(=O)O2)C4=CC(=C(C=C4)O)OC)O,44578390,ok,CMPD_CAEA96D401FF_4-ketopinoresinol.png,
3093,13187,CCCCCCCC(=O)C,13187,ok,CMPD_CAEB303B61BB_2-nonanone.png,
3094,7127,COC1=C(C=C(C=C1)CC=C)OC,7127,ok,CMPD_CAEBF4AF28BB_methyl_eugenol.png,
3095,10141620,C1[C@H](CN([C@@H]1C(=O)NNS(=O)(=O)C2=CC=CS2)S(=O)(=O)C3=CC4=CC=CC=C4C=C3)S,10141620,ok,CMPD_CB02ED8E7A9A_Anastatins_A.png,
3096,61303,CCCCCCCCCCCCCC(=O)C,61303,ok,CMPD_CB04CA5DFB56_2-pentadecanone.png,
3097,11843232,C[C@H]1[C@@H]([C@H]([C@H]([C@@H](O1)OC[C@@H]2[C@@H]([C@@H]([C@H]([C@@H](O2)OC3=C(OC4=CC(=CC(=C4C3=O)O)O[C@H]5[C@@H]([C@@H]([C@H]([C@@H](O5)C)O)O)O)C6=CC=C(C=C6)O)O[C@H]7[C@@H]([C@@H]([C@H]([C@@H](O7)C)OC(=O)C)O)OC(=O)C)O)OC(=O)/C=C/C8=CC=C(C=C8)O)O)O)O,11843232,ok,CMPD_CB410AD678AC_herbalbin.png,
3098,629965,COC1=C(C(=CC=C1)OC)C2=CC(=O)C3=C(O2)C=CC(=C3OC)OC,629965,ok,CMPD_CB6F41619C29_Zapotin.png,
3099,114856,CCC(C)C1C(=O)NCC(=O)NC2CS(=O)C3=C(CC(C(=O)NCC(=O)N1)NC(=O)C(NC(=O)C4CC(CN4C(=O)C(NC2=O)CC(=O)N)O)C(C)CC)C5=C(N3)C=C(C=C5)O,114856,ok,CMPD_CB94D5CAD535_Olean-13_18_-ene.png,
3100,101456950,COC1=CC(=C(C=C1)OC)C(=O)[C@H](C(CC(=O)C2=CC=CC=C2)C3=CC=CC=C3)OC(C4=CC=CC=C4)C5=CC=CC=C5,101456950,ok,CMPD_CBED9AE9E962_Muurola-4_10_14_-dien-1-beta-ol.png,
3101,5318760,C[C@H]1[C@@H]([C@H]([C@H]([C@H](O1)O)O)O)O[C@@H]2[C@@H]([C@@H]([C@H]([C@@H](O2)CO)O[C@@H]3[C@@H]([C@H]([C@H]([C@@H](O3)C)OC4=C(OC5=CC(=CC(=C5C4=O)O)O)C6=CC=C(C=C6)O)C=O)C=O)O)O,5318760,ok,CMPD_CBFC9402C5FA_3-O-methyl-kaempferol.png,
3102,5281673,C[C@H]1[C@@H]([C@H]([C@H]([C@@H](O1)OC2=C(OC3=CC(=CC(=C3C2=O)O)O)C4=CC(=C(C(=C4)O)O)O)O)O)O,5281673,ok,CMPD_CBFC9402C5FA_3-O-methyl-kaempferol.png,
3103,6616,CC1(C2CCC(C2)C1=C)C,6616,ok,CMPD_CC08C245C80B_Comphene.png,
3104,101533,CN(C)CCOC(=O)C(C1=CC=CC=C1)(C2=CC=CC=C2)O.Cl,101533,ok,CMPD_CC0AAF3DAD16_Furostane.png,
3105,91746712,C[C@H]1CCC2C1[C@@H]3[C@@H](C3(C)C)CCC24CO4,91746712,ok,CMPD_CC0D56AC6BAD_aromadrene_epoxide_allo.png,
3106,102431707,C1=CC=C(C=C1)C(=O)C(=O)NCC(=O)C2=CNC3=CC=CC=C32,102431707,ok,CMPD_CC84D1A1FE7C__-Syringaresinol-4_-O-beta-D-glucoside.png,
3107,44258472,C1OC2=C(O1)C(=C3C(=C2)OC(=CC3=O)C4=CC=C(C=C4)O)O,44258472,ok,CMPD_CC8BD4962C41_kanzakiflavone-2.png,
3108,11046487,COC(=[Cr])CC(C1=CC=CC=C1)O,11046487,ok,CMPD_CC91F1EAA47B_Cynaratriol.png,
3109,546976,CCCCCCCCCCCCCCC(C)C=O,546976,ok,CMPD_CCA23E381C2E_2-methyl-hexadecanal.png,
3110,101372572,C1C[C@H]2C=C[C@@H]1[C@@H]3[C@]2(C=C(C4=NON=C34)[N+](=O)[O-])[N+](=O)[O-],101372572,ok,CMPD_CCB853828FEF_Carissaeduloside_J.png,
3111,10406203,CC(=O)O[C@@H]1[C@H](OC2=CC(=CC(=C2C1=O)O)OC)C3=CC(=C(C=C3)O)O,10406203,ok,CMPD_CD0735FF8C64_3-O-acetylpadmatin_2_R_3_R_-3-acetoxy-5_3_4_-trihydroxy-7-methoxyflavanone.png,
3112,158311,COC1=C(C=C(C(=C1)C2=CC(=O)C3=C(C(=C(C=C3O2)OC)OC)O)O)O,158311,ok,CMPD_CD07EFA9D99F_Arcapillin.png,
3113,131752307,CC(CCC1=C2C(=C(C=C1O)O)C(=O)C(CO2)C3=C(C=C(C=C3)O)O)CO,131752307,ok,CMPD_CD3294B77378_Preussilides_C.png,
3114,10891543,CC1=CC=C(C=C1)C(C(C(=O)C)(Cl)Cl)OC(=O)C,10891543,ok,CMPD_CD3CD9B30F2D_alpha-Cuprenene.png,
3115,62433,CCCCCOC(=O)CCCC,62433,ok,CMPD_CD41AA874F90_Amyl_valerate.png,
3116,101429961,C(#N)C12C(C(C1(F)F)(C2(F)F)C#N)(F)F,101429961,ok,CMPD_CD49E6AE3F75_Ethyl_alpha-L-arabinofuranoside.png,
3117,13342,CC[C@@]1(C[C@H]2C[C@@](C3=C(CCN(C2)C1)C4=CC=CC=C4N3)(C5=C(C=C6C(=C5)[C@]78CCN9[C@H]7[C@@](C=CC9)([C@H]([C@@]([C@@H]8N6C)(C(=O)OC)O)OC(=O)C)CC)OC)C(=O)OC)O,13342,ok,CMPD_CD8F329E7280_vinblastine.png,
3118,15559403,CC[C@H](CC[C@@H](C)C1CC[C@@H]2[C@@]1(CC[C@H]3[C@@H]2CC[C@@H]4[C@@]3(CC[C@H](C4)O)C)C)C(C)C,15559403,ok,CMPD_CDA75758E07C_conoidene.png,
3119,78646,COC(=O)[C@@H]1CCC(=O)N1,78646,ok,CMPD_CDB427A41709_Methyl_pyroglutamate.png,
3120,76334042,C/C=C(/C)\C(=O)O[C@@H]1CC[N+]2([C@@H]1C(=CC2)COC(=O)[C@@]([C@H](C)O)(C(C)(C)O)O)[O-],76334042,ok,CMPD_CDC1F2091BC8_Echimidine_N-oxide.png,
3121,3001497,C1[C@@H]2[C@@H]3[C@@H]([C@H]([C@@H](O2)OC(=O)C4=CC(=C(C(=C4)O)O)O)OC(=O)C5=CC(=C(C6=C5[C@@H]7C(=CC(=O)[C@@](C7(O)O)(O6)O)C(=O)O3)O)O)OC(=O)C8=CC(=C(C(=C8C9=C(C(=C(C=C9C(=O)O1)O)O)O)O)O)O,3001497,ok,CMPD_CDD90347C53C_geraniin.png,
3122,91456,C[C@H]1[C@H]2C[C@]2(CC1=O)C(C)C,91456,ok,CMPD_CDE6FD0DFA68_Trans-Thujone.png,
3123,8133,CCCCOCCO,8133,ok,CMPD_CDEB05A94661_2-butoxyethanol.png,
3124,5281855,C1=C2C3=C(C(=C1O)O)OC(=O)C4=CC(=C(C(=C43)OC2=O)O)O,5281855,ok,CMPD_CE027F20EBE0_Ellagic_acid.png,
3125,439538,C1[C@H]([C@@H]([C@H]([C@@H](O1)O[C@@H]2COC([C@@H]([C@H]2O)O)O)O)O)O,439538,ok,CMPD_CE1A03287313_1_4-D-xylobiose.png,
3126,326995,CC(C)C1=C(C=CC2=C1CCC3C2(CCCC3(C)C)C)O,326995,ok,CMPD_CE2BB8122699_Trans-totarol.png,
3127,6432211,CC(C)C1=CC2=C(C=C1)[C@]3(CCCC([C@@H]3CC2)(C)C)C,6432211,ok,CMPD_CE4DB41736FA_abietatriene.png,
3128,101630422,C[C@@]12CC(=O)CC([C@H]1CC[C@]34[C@H]2CC[C@H](C3)C(=C)C4)(CO)CO,101630422,ok,CMPD_CE5C88CD72E0_Psiadin.png,
3129,5362955,C1CCCN(CC1)/C=C(/CCl)\Cl,5362955,ok,CMPD_CE9E4EC28519_p-Mentha-1_3_8-triene.png,
3130,5353110,CCCCCCCC/C=C/COC(=O)COC(=O)C,5353110,ok,CMPD_CEA04EF1D070__E_-2-Decen-1-ol.png,
3131,5364491,CCCC/C=C/CCCBr,5364491,ok,CMPD_CEA04EF1D070__E_-2-Decen-1-ol.png,
3132,90116889,C1=C(C=C(C(=C1O)O)O)C(=O)C(=O)[C@@](C(=O)C2=CC(=C(C(=C2)O)O)O)([C@@]([C@@H]([C@@H](CO)O)O)(C(=O)C3=CC(=C(C(=C3)O)O)O)O)O,90116889,ok,CMPD_CEA92657F22A_Trigalloyl_glucose.png,
3133,442353,CC1=CC[C@@]2(CC1)C(=C)CCCC2(C)C,442353,ok,CMPD_CEB8FAD6925C_beta-Bisabolene.png,
3134,441356,CCC(C)[C@@H]1[C@H](CC[C@@]2(O1)C[C@@H]3C[C@H](O2)CC=C([C@H]([C@H](C=CC=C4CO[C@H]5[C@@]4([C@@H](C=C([C@H]5O)C)C(=O)O3)O)C)O[C@H]6C[C@@H]([C@H]([C@@H](O6)C)O[C@H]7C[C@@H]([C@H]([C@@H](O7)C)O)OC)OC)C)C,441356,ok,CMPD_CEB8FAD6925C_beta-Bisabolene.png,
3135,10104370,CC1=CC[C@H](CC1)C(=C)CCC=C(C)C,10104370,ok,CMPD_CEB8FAD6925C_beta-Bisabolene.png,
3136,62465,CCC1=CC(=C(C=C1)O)OC,62465,ok,CMPD_CED4FE57A70B_4-ethyl_guaiacol.png,
3137,11622,CCCCCCCCCCCC(=O)C,11622,ok,CMPD_CEE04485F7CD_tridecanone-2.png,
3138,10209,CC1=C(C2=CC=CC=C2C(=C1)O)O,10209,ok,CMPD_CEE83D3AC9D9_5_8-dimethoxy_psoralen.png,
3139,14257,CCCCCCCCCCC,14257,ok,CMPD_CEEB73556FEE_hendecane.png,
3140,21677322,CC(=O)SC(C1=CC=CC=C1)S(=O)CC2=CC=CC=C2,21677322,ok,CMPD_CF1E3AD1E72F_3beta_20-dihydroxylupane-28-oic_acid.png,
3141,7028,C[C@@H]([C@H](C1=CC=CC=C1)O)NC,7028,ok,CMPD_CF400A407F5D_Pseudoephedrine.png,
3142,101258661,CN(C)C(C1=NC=C(O1)N2CCOCC2)C(C3=CC=CC=C3)O[Si](C)(C)C,101258661,ok,CMPD_CF61E50F1381_5-hydroxy-2-methoxy-1-methylindole-3-carboxaldehyde.png,
3143,10860840,CCCCCCCCCCOC1=CC2=CC=CC=C2C=C1C(=O)NO,10860840,ok,CMPD_CF961A955D09_methyl_2-amino-3-methoxy_benzoate.png,
3144,131752124,CCC(C)C(=O)OC1C(OC(C(C1OC2C(C(C(C(O2)CO)O)O)O)OC3C(C(C(C(O3)C)O)O)O)OC(=O)C45CCC(CC4C6=CCC7C8(CCC(C(C8CCC7(C6(CC5)C)C)(C)CO)OC9C(C(C(C(O9)C(=O)O)O)O)OC1C(C(C(C(O1)CO)O)O)O)C)(C)C(=O)OC)C,131752124,ok,CMPD_CF96EBACEFDE_euphelionolides_L.png,
3145,44259439,C1[C@@H](C(C([C@@H](O1)OC2=C(OC3=CC(=CC(=C3C2=O)O)O)C4=CC(=C(C(=C4)O)O)O)O)O)O,44259439,ok,CMPD_CFA0D6122E32_3-O-alpha-L-rhamnopyranosyl_myricetin.png,
3146,11082531,C[N+](C)(C)C1=CC=CC(=C1)C(=O)OCCCCCCCCCN2C=CC3=C2C=CC(=C3)[N+](=O)[O-],11082531,ok,CMPD_CFC77FD03987_Faradiol_3-O-palmitate.png,
3147,76922,C=CCCN=C=S,76922,ok,CMPD_CFEBD4C4ACED_Butenyl_isothiocyanate.png,
3148,643162,C1=C2C(=NC=NC2=O)N(N1)CCC(=O)O,643162,ok,CMPD_D0116E3B5A00__-muurolene.png,
3149,92785,C[C@]12CCC(C[C@H]1[C@@]3(CC[C@@H]4[C@]5(CCC(=O)C([C@@H]5CC[C@]4(C3=CC2)C)(C)C)C)C)(C)C,92785,ok,CMPD_D019FDD693EF_Taraxerone.png,
3150,14194010,C[C@@H]1CC[C@@]2(CC[C@@]3(C(=CC[C@H]4[C@]3(CC[C@@H]5[C@@]4(CC[C@@H](C5(C)C)O[C@H]6[C@@H]([C@H]([C@@H]([C@H](O6)CO)O)O)O)C)C)[C@@H]2[C@H]1C)C(=O)O)C(=O)O[C@H]7[C@@H]([C@H]([C@@H]([C@H](O7)CO)O)O)O,14194010,ok,CMPD_D03A45E938F8_zygophylosides_E.png,
3151,10091388,CC1=CC=C(C=C1)S(=O)(=O)N2[C@@H]([C@H]2C(=O)C(C)(C)C)/C=C/C3=CC=CC=C3,10091388,ok,CMPD_D03A45E938F8_zygophylosides_E.png,
3152,102008892,CC1=CC=CC=[C]1.CC1=CC=CC=[C]1.CC1=CC=CC=[C]1.C1=C[C+](C=C[CH+]1)S(#N)([O-])[O-].[Bi],102008892,ok,CMPD_D047DF0258A1__S_-3_4-Dihydroturmerone.png,
3153,4762,CC1C(OCCN1)C2=CC=CC=C2,4762,ok,CMPD_D0651846D18C_Phenmetrazine.png,
3154,174,C(CO)O,174,ok,CMPD_D094700E379F_glycol.png,
3155,102213709,C[C@H]1CC[C@@H]([C@H](C1)OC(=O)[C@@H]2CCCP2C3=CC=CC=C3)C(C)C,102213709,ok,CMPD_D0A0512B152B_Herniaria_saponin_B.png,
3156,439247,CCCCCCCCC=CCCCCCCCC(=O)SCCNC(=O)CCNC(=O)C(C(C)(C)COP(=O)(O)OP(=O)(O)OC[C@@H]1[C@H]([C@H]([C@@H](O1)N2C=NC3=C(N=CN=C32)N)O)OP(=O)(O)O)O,439247,ok,CMPD_D0B2C4C9665B_3-beta-D-fucopyranoside.png,
3157,517973,CC(C)C1CCC(=C)CC1,517973,ok,CMPD_D0BFDAD80C55_delta-terpinene.png,
3158,76972451,C1CCN2C[C@H]3C[C@@H]([C@@H]2C1)CN4[C@@H]3[C@H](CCC4)O,76972451,ok,CMPD_D0D317160979_retamine.png,
3159,6427387,C[C@H](C1CCC2C1(CCC3C2CCC4=CC(=O)CCC34C)C)C(CCC(C)C)O[Si](C)(C)C,6427387,ok,CMPD_D0D49E65EBBB_linalool_oxide.png,
3160,22310,CC1(CCC(O1)C(C)(C)O)C=C,22310,ok,CMPD_D0D49E65EBBB_linalool_oxide.png,
3161,605542,CN1CCC2=CC3=C(C=C2C14CC5=C(C4O)C6=C(C=C5)OCO6)OCO3,605542,ok,CMPD_D0F89504E23A_dihydrofumariline.png,
3162,91747538,CC(C)C1=C(C=C2C(=C1)CC[C@H]3[C@@]2(CCCC3(C)C)C)O,91747538,ok,CMPD_D0FBBAF4D58C_cis-ferruginol.png,
3163,5281437,C/C/1=C\CC/C(=C/[C@@H]2[C@@H](CC1)C(=C)C(=O)O2)/C,5281437,ok,CMPD_D104036BFB8E_Costunolide.png,
3164,132604855,C1=CC(=C(C=C1C[C@H](C(=O)O[C@H]2[C@@H]([C@H]([C@@H]([C@H](O2)CO)O)O)O)OC(=O)/C=C/C3=CC(=C(C=C3)O)O)O)O,132604855,ok,CMPD_D11B90DF1CC6_Rosmarinic_acid_3-glucoside.png,
3165,131751481,C1=CC(=C(C=C1CC(C(=O)O)OC(=O)/C=C\C2=CC(=C(C=C2)O)OC3C(C(C(C(O3)CO)O)O)O)O)O,131751481,ok,CMPD_D11B90DF1CC6_Rosmarinic_acid_3-glucoside.png,
3166,10393,C1=CC(=CC=C1CCO)O,10393,ok,CMPD_D126C72D12A4_tyrosol.png,
3167,521302,CC1CCC23C1CC(C2(C)C)CCC3=C,521302,ok,CMPD_D12B3FC39ED6_gamma-patchoulene.png,
3168,10891541,COC(=O)/C=C(/CCCCl)\I,10891541,ok,CMPD_D12B3FC39ED6_gamma-patchoulene.png,
3169,120531,CC1=CC=C(C=C1)C(=O)CCN2CCCCC2.Cl,120531,ok,CMPD_D12DC95CBB8E_11-oxo-beta-Amyrin.png,
3170,5462912,CCCCC/C=C/C/C=C/CCCCCCCCO,5462912,ok,CMPD_D135E75C88D9_octadeca-9_12-dien-1-ol.png,
3171,6430770,C/C/1=C\CC/C(=C/C/C=C(\C=C\C(CC1)C(C)C)/C)/C,6430770,ok,CMPD_D1378B589703_Cembrene.png,
3172,9548702,C[C@@H]1CC[C@@]23C[C@@H]1C([C@@H]2CC[C@H]3C)(C)C,9548702,ok,CMPD_D19852E224FD_cedrane.png,
3173,5280657,C(C(=C(O)O)/C=C/C(=O)C(=O)O)C(=O)O,5280657,ok,CMPD_D1D89E31CF95_2-O-alpha-L-rhamnosylorientin.png,
3174,5357283,COC1=C(C=CC(=C1)/C=C/C(=O)OC)O,5357283,ok,CMPD_D1EFCB9AC426_Methyl_ferulate_3-O-sulphate.png,
3175,356,CCCCCCCC,356,ok,CMPD_D20016547F48_Octane.png,
3176,16733738,C[C@]12CCCC([C@@H]1CCC(=C)[C@@H]2/C=C/C3=CCOC3=O)(C)C,16733738,ok,CMPD_D207FE5FF4B0_villosin.png,
3177,102072050,CC(C)N(C(C)C)P(OCC[Si](C)(C)C)O[C@H]1C[C@@H](O[C@@H]1COC(C2=CC=CC=C2)(C3=CC=C(C=C3)OC)C4=CC=C(C=C4)OC)N5C=CC(=NC5=O)NC(=O)OCC[Si](C)(C)C,102072050,ok,CMPD_D20F8E831B68_amorfrutin_F.png,
3178,906525,C/C=C(\C)/C(=O)OC(C)(C)[C@@H]1CC2=C(O1)C=C3C(=C2)C=CC(=O)O3,906525,ok,CMPD_D210E283B122_deltoin.png,
3179,102146911,COC(=O)C1=CC(=C=C(C1)C2=CC=CC=N2)C3=CC=CC=N3,102146911,ok,CMPD_D22AD00CFCE2_ferunide.png,
3180,10115045,COC1=NC=C(C=C1)C(CC(=O)O)N2CCN(C2=O)CCCC3=NC4=C(CCCCN4)C=C3,10115045,ok,CMPD_D22AD00CFCE2_ferunide.png,
3181,101915806,CC(C)CC(=O)O[C@H]1[C@H]2[C@H](C[C@@H]([C@@]2(COC(=O)C)O)O)C(=CO1)CO[C@H]3[C@@H]([C@H]([C@@H]([C@H](O3)CO)O)O)OC(=O)/C=C\C4=CC=C(C=C4)O,101915806,ok,CMPD_D276598047CF_viburtinoside_III.png,
3182,44257826,C1=CC(=CC=C1/C=C/C(=O)OCC2[C@H]([C@@H](C([C@@H](O2)OC3=CC(=C4C(=C3)OC(=CC4=O)C5=CC=C(C=C5)O)O)O)O)O)O,44257826,ok,CMPD_D29115278EB4_Apigenin_7-_6_-p-coumaroylglucoside.png,
3183,20831623,C/C/1=C\CCC(=C)[C@@H]2CC([C@H]2CC1)(C)C,20831623,ok,CMPD_D2920B71C65E_Beta_caryophyllene.png,
3184,14595267,CCCCOP(=O)(C(C1=CC=CC=C1)NC(=O)OCC2=CC=CC=C2)OCCCC,14595267,ok,CMPD_D2BCCD95F531_24-Norurs-12-ene.png,
3185,92770,CC1CCC2C1C(=O)OC=C2C,92770,ok,CMPD_D2D0820F9307_Nepetalactone.png,
3186,657272,C[N+](C)(C)CCOP(=O)([O-])OC[C@@H](CO)O,657272,ok,CMPD_D2E1FF523639_glycerophosphorylcholine.png,
3187,10335933,CC1=C2C=C3CC[C@H]4[C@]([C@@H]3C[C@H]2OC1=O)(CC[C@@H](C4(C)C)O)C,10335933,ok,CMPD_D2F2B7A4B91A_helioscopinolide_B.png,
3188,2345,C1=CC=C(C=C1)COC(=O)C2=CC=CC=C2,2345,ok,CMPD_D2F75E8204FE_benzyl_benzoate.png,
3189,12327,CCCCCCCCCCC(=O)OCC,12327,ok,CMPD_D319693422BF_1octen-3-ol.png,
3190,76966357,CC(=C)[C@H]1[C@@H]2C[C@]3([C@@]4(CO4)[C@H]5[C@@H]([C@]3([C@H]1C(=O)O2)O)O5)C,76966357,ok,CMPD_D31B9CDA1F0E_Coriamyrtin.png,
3191,3083923,C[C@H]1[C@@H]2[C@H](CC(=C3[C@@H]([C@H]2OC1=O)C(=CC3=O)C)C)OC(=O)C,3083923,ok,CMPD_D34033680B2D_matricarin.png,
3192,94147,CC(C)[C@@]12C[C@@H]1C(=C)[C@@H](C2)O,94147,ok,CMPD_D345310712C2_Sabinol.png,
3193,10168651,CC1(C2=CC=CC=C2[N+](=C1/C=C/C=C/C=C/3\C(C4=C(N3CCCSC(=N)N)C=CC(=C4)S(=O)(=O)O)(C)C)CCCSC(=N)N)C,10168651,ok,CMPD_D38EC3EBC9A0_ent-trachylobane-2beta_6beta_19-triol.png,
3194,5281602,C1=CC(=CC=C1C2=CC(=O)C3=C(C=C(C=C3O2)O[C@H]4[C@@H]([C@H]([C@@H]([C@H](O4)COC(=O)CC(=O)O)O)O)O)O)O,5281602,ok,CMPD_D390F96F218B_Biapigenin.png,
3195,129885398,CC[C@H](C=C[C@@H](C)[C@H]1CC[C@@H]2[C@@]1(CC[C@H]3[C@H]2CC=C4[C@@]3(CCC(C4)OC(=O)C)C)C)C(C)C,129885398,ok,CMPD_D3CC7B52DD5F_stigmasta-5_22-dien-3-ol_acetate.png,
3196,315227,COC1=CC2=C(C=C1)C(=O)C3C(O2)COC4=CC(=C(C=C34)OC)OC,315227,ok,CMPD_D3D3046C3F10_munduserone.png,
3197,8834,CCC(=O)OCCC(C)CCC=C(C)C,8834,ok,CMPD_D3DEF96920F3_citronellyl_propionate.png,
3198,10156,CC(=O)NC1CCC2=CC(=C(C(=C2C3=CC=C(C(=O)C=C13)O)OC)OC)OC,10156,ok,CMPD_D3EF176817C5_7-hydroxycoumarin.png,
3199,5281426,C1=CC(=CC2=C1C=CC(=O)O2)O,5281426,ok,CMPD_D3EF176817C5_7-hydroxycoumarin.png,
3200,8063,CCCCC=O,8063,ok,CMPD_D3F9D09C5EC2_methylpalmitate.png,
3201,182270,C1[C@@H]([C@H](OC2=C1C(=CC3=C2C4=CC(=O)[C@@]5(CC4(O3)[C@@H]6[C@@H](O5)CC7=C(C=C(C=C7O6)O)O)O)O)C8=CC(=C(C=C8)O)O)O,182270,ok,CMPD_D3FB297410E2_dehydrodicatechin_A.png,
3202,102209148,CCC[CH2].CCC[CH2].CCC[CH2].CC(=O)OC1=C=C[C](C=C1)C[C@@H](C(=O)OC)NC(=O)OC(C)(C)C.[Sn],102209148,ok,CMPD_D40D6D981D87_alanonal.png,
3203,10091386,C1CC2C(=O)N(C3(CCN(CC3)C4=CC=CC=C4)C(=O)N2C1)CC5CCCO5,10091386,ok,CMPD_D41FFB7E6CC5_gazaniolide.png,
3204,11617,C=CCSCC=C,11617,ok,CMPD_D440EE5EE596_Diallyl_sulphide.png,
3205,75438,C1=CC=C2C(=C1)C(=CC(=N2)Cl)C(=O)Cl,75438,ok,CMPD_D45DED614341_5-Hydroxy-3â_²_4â_²_7-trimethoxyflavone.png,
3206,5384838,CCCC/C=C\CCCCCCCCCC1=C(C(=O)C=C(C1=O)OC)O,5384838,ok,CMPD_D471FE74A4C7_maesanin.png,
3207,444899,CCCCC/C=C\C/C=C\C/C=C\C/C=C\CCCC(=O)O,444899,ok,CMPD_D47E233D8C00_Arachidonic_acid.png,
3208,6552009,C[C@@]12CC[C@@H](C1(C)C)C[C@@H]2O,6552009,ok,CMPD_D47ECC71A12E_endo-borneol.png,
3209,17840571,C1=CC=C(C=C1)C2=C(C(=O)C3=C(O2)C=CC(=C3O)O)O,17840571,ok,CMPD_D482C2FA4561_trihydroxyflavone.png,
3210,102213761,C[O+][C@@H]1[C@H]([C@H]([C@@H]([C@H](O1)CC[P+]([O])(ON)ON)O)O)O,102213761,ok,CMPD_D49E10F208F5_triquetridiol.png,
3211,79042,CCCCCC=CCC=CCCCCCCCC(=O)OCC(COC(=O)CCCCCCCC=CCC=CCCCCC)OC(=O)CCCCCCCC=CCC=CCCCCC,79042,ok,CMPD_D4A6D2A4A900_Linolein.png,
3212,162787571,CS(=O)CCCCCCCCCC#N,162787571,ok,CMPD_D4AC20514330_10-methylsulphinyl-decanenitrile.png,
3213,114572,CCC(=O)C(C)C(=O)C(C)CC=C(C)C,114572,ok,CMPD_D4B2EA88D092_4_6_9-trimethyldec-8-en-3_5-dione.png,
3214,120700,C([C@H]([C@H]([C@H]([C@H](CO)O)O)O)O)O,120700,ok,CMPD_D4B570600612_D-allitol.png,
3215,11029198,COC1=CC=C(C=C1)C(C2=CC=CC=C2)(C3=CC=C(C=C3)OC)OC[C@@H]4[C@H](C[C@@H](O4)N5C=NC6=C(N=CN=C65)NC(=O)C7=CC=CC=C7)O[P+](=O)[O-],11029198,ok,CMPD_D4B84AE27492_13_-hydroxymultiflorine.png,
3216,66971432,C1=CC2=C(C=NN=C3C2=NC(=O)C=C3)N=C1,66971432,ok,CMPD_D4D49556AD7B_Dipyridodiazepinone.png,
3217,5324481,C1=CC2=CC(=CC3=C2C(=C1)C=C(C3=O)O)C4=CC=C(C=C4)O,5324481,ok,CMPD_D4E04B7FC88D_2-hydroxy-8-_4-hydroxyphenyl_-1H-phenalen-1-one.png,
3218,151014,CC(C)CCCCCCCCCCCC(=O)O,151014,ok,CMPD_D4E4F2B63E15_13-methyltetradecanoic_acid.png,
3219,99904,CC1=CC2C(C(CC3=CC(C1)OC3=O)OC(=O)C(=C)C)C(=C)C(=O)O2,99904,ok,CMPD_D4FCCA6017D9_Iso-deoxyelephantopin.png,
3220,92982622,C/C/1=C/[C@@H]2[C@@H]([C@H](CC3=C[C@H](C1)OC3=O)OC(=O)C(=C)C)C(=C)C(=O)O2,92982622,ok,CMPD_D4FCCA6017D9_Iso-deoxyelephantopin.png,
3221,12921520,CCOP(=O)(C(OC(=O)C)/C(=C/C1=CC=CC=C1)/Br)C(OC(=O)C)/C(=C/C2=CC=CC=C2)/Br,12921520,ok,CMPD_D50DB05B52C2_Silenegallisaponin_H.png,
3222,10054173,C[C@H]1[C@@H]([C@H]([C@H]([C@@H](O1)O[C@H]2[C@@H]([C@H](O[C@H]([C@@H]2O)OCCC3=CC=C(C=C3)O)COC(=O)/C=C/C4=CC=C(C=C4)O)O)O)O)O,10054173,ok,CMPD_D52DAEDAAA81_Osmanthuside_B6.png,
3223,381152,CC1=CC(=O)C(=C(C)C)CC1,381152,ok,CMPD_D56754743391_piperitenone.png,
3224,10818979,C[C@H]1[C@@H]([C@H]([C@H]([C@@H](O1)OC[C@@H]2[C@H]([C@@H]([C@H]([C@@H](O2)OC3=C(OC4=CC(=CC(=C4C3=O)O)O)C5=CC=C(C=C5)OC)O[C@H]6[C@@H]([C@H]([C@@H]([C@H](O6)CO)O)O)O)O)O)O)O)O,10818979,ok,CMPD_D56AC0C7454F_Kaempferide_triglycoside.png,
3225,61896,CCCCCCC=CCO,61896,ok,CMPD_D58131FB4A92_2-nonen-1-ol.png,
3226,102553048,C1CC(OC1)CN2C(=O)C3=C4C(=CC=C5C4=C(C=C3)C(=O)NC5=O)C2=O,102553048,ok,CMPD_D59E32302E24_amorfrutin_K.png,
3227,12303020,C1[C@H]([C@@H](C2C1[C@@]3(C(=C([C@]2(C3(Cl)Cl)Cl)Cl)Cl)Cl)Cl)Cl,12303020,ok,CMPD_D5CC53909BA4_Cyanidin-3-glucoside.png,
3228,197081,C1=CC(=C(C=C1C2=[O+]C3=CC(=CC(=C3C=C2O[C@H]4[C@@H]([C@H]([C@@H]([C@H](O4)CO)O)O)O)O)O)O)O.[Cl-],197081,ok,CMPD_D5CC53909BA4_Cyanidin-3-glucoside.png,
3229,11036325,C[C@@H](CCC/C=C/[C@@H]1C[C@@H](C[C@H]1CI)OCOC)O,11036325,ok,CMPD_D61D75EC2B9D_beta-D-allopyranoside.png,
3230,439507,C([C@@H]1[C@H]([C@H]([C@H](C(O1)O)O)O)O)O,439507,ok,CMPD_D61D75EC2B9D_beta-D-allopyranoside.png,
3231,5280589,C/C(=C/CNC1=NC=NC2=C1NC=N2)/CO[C@H]3[C@@H]([C@H]([C@@H]([C@H](O3)CO)O)O)O,5280589,ok,CMPD_D624E342898D_cis-zeatin-O-glucoside.png,
3232,157010087,CC1C(C(C(C(O1)OC2=CC3=C(C=C(C=C3[O+]=C2C4=CC(=C(C(=C4)OC)O)OC)O)O)O)O)O,157010087,ok,CMPD_D6367794983C_malvidin_3-rhamnoside.png,
3233,68406,CCCCCCCCCCCCCCCCCCCCCCCCCCCCO,68406,ok,CMPD_D64220767328_n-octacosanol.png,
3234,757,C(C(=O)O)O,757,ok,CMPD_D64CE8D6017F_glycolic_acid.png,
3235,608488,CCC1=CN=CC(=C1C2=CC=CO2)CC,608488,ok,CMPD_D65B1E436BD2_3_5-diethyl-4-_2-furyl_pyridine.png,
3236,10143,CN1CCC2=CC(=C(C3=C2[C@@H]1CC4=C3C(=C(C=C4)OC)O)OC)OC,10143,ok,CMPD_D6701C804C07_isocorydine.png,
3237,5951,C([C@@H](C(=O)O)N)O,5951,ok,CMPD_D681E550C5F1_Serine.png,
3238,26477,CC(C)[C@@](C(C)O)(C(=O)OC[C@H]1CCN2[C@H]1CCC2)O,26477,ok,CMPD_D6C7FDDFE4EF_Trachelanthamine.png,
3239,101831206,CCCCCCCCCCCCCCCCCCCCCCCC(=O)O[C@@H]1[C@@H](COC[C@H]([C@H]1O)O)O,101831206,ok,CMPD_D6D142627C40_5-hydroxy-5_6secocaryophyllen-6-one.png,
3240,23242103,C[C@]12CCCC(=C)[C@]13CC([C@@H]3CC2)(C)C,23242103,ok,CMPD_D6DB94FBAF19_Beta-panasinsene.png,
3241,610352,CCOC(=O)C1=C(NC(=O)C(=C1)C(=O)NN)C,610352,ok,CMPD_D6F282A25CBE_Methyl_14-acetylhydroxypalmitate.png,
3242,102553163,COC1=C(C=C(C=C1)C(=O)N2CCCC(C2)C(=O)O)C3=CC=CC=C3,102553163,ok,CMPD_D71B064B6A94_Epilobamide-A.png,
3243,6427141,CC(=C)C(C=C)/C=C(\C)/COC(=O)C,6427141,ok,CMPD_D72BF726BB62_lyratyl_acetate.png,
3244,5317652,CC1(C=CC2=C(O1)C=CC(=C2O)C3=COC4=C(C3=O)C=CC(=C4)O)C,5317652,ok,CMPD_D759E3E089B1_glabrone.png,
3245,10323393,CC(=CCC/C(=C/CC1=C(C=CC(=C1O)O)[C@@H]2CC(=O)C3=C(O2)C=C(C(=C3O)CC=C(C)C)O)/C)C,10323393,ok,CMPD_D7673775833A_Nymphaeol_C.png,
3246,5318319,C1=CC(=CC=C1CO)OCC2=CC=C(C=C2)O,5318319,ok,CMPD_D7769250C6FC__-sesquiphellandrene.png,
3247,68184,CC(=C)[C@H]1CC2=C(O1)C=CC3=C2O[C@@H]4COC5=CC(=C(C=C5[C@@]4(C3=O)O)OC)OC,68184,ok,CMPD_D7973B885B46_rotenolone.png,
3248,9858729,CCCCC[C@@H]([C@H](/C=C/[C@H](CCCCCCCC(=O)O)O)O)O,9858729,ok,CMPD_D7A426BEBB62_Pinellic_acid.png,
3249,6328200,B#B,6328200,ok,CMPD_D7D321CD8F85_B2.png,
3250,160303,CC1CC2(C=C(C3(CC3)C(C2C1=O)(C)O)C)OC4C(C(C(C(O4)CO)O)O)O,160303,ok,CMPD_D7E28CF00392_Aquilide_A.png,
3251,14259051,CC(=CCOC1=CC(=C2C=CC(=O)OC2=C1)O)C,14259051,ok,CMPD_D821FCA587B9_Anisocoumarin_B.png,
3252,5281517,CC(=CCC/C(=C/CCC(=C)C=C)/C)C,5281517,ok,CMPD_D83F9FF9ADAE_beta-farnesene.png,
3253,9548705,C/C/1=C\CC/C(=C/C[C@@H](CC1)C(=C)C)/C,9548705,ok,CMPD_D84DA91B230B_Germacrene.png,
3254,5281519,C/C/1=C\CC/C(=C/CC(=C(C)C)CC1)/C,5281519,ok,CMPD_D84DA91B230B_Germacrene.png,
3255,131752181,C1C2C3C(C(C(O2)OC(=O)C4=CC(=C(C(=C4)O)O)O)OC(=O)C5=CC(=O)C6(C(C5C7=C(O6)C(=C(C=C7C(=O)O3)O)O)(O)O)O)OC(=O)C8=CC(=C(C(=C8C9=C(C(=C(C=C9C(=O)O1)O)O)O)O)O)O,131752181,ok,CMPD_D861DF9B648D_youssoufenes_B2.png,
3256,445639,CCCCCCCC/C=C\CCCCCCCC(=O)O,445639,ok,CMPD_D868E0AD8FCF_Octadecenoic_acid.png,
3257,5464381,COC1=CC(=C2C(=C1)OC(=CC2=O)C3=CC(=C(C=C3)O)OC)O,5464381,ok,CMPD_D87682C14967_Velutin.png,
3258,95411,CC(=O)OC1C(C(=O)OC1=O)OC(=O)C,95411,ok,CMPD_D889E0B3ACC5_1-O-lauroyl-glycerol.png,
3259,12413,CCCCCCCCCCCCCCCCCCCCCCCCCCCCCCCCCCC,12413,ok,CMPD_D899009DC9D5_Pentatriacontane.png,
3260,5315893,C[C@@H]1C(=O)C[C@]2([C@H](C34C1(C2(C)C)[C@H]([C@@H]([C@@]3(CC[C@@H](C4=C)OC(=O)/C=C/C5=CC=CC=C5)C)OC(=O)C)O)O)O,5315893,ok,CMPD_D899DBBC543E__-bisabolene.png,
3261,59728532,COC1=C(C=CC(=C1)CC(CO)C(CC2=CC(=C(C=C2)OC(CO)C(C3=CC(=C(C=C3)O)OC)O)OC)CO)O,59728532,ok,CMPD_D8C725DC0EAA_Secoisolariciresinol-sesquilignan.png,
3262,323,C1=CC=C2C(=C1)C=CC(=O)O2,323,ok,CMPD_D8C7EC0EFB72_Coumarin.png,
3263,101297615,C/C=C/1\CN2[C@H]3C[C@@H]1C(C2CC4=C3NC5=CC=CC=C45)CO,101297615,ok,CMPD_D8CD330ED224_Shiravanone.png,
3264,12921522,C1=CC=C(C=C1)C#CC(O)P(=O)(C(C#CC2=CC=CC=C2)O)O,12921522,ok,CMPD_D8EA21508797_nilotinin_D1.png,
3265,5319485,COC1=C(C=CC(=C1)C2=COC3=C(C2=O)C=CC(=C3[C@H]4[C@@H]([C@H]([C@@H]([C@H](O4)CO)O)O)O)O)O,5319485,ok,CMPD_D91CB843B2F9_3_4-O-di-caffeoylquinic_acid_methylester.png,
3266,5364841,CCCCCCCC/C=C\CCCCCCCCCCCCCC(=O)OC,5364841,ok,CMPD_D937B6EC0269_alpha-Terpinyl_valerate.png,
3267,5490333,C(CSSP(=O)(O)[O])N,5490333,ok,CMPD_D94DB52E5420_Apigenin_7-O-arabinoside.png,
3268,13887805,CC(=C[C@@H]1N2C3=C(C=CC(=C3)OC)C4=C2[C@H](CC(OO1)(C)C)N5C(=O)[C@@H]6CCCN6C(=O)[C@@]5([C@H]4O)O)C,13887805,ok,CMPD_D96AD91297DF_Verruculogen.png,
3269,5280934,CC/C=C\C/C=C\C/C=C\CCCCCCCC(=O)O,5280934,ok,CMPD_D98165EA803F_linolenic_acid.png,
3270,86328677,COC1=C(C=CC(=C1)C2=C(C(=O)C3=C(C=C(C=C3O2)O)O)O[C@H]4[C@H]([C@H]([C@@H]([C@H](O4)CO)O)O)O)O,86328677,ok,CMPD_D98547336D3B_isorhamnetin-3-O-galactoside.png,
3271,91809642,C[C@@H]1[C@H]([C@@H](C[C@@H](O1)O[C@H]2CC[C@]3([C@@H](C2)CC[C@@H]4[C@@H]3CC[C@]5([C@]4(C[C@@H]([C@@H]5C6=CC(=O)OC6)OC(=O)CC(C)C)O)C)C)OC)O,91809642,ok,CMPD_D98F6DE6BA3D_adigoside.png,
3272,12315350,C1=C([C@@H]2[C@H]([C@H]1O)C(=CO[C@H]2O[C@H]3[C@@H]([C@H]([C@@H]([C@H](O3)CO)O)O)O)C(=O)O)CO,12315350,ok,CMPD_D99E3185D5CB_deacetylasperulosidic_acid.png,
3273,45359577,C[C@H]1[C@@H]([C@H]([C@H]([C@@H](O1)O[C@H]2[C@@H]([C@H](O[C@H]([C@@H]2O)OCCC3=CC(=C(C=C3)O)O)COC(=O)/C=C/C4=CC(=C(C=C4)O)OC)O)O)O)O,45359577,ok,CMPD_D9A09E3FFF2C_Plantainoside_C.png,
3274,99190,CC(=C)[C@H]1CC2=C(O1)C=CC3=C2OC4=C(C3=O)C5=CC(=C(C=C5OC4)OC)OC,99190,ok,CMPD_D9A37F6BC240_dehydrorotenone.png,
3275,5281647,C1=C2C(=CC(=C1O)O)OC3=C(C2=O)C(=C(C(=C3)O)[C@H]4[C@@H]([C@H]([C@@H]([C@H](O4)CO)O)O)O)O,5281647,ok,CMPD_D9AF7D6980B8_Mangiferin.png,
3276,9845622,CC/C=C\[C@@H]([C@@H](C1=C(C(=O)[C@@]2(O1)[C@H]([C@@](NC2=O)(C(=O)C3=CC=CC=C3)OC)O)C)O)O,9845622,ok,CMPD_D9C3D8889ED5_Pseurotin_A.png,
3277,9825442,CC1=CN=C(C(=O)N1CC(=O)NCC2=CC3=C(C=C2)NC=C3)NCCC4=CC5=C(C=C4)OCO5,9825442,ok,CMPD_D9C3D8889ED5_Pseurotin_A.png,
3278,10435889,C[C@H]([C@@]1(CN(C[C@H]1C2=CC(=C(C=C2)OC)OC3CC4=CC=CC=C4C3)C(=O)CC(C)(C)C(=O)O)C)O,10435889,ok,CMPD_D9C3D8889ED5_Pseurotin_A.png,
3279,9917980,COC1=C(C=CC(=C1)C[C@@H](CO[C@H]2[C@@H]([C@H]([C@@H]([C@H](O2)CO)O)O)O)[C@@H](CC3=CC(=C(C=C3)O)OC)CO[C@H]4[C@@H]([C@H]([C@@H]([C@H](O4)CO)O)O)O)O,9917980,ok,CMPD_D9F24887616A_SDG.png,
3280,6326970,[Se],6326970,ok,CMPD_D9FEEABBE750_Selenium.png,
3281,5360536,C1=CC2=C(C(=C1)[O])C(=O)C3=C(C2=O)C=CC=C3OCC4C(C(C(C(O4)O)O)O)O,5360536,ok,CMPD_D9FEEABBE750_Selenium.png,
3282,123011,CC(=O)O[C@@H]1COC([C@@H]([C@H]1OC(=O)C)OC(=O)C)NC2=CC=C(C=C2)[N+](=O)[O-],123011,ok,CMPD_DA1744BE09BA_beta-amyrone.png,
3283,12306160,C[C@@]12CC[C@@]3(C(=CC[C@H]4[C@]3(CC[C@@H]5[C@@]4(CCC(=O)C5(C)C)C)C)[C@@H]1CC(CC2)(C)C)C,12306160,ok,CMPD_DA1744BE09BA_beta-amyrone.png,
3284,5281400,CCCCC/C=C/C=C/C12O[C@@H]3[C@@H]4[C@H]5[C@](O5)([C@H]([C@]6([C@H]([C@@]4(O1)[C@@H](C[C@@]3(O2)C(=C)C)C)C=C(C6=O)C)O)O)CO,5281400,ok,CMPD_DA2119F8BD2E_Excoecariatoxin.png,
3285,25913,CCCCCCCCCCCCCC=C,25913,ok,CMPD_DA61F1700B66_pentadec-1-ene.png,
3286,91886689,CC(=CCC1=C(C=CC2=C1OC(=CC2=O)C3=CC(=C(C=C3)O)O)O)C,91886689,ok,CMPD_DA698918BFDA_Corylifol_C.png,
3287,102213767,C[C@H]1CC[C@@H]2[C@H]([C@]3([C@]1(CCC(=O)O3)O)C)OC(=O)C2=C,102213767,ok,CMPD_DA825781A640_2_-hydroxy-3-oxodammara-20_24-diene.png,
3288,5460403,CCC1=C(C2=CC3=NC(=CC4=NC(=C5[C@@H](C(=O)C6=C(C(=CC1=N2)N=C56)C)C(=O)OC)[C@@H]([C@H]4C)CCC(=O)O)C(=C3C=C)C)C,5460403,ok,CMPD_DA952736C9B2_tr-aconitic_acid.png,
3289,9548624,CC(C)(C/C(=N\OS(=O)(=O)O)/S[C@H]1[C@@H]([C@H]([C@@H]([C@H](O1)CO)O)O)O)O,9548624,ok,CMPD_DAA48FF5E864_Glucoconringiin.png,
3290,128834,CC(C)(C=C)C1=CC2=C(C=C3C(=C2)C=CO3)OC1=O,128834,ok,CMPD_DAA87B24BB14_Chalepensin.png,
3291,92767,C1CCN2CCC[C@@H]([C@H]2C1)CO,92767,ok,CMPD_DAA8F7F279B6_epilupinine.png,
3292,6436237,C1[C@H]([C@@H]([C@@H](C[C@@]1(C(=O)O)O)OC(=O)/C=C/C2=CC(=C(C=C2)O)O)O)O,6436237,ok,CMPD_DAC566D38D08_isochlorogenic_acid.png,
3293,5281780,C1[C@H]([C@H]([C@@H](C[C@@]1(C(=O)O)O)OC(=O)/C=C/C2=CC(=C(C=C2)O)O)OC(=O)/C=C/C3=CC(=C(C=C3)O)O)O,5281780,ok,CMPD_DAC566D38D08_isochlorogenic_acid.png,
3294,5320377,CC(=C)/C=C/C(C)(C)C=C,5320377,ok,CMPD_DACCAFE66884_Artemisia_triene.png,
3295,3034394,C[C@]12CCCC([C@@H]1CCC(=C)[C@@H]2CC[C@](C)(C=C)O)(C)C,3034394,ok,CMPD_DAD24134AA7C_manool.png,
3296,185617,C1=CC(=CC=C1C2=CC(=O)C3=C(C(=C(C=C3O2)O[C@H]4[C@@H]([C@H]([C@@H]([C@H](O4)C(=O)O)O)O)O)O)O)O,185617,ok,CMPD_DAF82608A651_Scutellarein.png,
3297,5281697,C1=CC(=CC=C1C2=CC(=O)C3=C(O2)C=C(C(=C3O)O)O)O,5281697,ok,CMPD_DAF82608A651_Scutellarein.png,
3298,5281692,C1=CC2=C(C=C1O)OC(=C(C2=O)O)C3=CC(=C(C(=C3)O)O)O,5281692,ok,CMPD_DAF82608A651_Scutellarein.png,
3299,11226027,CC1=CC(=CC(=C1OCCCC2=CC(=NO2)COCCOCCOCCOCCN)C)C3=CC=CC=C3,11226027,ok,CMPD_DAFF871C57F8_rubusoside.png,
3300,10852028,CO[C@H](CO)[C@H](/C=C/COCC1=CC=CC=C1)C(F)(F)F,10852028,ok,CMPD_DAFF871C57F8_rubusoside.png,
3301,24721373,C[C@@]12CCC[C@@]([C@H]1CC[C@]34[C@H]2CC[C@](C3)(C(=C)C4)O[C@H]5[C@@H]([C@H]([C@@H]([C@H](O5)CO)O)O)O)(C)C(=O)O[C@H]6[C@@H]([C@H]([C@@H]([C@H](O6)CO)O)O)O,24721373,ok,CMPD_DAFF871C57F8_rubusoside.png,
3302,40510009,CC(=C)/C=C/C[C@](C)(C=C)O,40510009,ok,CMPD_DB3BC7A315C4_hotrienol.png,
3303,6429039,CC(C)CC(=O)OC/C=C(/C)\CCC=C(C)C,6429039,ok,CMPD_DB449F7D5D5B_neryl_isovalerate.png,
3304,110360,CC(=O)NC1=CC=CC2=C1C=CC(=C2N=NC3=C(C=CC(=C3)S(=O)(=O)N)[O-])[O-].[Cr+2],110360,ok,CMPD_DB602A16A168_secoiridoid.png,
3305,10349304,C[C@H]1[C@@H]([C@H]([C@H]([C@@H](O1)O[C@@H]2[C@H]([C@@H](O[C@@H]([C@H]2OC(=O)/C=C\C3=CC(=C(C=C3)O)OC)CO)OCCC4=CC(=C(C=C4)OC)O)O)O)O)O,10349304,ok,CMPD_DB7DC96A978D_cis-martynoside.png,
3306,440584,CN1CCC2=CC(=C(C=C2[C@@H]1CC3=CC=C(C=C3)O)O)OC,440584,ok,CMPD_DB8A15B22753_N-methylcoclaurine.png,
3307,5352424,C(C(F)(F)F)N(CC(F)(F)F)C(=S)[S],5352424,ok,CMPD_DB8FFDB81CFC__Z_-3-Hexenyl_acetate.png,
3308,3007092,CN1C(=O)[C@]23CC4=CC=C[C@@H]([C@H]4N2C(=O)[C@]1(SSSS3)CO)O,3007092,ok,CMPD_DB9DBC8907C2_Gliotoxin_G.png,
3309,12408,CCCCCCCCCCCCCCCCCCCCCCCCCCCC,12408,ok,CMPD_DBA20FDF3E86_Octacosane.png,
3310,442266,CC1=C2[C@@H]([C@@H]3[C@@H]([C@H](C1)O)C(=C)C(=O)O3)C(=CC2=O)CO,442266,ok,CMPD_DBA7A3AFFDF1_lactucin.png,
3311,5282151,C[C@H]1[C@@H]([C@H]([C@H]([C@@H](O1)O[C@@H]2[C@H]([C@@H]([C@H](O[C@H]2C3=C(C=C(C4=C3OC(=CC4=O)C5=CC=C(C=C5)O)O)O)CO)O)O)O)O)O,5282151,ok,CMPD_DBAAF6BEFBF7_Patuletin-7-O-glucoside.png,
3312,10183126,CC1=C(C(CCC1)(C)C)/C=C/C(=C/C=C/C(=C/C(=O)NC2=CC=C(C=C2)CCCC(=O)O)/C)/C,10183126,ok,CMPD_DBAD61EE767D_epieuphorscopins_B.png,
3313,73467,C[C@H]1CC(=O)[C@H]2[C@@H]1[C@@H](OC=C2C(=O)OC)O[C@H]3[C@@H]([C@H]([C@@H]([C@H](O3)CO)O)O)O,73467,ok,CMPD_DBB71B8C1A71_Verbenalin.png,
3314,7478,COC1=CC=C(C=C1)C(=O)O,7478,ok,CMPD_DBB8B23B986C_anisic_acid.png,
3315,6430771,C/C/1=C\C[C@@]2(CCC(O2)([C@H](CC/C=C/CC1)OC(=O)C)C)C(C)C,6430771,ok,CMPD_DBCEC31B053B_Isoincensole_acetate.png,
3316,8697,CCCCC(CC)C(=O)O,8697,ok,CMPD_DBF699D43CB3_2-ethylhexanoic_acid.png,
3317,5280933,CCCCC/C=C\C/C=C\C/C=C\CCCCC(=O)O,5280933,ok,CMPD_DC03330EC139_Gamma-linolenic_acid.png,
3318,102434440,CC1=CC=C(C=C1)S(=O)(=O)N(CC2=CNC3=CC=CC=C32)C4=CC=CC=C4,102434440,ok,CMPD_DC07E3E58F00_iso-seco-tanapartholide.png,
3319,10211,CC(C)([C@@H](COC1=C2C(=C(C3=C1OC(=O)C=C3)OC)C=CO2)O)O,10211,ok,CMPD_DC080A2AB786_Byakangelicin.png,
3320,439653,CN1CCC2=CC(=C(C=C2[C@@H]1CC3=CC(=C(C=C3)OC)O)O)OC,439653,ok,CMPD_DC20AE496A61_reticuline.png,
3321,23931,[Hg],23931,ok,CMPD_DC6BBF7C5DC9_mercury.png,
3322,184179,CC(C)C1=C(C2=C(C(=C1O)O)[C@]3(CCCC([C@@H]3C=C2)(C)C)C)O,184179,ok,CMPD_DC731491EF0D_Cryptanol.png,
3323,1140026,CCC1=CC=CC=C1NC(=O)CSC2=NN=C3N2C(CC4=CC=CC=C43)(C)C,1140026,ok,CMPD_DC7E3AC3CC23_beta-Bisabolol.png,
3324,188297,CC1=CC[C@H]([C@]2([C@H]1[C@@H]3[C@@H](CC2)C(=C)C(=O)O3)C)O,188297,ok,CMPD_DC8993D1D998_santamarine.png,
3325,131851742,CC(C)[C@H]1CC[C@@]2([C@@H]3[C@H]1C[C@@H](C3)C2=C)C,131851742,ok,CMPD_DC9640D96A43_Isosativene.png,
3326,102146436,CCCCCCCOC1=CC=C(C=C1)C#CC2=CC=C(C=C2)OC(=O)C3=CC=C(C=C3)OC(F)F,102146436,ok,CMPD_DCA21534EAEA_beta-Sitosterol_palmitate.png,
3327,102146953,CCOC(=O)C1=C(C2=C(COC2)C(=N1)C3=CC=CC=C3)C4=C(C(=C(C5=C4COC5)C6=CC=CC=C6)C(=O)OC)C(=O)OC,102146953,ok,CMPD_DCC0C3EF8901_Carissaeduloside_D.png,
3328,101539209,C[C@@H]1C[C@@H](O[C@@H]1O)C,101539209,ok,CMPD_DCC0C3EF8901_Carissaeduloside_D.png,
3329,145858,C1=CC=C(C=C1)C2=[O+]C3=CC=CC=C3C=C2,145858,ok,CMPD_DCCAD6C95598_anthocyanin.png,
3330,10383,COC1=CC(=CC(=C1)O)OC,10383,ok,CMPD_DCD5C697686F_3_5-dimethoxyphenol.png,
3331,5320946,COC1=CC(=C2C(=C1)OC(=C(C2=O)O)C3=CC=C(C=C3)O)O,5320946,ok,CMPD_DCFEACF4D315_rhamnocitrin.png,
3332,6428461,CC1=CCC(=CC1)C(C)CCC=C(C)C,6428461,ok,CMPD_DD2E8DAB0972_Beta-curcumene.png,
3333,104618,C([C@H]([C@H]([C@@H](C(=O)COP(=O)([O-])[O-])O)O)O)O.[Ba+2],104618,ok,CMPD_DD2E8DAB0972_Beta-curcumene.png,
3334,5281168,CCC/C=C/C=O,5281168,ok,CMPD_DD3EA2FFB298_2-hexenal.png,
3335,13940733,CC1(C=CC2=C(O1)C=C(C3=C2O[C@@H](CC3=O)C4=CC=CC=C4)O)C,13940733,ok,CMPD_DD42CDCB13AD_obovatin.png,
3336,6122992,CCCCCC#CC/C=C/CCCCCCCC(=O)O,6122992,ok,CMPD_DD619F2DDA63_9-octadecen-12-ynoic_acid.png,
3337,10100634,C[C@H]1[C@@H]([C@H]([C@H]([C@@H](O1)OC[C@@H]2[C@H]([C@@H]([C@H]([C@@H](O2)OC3=C(OC4=CC(=CC(=C4C3=O)O)OC)C5=CC(=C(C=C5)OC)O)O)O)O)O)O)O,10100634,ok,CMPD_DD6C47324696_Ombuoside.png,
3338,441014,C([C@@H]1[C@H]([C@@H]([C@H]([C@@H](O1)O[C@@H]2[C@H](O[C@@H]([C@@H]([C@H]2O)O)O)CO)O)O)O)O,441014,ok,CMPD_DD71E86F259F_Ursane.png,
3339,8742,C1[C@H]([C@@H]([C@@H](C=C1C(=O)O)O)O)O,8742,ok,CMPD_DD84925E1094_shikimic_acid.png,
3340,5280352,CC1=C(NC(=C1CCC(=O)O)CC2=C(C(=C(N2)/C=C\3/C(=C(C(=O)N3)C)C=C)C)CCC(=O)O)/C=C\4/C(=C(C(=O)N4)C=C)C,5280352,ok,CMPD_DD84925E1094_shikimic_acid.png,
3341,12921506,CC(C)OP(=O)(C(OC)P(=O)(OC)OC)OC(C)C,12921506,ok,CMPD_DDCC7214EF95_epiglaucamine.png,
3342,12304104,CC12CCCC(=C)C1CC(CC2)C(=C)CO,12304104,ok,CMPD_DDDFC99864DA_beta-costol.png,
3343,5366443,CC(=O)NC(/C=N\OC)C(C(C(CO[Si](C)(C)C)O[Si](C)(C)C)O[Si](C)(C)C)O[Si](C)(C)C,5366443,ok,CMPD_DDDFC99864DA_beta-costol.png,
3344,5281652,C1=CC(=C2C(=C1)OC3=C(C2=O)C=CC(=C3O)O)O,5281652,ok,CMPD_DDE690D9503A_Î²-dihydro_agarofuran.png,
3345,21627904,C[C@H]1[C@@H]([C@H]([C@H]([C@@H](O1)OC[C@@H]2[C@H]([C@@H]([C@H]([C@@H](O2)OC3=CC4=C(C=C3)C(=O)C(=CO4)C5=CC6=C(C=C5)OCO6)O)O)O)O)O)O,21627904,ok,CMPD_DDE7B422CE88_Pseudobaptisin.png,
3346,44258452,C[C@H]1[C@@H](C(C([C@@H](O1)OCC2[C@H]([C@@H](C([C@@H](O2)OC3=C(C(=C4C(=C3)OC(=CC4=O)C5=CC=C(C=C5)OC)O)OC)O)O)O)OC(=O)C)O)O,44258452,ok,CMPD_DDF2AC4BC864_isolinariin_A.png,
3347,5318569,COC1=CC=C(C=C1)C2=CC(=O)C3=C(O2)C(=C(C=C3O)O)C4=C(C=CC(=C4)C5=CC(=O)C6=C(C=C(C=C6O5)O)O)OC,5318569,ok,CMPD_DE0834EE40A0_Isoginkgetin.png,
3348,122857,C[C@@]12CC[C@@]3([C@@H](C1=CC(CC2)(C)C)CC[C@H]4[C@]3(CC[C@@H]5[C@@]4(CC[C@@H](C5(C)C)O)C)C)C,122857,ok,CMPD_DE50AEC0F25D_Germanicol.png,
3349,442625,CC(=O)N1CCCC(=C1)[C@H]2CCCCN2,442625,ok,CMPD_DE533CBB3C22_ammodendrine.png,
3350,131752312,C[C@@]12CCC3[C@]([C@@]14[C@H](O4)C(=O)O[C@H]2C5=COC=C5)(C(=O)CC6[C@]37C=CC(=O)OC7OC6(C)C)C,131752312,ok,CMPD_DE617411431C_Semipapposide_C.png,
3351,11336941,CC(C)C1=C(C(=C2C(=C1)CC[C@@H]3[C@@]2(CCCC3(C)C)C(=O)OC)O)O,11336941,ok,CMPD_DEA529447D9F_methyl_carnosate.png,
3352,159249,C(CN=C(N)S)N=C(N)S,159249,ok,CMPD_DEB0CC476BAF_Salidroside.png,
3353,5281504,C/C/1=C\[C@@H]2[C@@H]([C@H](C/C(=C/CC1)/C)OC(=O)C)C(=C)C(=O)O2,5281504,ok,CMPD_DEC645972947__E_-beta-Bergamotene.png,
3354,10141654,COC1=C(C(=CC=C1)OC)C(=O)OC2=CC=C(C=C2)C[C@H](C(=O)NCC3(CCCCC3)CC(=O)O)N,10141654,ok,CMPD_DED793E8F6F6_germanicyl_formate.png,
3355,11037286,C1CC2(C=CC(C=C2)OCC(C(F)F)(F)F)N(C1=O)N3C(=O)C4=CC=CC=C4C3=O,11037286,ok,CMPD_DF6FF46835F5_3-acetyl_cynaropicrin.png,
3356,46211015,C[C@H]1[C@@H]([C@H]([C@H]([C@@H](O1)OC(C)(C)/C=C/C[C@@](C)([C@H]2CC[C@@]3([C@@]2(C[C@@H]([C@@]4([C@H]3CC=C5[C@H]4CC[C@@H](C5(C)C)O[C@H]6[C@@H]([C@H]([C@@H]([C@H](O6)CO)O)O)O)C)O)C)C)O)O)O)O,46211015,ok,CMPD_DF753BDC8A5E_Bryoniaoside_B.png,
3357,102213076,CC1=CC=C(C=C1)C2C3CCCC2(C3=O)CCC/C=C\C4=CC=CC=C4,102213076,ok,CMPD_DF79C6E95704_2_3_4_8-tetramethoxy-7-phenanthrenol.png,
3358,445154,C1=CC(=CC=C1/C=C/C2=CC(=CC(=C2)O)O)O,445154,ok,CMPD_DF8231E2D523_Resveratrol.png,
3359,5281717,C1=CC(=C(C=C1O)O)/C=C/C2=CC(=CC(=C2)O)O,5281717,ok,CMPD_DF8231E2D523_Resveratrol.png,
3360,5284570,CN1CC[C@]23[C@@H]4[C@H]1CC5=C2C(=C(C=C5)O)O[C@H]3C(=O)CC4,5284570,ok,CMPD_DF8D2B63B2FF_hydromorphone.png,
3361,11089528,CC(=C)C1CC2=C(C3=C(C=C2O1)OCC(C3=O)C4=C(C=C(C=C4)O)O)O,11089528,ok,CMPD_DFC60CDDC299_Uncinanone_B.png,
3362,442662,COC1=C(C=CC(=C1)C2=CC(=O)C3=C(C(=C(C(=C3O2)OC)OC)O)O)O,442662,ok,CMPD_DFD4E42CFD72_thymonin.png,
3363,3084463,CCCCCCCCCCCCCCCC(=O)OC[C@H](CO)O,3084463,ok,CMPD_E000121BAD95_1-O-hexadecanolenin.png,
3364,16754,CN1CCC2=CC(=C(C3=C2[C@@H]1CC4=CC(=C(C=C43)OC)OC)OC)OC,16754,ok,CMPD_E00256D331DC_glaucine.png,
3365,12921514,CCCCOP(=O)(C(O)/C(=C/C1=CC=CC=C1)/Br)C(O)/C(=C/C2=CC=CC=C2)/Br,12921514,ok,CMPD_E0165F728E2C_scabiostellatoside_A.png,
3366,11423723,C1CN2CC[C@H]([C@H]2[C@@H]1CO)O,11423723,ok,CMPD_E027EB97AA69_turneforcidine.png,
3367,25240174,CCCCCCCCCCCCCCCC(=O)OCC(COC(=O)CCCCCCC/C=C\CCCCCCCC)OC(=O)CCCCCCC/C=C\CCCCCCCC,25240174,ok,CMPD_E05040DC41F7_palmitodiolein.png,
3368,5281907,C=C/C(=C(\C(=O)O)/O)/Cl,5281907,ok,CMPD_E069DFC08587_Methyl_jasmonate.png,
3369,443470,CC(C)C1=CC2=CC[C@@H]3[C@@]([C@H]2CC1)(CCCC3(C)C)C,443470,ok,CMPD_E06A51913FA6_Abietadiene.png,
3370,530421,CC1CCCC2=CCC3C(C12C)C3(C)C,530421,ok,CMPD_E0A0475C2CC6_aristolene.png,
3371,11106485,C[C@@H]1CC[C@@H]2[C@]13CCC(=C)[C@H](C3)C2(C)C,11106485,ok,CMPD_E0B17E0F6D51_beta-cedrene.png,
3372,5282136,C1CCN(CC1)CC2=CC(=NC=C2)OC/C=C\CNC(=O)CS(=O)CC3=CC=CO3,5282136,ok,CMPD_E0B8F1BEC10A_quercimeritrin.png,
3373,5281318,C[C@@]12C[C@H]([C@@H]([C@]1(CC(=O)[C@@]3([C@H]2CC=C4[C@H]3C[C@@H](C(=O)C4(C)C)O)C)C)[C@](C)(C(=O)/C=C/C(C)(C)O)O)O,5281318,ok,CMPD_E0CF94008F1B_Cucurbitacin_D.png,
3374,6557,CC(=C)C=C,6557,ok,CMPD_E0E762C595B2_Isoprene.png,
3375,5281163,CCOC(=O)/C(=C/C)/C,5281163,ok,CMPD_E0F977209A65_Pseudohypericin.png,
3376,5281612,COC1=C(C=C(C=C1)C2=CC(=O)C3=C(C=C(C=C3O2)O)O)O,5281612,ok,CMPD_E1075956A6F6_Diosmetin.png,
3377,14564503,C[C@H]1[C@@H]([C@H]([C@H]([C@@H](O1)O[C@@H]2[C@H]([C@H](CO[C@H]2O[C@H]3CC[C@]4([C@H]([C@]3(C)CO)CC[C@@]5([C@@H]4CC=C6[C@]5(CC[C@@]7([C@H]6CC(CC7)(C)C)C(=O)O[C@H]8[C@@H]([C@H]([C@@H]([C@H](O8)CO[C@H]9[C@@H]([C@H]([C@@H]([C@H](O9)CO)O)O)O)O)O)O)C)C)C)O)O)O)O[C@H]1[C@@H]([C@H]([C@@H]([C@H](O1)CO)O)O)O)O,14564503,ok,CMPD_E10AC8DB61D5_macranthoidin_A.png,
3378,229385,CCCCCCCCCCOC(=O)CC,229385,ok,CMPD_E13964D3F2E0_Decyl_propanoate.png,
3379,14260,CCCCCCCCCCCCC=C,14260,ok,CMPD_E1447500C791_tetradecene.png,
3380,102434444,CC1=C(C(=CC=C1)C)NC2=C(C3=CC=CC=C3C4=CC=CC=C42)NC5=C(C=CC=C5C)C,102434444,ok,CMPD_E1655297417C_8-Formyl-7-hydroxy-5-isopropyl-2-methoxy-3-methyl-1_4-naphthoquinone.png,
3381,5353470,COC1=CC(=C(C=C1)C(=O)/C=C/C2=CC(=C(C=C2)O)O)O,5353470,ok,CMPD_E189ED2B5B2A_Calythropsin.png,
3382,10141659,CN(C)CCN(C)C(=O)C1=CC=C(C=C1)N/C(=C\2/C3=C(C=C(C=C3)C(=O)OC)NC2=O)/C4=CC=CC=C4,10141659,ok,CMPD_E19CBE51D914_nilotinin_M10.png,
3383,10168642,C1C[C@@H](N(C1)S(=O)(=O)C2=CC(=CC(=C2)Cl)Cl)C(=O)N[C@@H](CC3=CC=C(C=C3)NC(=O)C4=CC=C(C=C4)C5=CC=CC=C5)C(=O)O,10168642,ok,CMPD_E1D91F9D82DB_dihydroinfectopyrone.png,
3384,519764,CC(CCC=C(C)C)C1CCC(=C)C=C1,519764,ok,CMPD_E1E4D6377BB5_sesquiphellandrene.png,
3385,102146954,C(CCP(CCC(C(C(C(C(C(F)(F)F)(F)F)(F)F)(F)F)(F)F)(F)F)CCC(C(C(C(C(C(F)(F)F)(F)F)(F)F)(F)F)(F)F)(F)F)CCP(CCC(C(C(C(C(C(F)(F)F)(F)F)(F)F)(F)F)(F)F)(F)F)CCC(C(C(C(C(C(F)(F)F)(F)F)(F)F)(F)F)(F)F)(F)F,102146954,ok,CMPD_E219A3E20A78_5-hydroxy--2-phenyl-4-quinolone.png,
3386,110243,C.C.C[N+](C)(C)CC1=CC=CC=C1.C[N+](C)(C)CC1=CC=CC=C1,110243,ok,CMPD_E2231A5F7B66__-thujone.png,
3387,441071,C1CN2CC3=CCO[C@H]4CC(=O)N5[C@H]6[C@H]4[C@H]3C[C@H]2[C@@]61C7=CC=CC=C75,441071,ok,CMPD_E2231A5F7B66__-thujone.png,
3388,15560533,C[C@@H]1[C@H]2C3=CC[C@@H]4[C@]5(CC[C@@H](C([C@@H]5CC[C@]4([C@@]3(CC[C@]2(CCC1=C)C(=O)O)C)C)(C)C)O)C,15560533,ok,CMPD_E2401C3F3F22_Micromeric_acid.png,
3389,442173,C[C@H]1CCC[C@H]2[C@@]1(C[C@]3(C2)C(=C)COC3=O)C,442173,ok,CMPD_E257279C8D55_bakkenolide_A.png,
3390,15126290,C1[C@H]([C@@H]([C@H]([C@@H](O1)O[C@@H]2[C@H]([C@@H]([C@H](O[C@H]2OC3=C([O+]=C4C=C(C=C(C4=C3)O[C@H]5[C@@H]([C@H]([C@@H]([C@H](O5)CO)O)O)O)O)C6=CC(=C(C=C6)O)O)CO)O)O)O)O)O.[Cl-],15126290,ok,CMPD_E25A1B431B6E_Cyanidin-3-sambubioside-5-glucoside.png,
3391,5321272,C/C(=C\CCC(=C)C1COC2C1(C(=O)C([C@@H](O2)CO)O)O)/C(=O)O,5321272,ok,CMPD_E270584EE8E6_2-alpha-3-beta-dihydroxyurs-12-en-28-oic_acid.png,
3392,167627,CC(CCCCCC(=O)O)O,167627,ok,CMPD_E28D01C81715_7-hydroxyoctanoic_acid.png,
3393,442827,C1[C@@H]2[C@H](C3=C(O1)C=C(C=C3)O[C@H]4[C@@H]([C@H]([C@@H]([C@H](O4)CO)O)O)O)OC5=CC6=C(C=C25)OCO6,442827,ok,CMPD_E2C7E416F147_Trifolirhizin.png,
3394,71309855,[13CH2]([13CH2][13C@@H]([13C](=O)O)N)[13CH2]N.Cl,71309855,ok,CMPD_E2CBA73946C0_Nigrosphaerilactone.png,
3395,9890994,C[C@]12CC[C@@H]([C@@]([C@@H]1CC[C@@]3([C@@H]2C=CC4=C5CC(CC[C@@]5([C@@H](C[C@]43C)O)CO)(C)C)C)(C)CO)O,9890994,ok,CMPD_E2FBFF82B631_saikogenin_D.png,
3396,1549109,CC(=CCC/C(=C\CC/C(=C/CO)/C)/C)C,1549109,ok,CMPD_E324A2591BDC_2E_6Z-farnesol.png,
3397,519843,CC(=CC(C=C)C(C)(C)O)C,519843,ok,CMPD_E357BB74B463_Santolina_alcohol.png,
3398,6440534,COC1=C(C=C(C=C1)/C=C/2\[C@H](COC2=O)CC3=CC4=C(C=C3)OCO4)OC,6440534,ok,CMPD_E35A8A0E87AF_Kaerophyllin.png,
3399,102213715,COCCOCCOC1=CC=CC2=C1C=CC=C2OCCOCCOC(=O)C3=C4C[N+]5=CC=C(C=C5)C6=CC=[N+](CC7=CC=C(C[N+]8=CC=C(C=C8)C9=CC=[N+](CC(=C3)C=C4)C=C9)C=C7)C=C6,102213715,ok,CMPD_E3E14332E71A_leptocarposide.png,
3400,15559388,CC[C@H](CC[C@@H](C)[C@H]1CC[C@@H]2[C@@]1(CC[C@H]3[C@@H]2CC[C@H]4[C@@]3(CC[C@H](C4)O)C)C)C(C)C,15559388,ok,CMPD_E3E96AC75A6A_jatrophane.png,
3401,6344,C(Cl)Cl,6344,ok,CMPD_E4088FAF33F7_dichloromethane.png,
3402,19985548,CCCCCCCCCCC(C)(C)C,19985548,ok,CMPD_E4144386DBAB_trimethylundecane.png,
3403,5280805,C[C@H]1[C@@H]([C@H]([C@H]([C@@H](O1)OC[C@@H]2[C@H]([C@@H]([C@H]([C@@H](O2)OC3=C(OC4=CC(=CC(=C4C3=O)O)O)C5=CC(=C(C=C5)O)O)O)O)O)O)O)O,5280805,ok,CMPD_E41DBAEFEC3A_Rutin.png,
3404,114909,CC1(C=CC2=C(O1)C=CC3=C2O[C@@H]4COC5=CC(=C(C=C5[C@@]4(C3=O)O)OC)OC)C,114909,ok,CMPD_E4350BE8AFE4_tephrosin.png,
3405,10091377,COC(=O)CC1=CC=C(C=C1)SCCNS(=O)(=O)C2=CC=C(C=C2)F,10091377,ok,CMPD_E4462D307A35_16-hydroxytaraxasterol-3-acetate.png,
3406,444266,C(=C\C(=O)O)\C(=O)O,444266,ok,CMPD_E44BAF5BEDD1_maleic_acid.png,
3407,44237348,C[C@]12CCCC(C1CC[C@]34C2CC[C@H](C3)[C@](C4)(C)O)(C)C,44237348,ok,CMPD_E45DD44C3772_Phyllocladanol.png,
3408,12921609,C#CC1(CCCC1)NP2(=NP(=NP(=N2)(NC3(CCCC3)C#C)Cl)(NC4(CCCC4)C#C)Cl)NC5(CCCC5)C#C,12921609,ok,CMPD_E4B25C718D7E__4E_-jatrogrossidentadione_acetate.png,
3409,8139,CCCCCCCCCCCC(=O)OC,8139,ok,CMPD_E4CC57139818_methyllaurate.png,
3410,102146434,CCCCCOC1=CC=C(C=C1)C#CC2=CC=C(C=C2)OC(=O)C3=CC=C(C=C3)OC(F)F,102146434,ok,CMPD_E4FC4509F702_argelosides_I.png,
3411,12921518,CCOP(=O)(C(O)/C(=C/C1=CC=CC=C1)/Br)C(O)/C(=C/C2=CC=CC=C2)/Br,12921518,ok,CMPD_E510BB10E78E_Gallicaside_D.png,
3412,107217,CC(=O)OC1C(C2CCC1(C2)C)(C)C,107217,ok,CMPD_E5160AA0AB01_Fenchyl_acetate.png,
3413,11980947,CC1=C(C(CCC1)(C)C)C(=O)/C=C/C(=C/C=C/C(=C/C=C/C=C(\C)/C=C/C=C(\C)/C=C/C2=C(CC(CC2(C)C)O)C)/C)/C.CC1=C(C(CC(C1)O)(C)C)/C=C/C(=C/C=C/C(=C/C=C/C=C(\C)/C=C/C=C(\C)/C=C/C(=O)/C=C(\C)/CCC=C(C)C)/C)/C.CC1=C(C(CC(C1)O)(C)C)/C=C/C(=C/C=C/C(=C/C=C/C=C(\C)/C=C/C=C(\C)/C=C/C(=O)C2C(=CCCC2(C)C)C)/C)/C.CC1=C(C(CC(C1)O)(C)C)/C=C/C(=C/C=C/C(=C/C=C/C=C(\C)/C=C/C=C(\C)/C=C/C(=O)C2(CC(CC2(C)C)O)C)/C)/C.CC(C)/C=C/CCCCC(=O)NCC1=CC(=C(C=C1)O)OC,11980947,ok,CMPD_E5456B06DCB9_Oleoresin.png,
3414,10508451,CC1=C(C(=O)O[C@H](C1)[C@@](C)([C@@]2(CC[C@@]3([C@@]2(CC[C@H]4[C@H]3CC=C5[C@@]4(C(=O)C[C@@H](C5)O[C@H]6[C@@H]([C@H]([C@@H]([C@H](O6)CO)O)O)O)C)C)O)O)O)C,10508451,ok,CMPD_E55B6F260EA1_coagulin_L.png,
3415,12921507,CCN(CC)S(=O)(=O)C(OCC)P(=O)(OC)OC,12921507,ok,CMPD_E55BAFB017F8_6-hydroxycyclonerolidol.png,
3416,638072,CC(=CCC/C(=C/CC/C(=C/CC/C=C(/CC/C=C(/CCC=C(C)C)\C)\C)/C)/C)C,638072,ok,CMPD_E55CBDAAC492_squalene.png,
3417,11136451,CC(C)(C)[C@H]1COC(=N1)[C]2[C]([CH][CH][C]2[Si](C)(C)C)[C]3[CH][CH][C]([C]3C4=N[C@H](CO4)C(C)(C)C)[Si](C)(C)C.[CH]1[CH][CH][CH][CH]1.[CH]1[CH][CH][CH][CH]1.[Fe+2].[Fe+2],11136451,ok,CMPD_E56C4F9BF9AF_2-oxoenttrachylobane-18_19-diol.png,
3418,102068947,C1=CC(=CC=C1C(CBr)(C2=CC=C(C=C2)C(F)(F)F)Br)C(F)(F)F,102068947,ok,CMPD_E5850D85ACEF_Isoorientin_4_-O-glucoside.png,
3419,65390,C[C@H]1C[C@@]23CC[C@H]4[C@]([C@@H]2CC[C@@H]1C3)(CCCC4(C)C)C,65390,ok,CMPD_E588C8B53B81_ent-kaurane.png,
3420,157009746,COC1=C(C=CC(=C1)C[C@H]2COC(=O)C2C(=O)C3=CC(=C(C=C3)O)OC)O,157009746,ok,CMPD_E58BAB6D940C_7-oxomatairesinol.png,
3421,545571,CCC(C)C(C)CCC(C)C,545571,ok,CMPD_E58D2F46740A_2_5_6-trimethyloctane.png,
3422,14423521,C[C@@H]1CC[C@@]2(CC[C@@]3(C(=CC[C@H]4[C@]3(CC[C@@H]5[C@@]4(CC[C@@H](C5(C)C)O)C)C)[C@@H]2[C@H]1C)C)C=O,14423521,ok,CMPD_E5A18539717B_ursolic_aldehyde.png,
3423,8130,CCCCCCC=O,8130,ok,CMPD_E5B19A2E02A2_Heptanal.png,
3424,6427476,CC1(C2CC1C(=C)C=C2)C,6427476,ok,CMPD_E5BDA7E0175C_Verbenene.png,
3425,101297602,C/C=C(/C)\C(=O)O[C@@H]1C[C@@]2(C[C@@H]3[C@H](C[C@H]2C(=C)[C@H]1O)C(=C)C(=O)O3)C,101297602,ok,CMPD_E5C66BCFE15B_Epi-germanidiol.png,
3426,44256720,C1=CC(=C(C=C1C2=[O+]C3=CC(=CC(=C3C=C2O[C@H]4C(C([C@@H](C(O4)CO)O)O)O[C@H]5[C@@H](C([C@@H](C(O5)CO)O)O)O)O)O)O)O,44256720,ok,CMPD_E5CFC97904C5_Cyanidin_3-sophoroside.png,
3427,102213149,[Li-].C1=CC=C2C(=C1)C(O[P+]23C4=CC=CC=C4C(O3)(C(F)(F)F)C(F)(F)F)(C(F)(F)F)C(F)(F)F,102213149,ok,CMPD_E5DA51BC01C3_isolancerotriol.png,
3428,44583719,CCCCCCC[C@@H](C/C=C/CCC(=O)N(C)C/C(=C/Cl)/[C@@]12[C@@H](O1)C[C@H]([C@H](C2=O)C)O)OC,44583719,ok,CMPD_E5EBC4F60BC0_decarboxyamorfrutin_2.png,
3429,11210213,C1=CC(=CN=C1)CC2=CC=C(C=C2)/C=C/C(=NC3=CC=C(C=C3)Cl)N,11210213,ok,CMPD_E6203C09316F_multiflorenyl_palmitate.png,
3430,6428383,CC(C)C1=CC2[C@@](CCC[C@]2(C)O)(CC1)C,6428383,ok,CMPD_E62AFA19A546_cis-Linalool_oxide_furanoid.png,
3431,5281734,C/C=C\1/C[C@H]([C@@](C(=O)OCC2=CC[N+]3([C@H]2[C@@H](CC3)OC1=O)[O-])(CO)O)C,5281734,ok,CMPD_E63D86B6E7A1_Caffeic_acid_3-O-glucoside.png,
3432,7237,CC1=CC=CC=C1C,7237,ok,CMPD_E64EC2D186AB_o-xylene.png,
3433,101037620,CC(=O)N[C@@H](CC1=CC=C(C=C1)OP(=O)(OCC2=CC=CC=C2)OCC3=CC=CC=C3)C(=O)OCC4=CC=CC(=C4)CC5CCCCC5,101037620,ok,CMPD_E66482BEFC6D_Kaempferol-3-O-_-robinobinoside.png,
3434,91510,C1[C@@H]2[C@H](C3=C(O1)C=C(C=C3)O)OC4=CC5=C(C=C24)OCO5,91510,ok,CMPD_E673DF07F767_maackiain.png,
3435,101458474,COC1=CC=C(C=C1)NC(=O)OCC#CC2=CC(=C(C(=C2)OC)OC)OC,101458474,ok,CMPD_E6824F2148CC__3S_5R_24S_-9_19-cyclolanost-25-ene-3_24-diol.png,
3436,5281704,COC1=CC=C(C=C1)C2=COC3=CC(=C(C=C3C2=O)OC)O,5281704,ok,CMPD_E68EF622D2FA_Afrormosin.png,
3437,72724,C[C@H]1CCC[C@]2(C1=C[C@H]3[C@@H](C2)OC(=O)C3=C)C,72724,ok,CMPD_E6BE0BC653D7_Alantolactone.png,
3438,95790147,CCCCCCC[C@@H](/C=C/C#CC#C[C@@H](C=C)O)O,95790147,ok,CMPD_E6C30905FFEA_panaxydiol.png,
3439,5282806,CCCCCCCC/C=C/CCCCCC/C=C/CCCC(=O)O,5282806,ok,CMPD_E6C62916E909_Icosenoic_acid.png,
3440,5646,CC1=C(C(=C2C(=C1O)C3(C(=CC(=O)C(C3=O)C(=O)C)O2)C)C(=O)C)O,5646,ok,CMPD_E6CEB9BA46A0_Usnic_acid.png,
3441,5364506,CCCC/C=C/CCCCCCCCCCCC(=O)OC,5364506,ok,CMPD_E6E334738C27_sec-butyl-_Z_-propenyl_disulfide.png,
3442,44259194,C1=CC(=CC=C1/C=C/C(=O)OC[C@@H]2[C@H](C(C([C@@H](O2)OC3=C(OC4=CC(=CC(=C4C3=O)O)O)C5=CC(=C(C=C5)O)O)O)OC(=O)/C=C/C6=CC=C(C=C6)O)O)O,44259194,ok,CMPD_E6E9FD54C741_Quercetin_3-glucoside_7-rhamnoside.png,
3443,12134555,C1C(NC(=O)C(N1)C2=CNC3=CC=CC=C32)C4=CNC5=CC=CC=C54,12134555,ok,CMPD_E6E9FD54C741_Quercetin_3-glucoside_7-rhamnoside.png,
3444,15016,CC(=O)CCCCCCCC(=O)O,15016,ok,CMPD_E6EF77687341_9-oxodecanoic_acid.png,
3445,5366433,CCCCCCCC/C=C\CCCCCCCC(=O)O[Si](C)(C)C,5366433,ok,CMPD_E6EFAAE68C53__Z_-3-_heptadec-12-enyl_phenol.png,
3446,10168650,CC1(C2=CC=CC=C2[N+](=C1/C=C/C=C/C=C/3\C(C4=C(N3CCCSC(=N)N)C=CC(=C4)S(=O)(=O)[O-])(C)C)CCCSC(=N)N)C,10168650,ok,CMPD_E6F3034FACD3_pergularine_A.png,
3447,443160,CC1=CC[C@H](C=C1)C(C)C,443160,ok,CMPD_E70E9A3A1D39_gamma-Terpineol.png,
3448,442236,CN1CCC2=CC(=C(C=C2[C@@]13CC4=C([C@@H]3O)C5=C(C=C4)OCO5)OC)OC,442236,ok,CMPD_E7192F2D898E_fumaricine.png,
3449,442101,C1=CC(=O)OC2=CC(=C(C=C21)O)O[C@H]3[C@@H]([C@H]([C@@H]([C@H](O3)CO)O)O)O,442101,ok,CMPD_E73300F37ED2_cichoriin.png,
3450,8892,CCCCCC(=O)O,8892,ok,CMPD_E763054E2433_hexanoic_acid.png,
3451,5353000,C/C=C/C=C\CC/C=C/C(=O)NCCC1=CC=CC=C1,5353000,ok,CMPD_E7632E0B021C__E_-Hex-2-enyl_acetate.png,
3452,5365311,CC1=CC=C(C=C1)C2CC(=C3C(=NC4=C(C3=O)C=C(C=C4)Cl)C2)NCCCN(C)C,5365311,ok,CMPD_E7632E0B021C__E_-Hex-2-enyl_acetate.png,
3453,10878761,C[C@H]1CCC=C([C@]12CC[C@H](C2)C(C)(C)O)C,10878761,ok,CMPD_E7679D452D7D_hinesol.png,
3454,5281600,C1=CC(=CC=C1C2=CC(=O)C3=C(O2)C(=C(C=C3O)O)C4=C(C=CC(=C4)C5=CC(=O)C6=C(C=C(C=C6O5)O)O)O)O,5281600,ok,CMPD_E792D24C306C_amentoflavone.png,
3455,13908485,CCCCCCCCCCCCCCCCCCCCCCCCCCCCCCCC(=O)OC,13908485,ok,CMPD_E7A65A5536D1_Methyl_dotriacentanoate.png,
3456,101344447,C[C@@H](C1C(=O)N[C@@H](C(=O)N[C@H](C(=O)N[C@@H](C(=O)NC(C(=O)NCC(=O)N1)CO)[C@@H]([C@@H]2CNC(=[N+]2[C@H]3[C@H]([C@H]([C@H]([C@@H](O3)CO)O)O)O)N)O)[C@@H]([C@@H]4CN=C(N4)N)O)CC5=CC=C(C=C5)O[C@@H]6[C@@H]([C@@H]([C@@H]([C@H](O6)CO)O[C@H]7[C@H]([C@H]([C@H]([C@@H](O7)COC8=CC9=C(C=C8)C=C(C=C9)OC)O)O)O)O)O)C1=CC=CC=C1,101344447,ok,CMPD_E7A65A5536D1_Methyl_dotriacentanoate.png,
3457,102146824,CC[C@](C)(C1=CC(=O)C2=C(O1)C3=C(C=C2C)C(=O)C4=C(C3=O)C(=CC=C4)O)OCC5=CC=CC=C5,102146824,ok,CMPD_E7ADC2FB22C1_humulene-glucoside.png,
3458,10453,CC(C)CCCC(C)CCCC(C)CCCC(C)(C=C)O,10453,ok,CMPD_E7B381051257_Isophytol.png,
3459,632772,CN1CCC2=CC(=C(C=C2C3(C1C4=C(C3=O)C5=C(C=C4)OCO5)O)O)OC,632772,ok,CMPD_E7FCFDA1E770_fumarofine.png,
3460,2355,COC1=C2C=CC(=O)OC2=CC3=C1C=CO3,2355,ok,CMPD_E80BFA472597_Bergapten.png,
3461,131752176,COC1=CC(=CC2=C1C(=O)C(=C(O2)C3=CC(=C(C=C3)O)O)OC4C(C(C(CO4)O)O)O)O,131752176,ok,CMPD_E8507318559E_guyonianin_C.png,
3462,10115057,CCC(=O)N(CC(=O)NC1=C(C=CC(=C1)C(=O)N(C)C)C(C)(C)C)C2=CC(=C(C(=C2)C)O)C,10115057,ok,CMPD_E863CDA92FDE_Gallicaside_F.png,
3463,440667,C([C@@H]([C@@H]1C(=O)C(=O)C(=O)O1)O)O,440667,ok,CMPD_E86FD5B72435_Dehydroascorbic_acid.png,
3464,101297611,CC[C@H](C[C@H]([C@@](C)([C@H]1CC[C@@]2([C@@]1(CC[C@H]3C2=CC(=O)[C@H]4[C@@]3(C[C@@H]([C@@H](C4)O)O)C)C)O)O)O)C(C)CO,101297611,ok,CMPD_E89F82248331_Millettiaspecoside_D.png,
3465,101297600,CC[C@@H]1CN2CCC34[C@@H]2C[C@@H]1[C@@H]([C@@H]3NC5=CC=CC=C45)CO,101297600,ok,CMPD_E8A48D724CD3_Alaternosides_B.png,
3466,22530143,CCCCCNC1=C(C(=O)N2C=CC=C(C2=N1)C)/C=C/3\C(=O)N(C(=S)S3)C4=C(N(N(C4=O)C5=CC=CC=C5)C)C,22530143,ok,CMPD_E8ADE12321B0_ethyl_4-_sulfoxy_benzoate.png,
3467,8163,CCCCCCCCCC(=O)C,8163,ok,CMPD_E8B065535794_undecanone.png,
3468,17536,CC(C)([C@@H](COC1=C2C=CC(=O)OC2=CC3=C1C=CO3)O)O,17536,ok,CMPD_E8F685C87491_oxypeucedanin.png,
3469,33306,CC1([C@@H](O1)COC2=C3C=CC(=O)OC3=CC4=C2C=CO4)C,33306,ok,CMPD_E8F685C87491_oxypeucedanin.png,
3470,104334,CCCCCCCCCCCCS(=O)(=O)CC#N,104334,ok,CMPD_E8F685C87491_oxypeucedanin.png,
3471,10091891,CC1=C(C(=NO1)C2=CC=C(C=C2)Br)C3=CC=C(C=C3)S(=O)(=O)C,10091891,ok,CMPD_E8FC5DF099C7_nilotinin_D5.png,
3472,5316797,CC1=C(C2=C(C(=C1O)OC)OCC(C2=O)CC3=C(C=C(C=C3)OC)O)O,5316797,ok,CMPD_E90EF1E3BE6D_ophiopogonanone_E.png,
3473,122844,CC(=C)[C@@H]1CC[C@]2([C@H]1[C@H]3CC[C@@H]4[C@]5(CCC(=O)C([C@@H]5CC[C@]4([C@@]3(CC2)C)C)(C)C)C)C(=O)O,122844,ok,CMPD_E91E36BA22A3_betulonic_acid.png,
3474,4114,COC1=C2C(=CC3=C1OC=C3)C=CC(=O)O2,4114,ok,CMPD_E932CA6C1572_8-Methoxypsoralen.png,
3475,5317577,C1=CC(=C(C(=C1)O)O)CCCCCCCCCCCCCCC2=C(C(=CC=C2)O)O,5317577,ok,CMPD_E9345D0EB589_Î_-cedrene.png,
3476,6040,C1CCN(CC1)CC2COC3=CC=CC=C3O2,6040,ok,CMPD_E935D152333B_2-Benzoxazolinone.png,
3477,21637635,C[C@@H]1[C@@H]([C@@H]([C@H]([C@@H](O1)O[C@H]2CC[C@]3([C@H]([C@]2(C)CO)CC[C@@]4([C@@H]3[C@@H](C=C5[C@]4(C[C@@H]([C@@]6([C@H]5CC(CC6)(C)C)CO)O)C)OC)C)C)O)O[C@H]7[C@@H]([C@H]([C@@H]([C@H](O7)CO)O)O)O)O,21637635,ok,CMPD_E940D617C8DD_Saikosaponin.png,
3478,20391236,CCCCCCCCCCCCCCCCC(C(=O)O)(O)O,20391236,ok,CMPD_E957B495F762_dihydroxyoctadecanoic_acid.png,
3479,13983730,COC1=C(C(=C2C(=C1)OC(=C(C2=O)OC)C3=CC=C(C=C3)O)O)O,13983730,ok,CMPD_E95970233982_6-Hydroxykaempferol_3_7-dimethyl_ether.png,
3480,11462088,COC(=O)CC(COCP(=O)(O)O)N1C=NC2=NC=NC(=C21)N,11462088,ok,CMPD_E95970233982_6-Hydroxykaempferol_3_7-dimethyl_ether.png,
3481,88297,CC1([C@H]2C[C@@H]1C(=C)[C@H](C2)O)C,88297,ok,CMPD_E96F04A9BE01_cis-pinocarveol.png,
3482,460,COC1=CC=CC=C1O,460,ok,CMPD_E973A64CE098_guaiacol.png,
3483,154828660,C[C@H]1[C@@H]([C@H]([C@H]([C@@H](O1)O[C@@H]2[C@H]([C@@H](CO[C@H]2OC(=O)[C@]34CCC(C[C@H]3C5=CC[C@@H]6[C@]7(C[C@@H]([C@@H]([C@@]([C@@H]7[C@@H](C[C@]6([C@@]5(C[C@H]4O)C)C)O)(C)CO)O[C@H]8[C@@H]([C@H]([C@@H]([C@H](O8)CO[C@H]9[C@@H]([C@H]([C@@H]([C@H](O9)CO)O)O)O)O)O)O)O)C)(C)C)O)O)O)O)O[C@H]1[C@@H]([C@H]([C@@H](CO1)O)O[C@H]1[C@@H]([C@](CO1)(CO)O)O)O,154828660,ok,CMPD_E9AA5891CC8D_Arganine_B.png,
3484,11491905,C[C@H]1[C@@H]([C@H]([C@H]([C@@H](O1)O[C@@H]2[C@H](O[C@H]([C@@H]([C@H]2O)O)OC[C@@H]3[C@H]([C@@H]([C@H]([C@@H](O3)OC(=O)[C@@]45CC[C@@]6(C(=CC[C@H]7[C@]6(CC[C@@H]8[C@@]7(CC[C@@H]([C@@]8(C)CO)O[C@H]9[C@@H]([C@H]([C@H](CO9)O)O)O[C@H]1[C@@H]([C@@H]([C@H]([C@@H](O1)C)O)O)O)C)C)[C@@H]4CC(CC5)(C)C)C)O)O)O)CO)O)O)O,11491905,ok,CMPD_E9D4FC04CDE3_hederacoside_C.png,
3485,5497163,CCCCCCCC/C=C\CCCCCCCC(=O)OCC(OC(=O)CCCCCCC/C=C\CCCCCCCC)COC(=O)CCCCCCC/C=C\CCCCCCCC,5497163,ok,CMPD_E9E0543E1E36_triolein.png,
3486,68077,COC1=CC=C(C=C1)C2=CC(=O)C3=C(O2)C(=C(C(=C3OC)OC)OC)OC,68077,ok,CMPD_E9E8AFCF481D_Tangeretin.png,
3487,14605963,C1CC(N(C1)CC2=CC=CC=C2)C(=O)[N-]C3=CC=CC=C3C(=NC(CC4=CC(=CC=C4)F)C(=O)O)C5=CC=CC=C5.[Ni],14605963,ok,CMPD_E9EA2DB552DA_Apigenin_7-glucuronide_methyl_ester.png,
3488,94715,[C@@H]1([C@@H]([C@H](OC([C@@H]1O)O)C(=O)O)O)O,94715,ok,CMPD_E9ECF586EE92_Glucuronic_acid.png,
3489,11989381,C/C=C/SC[C@@H](C(=O)O)N,11989381,ok,CMPD_E9EF28EB83BB_S-1-propenyl-L-cysteine.png,
3490,4984595,CCCCCCCCCCCCCCCC1=C(C(=O)C=C(C1=O)OC)O,4984595,ok,CMPD_EA0F6BF79A7D_dihydromaesanin.png,
3491,44575173,C1[C@@H]2[C@H]([C@@H]([C@H]([C@H](O2)OC(=O)C3=CC(=C(C(=C3)OC4=C(C(=C(C=C4C(=O)O[C@H]5[C@H]6[C@H]([C@H]7[C@H](O5)COC(=O)C8=CC(=C(C(=C8C9=C(C(=C(C=C9C(=O)O7)O)O)O)O)O)O)OC(=O)C2=CC(=C(C(=C2C2=C(C(=C(C=C2C(=O)O6)O)O)O)O)O)O)O)O)O)O)O)OC(=O)C2=CC(=C(C(=C2)O)O)O)OC(=O)C2=CC(=C(C(=C2)O)O)O)OC2=C(O1)C1=CC(=C(C(=C1C1=C(C(=C(C=C12)O)O)O)O)O)O,44575173,ok,CMPD_EA1A4531AA11_gemin_A.png,
3492,101438992,CSCCP(=[Se])(CCC1=CC=CC=C1)CCC2=CC=CC=C2,101438992,ok,CMPD_EA1A4531AA11_gemin_A.png,
3493,44575173Â,,44575173Â,failed,,400 Client Error: PUGREST.BadRequest for url: https://pubchem.ncbi.nlm.nih.gov/rest/pug/compound/cid/44575173%C3%82/PNG?image_size=500x500
3494,72322,C1C[N+]2=C(C=C3C=CC4=C(C3=C2)OCO4)C5=CC6=C(C=C51)OCO6,72322,ok,CMPD_EA1AAC3D3DFF_coptisine.png,
3495,492392,C1C2C(C3C4[C@@H](C5=C(C(=C(C(=C5C(=O)O4)C6=C(C(=C(C(=C6C(=O)O3)C7=C(C(=C(C=C7C(=O)O2)O)O)O)O)O)O)O)O)O)C8([C@@H]([C@@H](C(O8)CO)O)O)O)OC(=O)C9=CC(=C(C(=C9C2=C(C(=C(C=C2C(=O)O1)O)O)O)O)O)O,492392,ok,CMPD_EA4D6B14CB9E_Grandinin.png,
3496,3055167,CC1([C@H](O1)COC2=C3C(=C(C4=C2OC(=O)C=C4)OC)C=CO3)C,3055167,ok,CMPD_EA680BECA14C_Byakangelicol.png,
3497,679,CS(=O)C,679,ok,CMPD_EAC6819D6E57_Dimethyl_Sulfoxide.png,
3498,155236,CC1(C=CC2=C3C(=C(C=C2O1)OC)C(=O)C[C@H](O3)C4=CC=CC=C4)C,155236,ok,CMPD_EACFEE80C935_obovatin_5-methyl_ether.png,
3499,129315878,C1C=C(CN1C(=O)O)C2=CC(=C(N=C2)C#N)C3=CC=NC=C3,129315878,ok,CMPD_EAF61CF2FCE8_3_-O-Acetylheliosupine_N-oxide.png,
3500,20746,CC1=CC2=C(C=C1)NC3=CC=CC=C32,20746,ok,CMPD_EB0735CC7106_3-methylcarbazole.png,
3501,5281244,CC1=C[C@@H](CC([C@H]1/C=C/C(=C/C=C/C(=C/C=C/C=C(\C)/C=C/C=C(\C)/C=C/[C@]23[C@](O2)(C[C@H](CC3(C)C)O)C)/C)/C)(C)C)O,5281244,ok,CMPD_EB0A41D310B7_beta-Zeacarotene.png,
3502,10183137,C1CN(CCC1C2=CC(=C(N2)C3=CC=C(C=C3)F)C4=CC=NC=C4)CC5=C(C=C(C=C5)O)Cl,10183137,ok,CMPD_EB156D2A20C8_myrtucommulones_J.png,
3503,129646339,CN1C2CCC1=CC(C2)OC(=O)[C@H](CO)C3=CC=CC=C3,129646339,ok,CMPD_EB20B8034DAC_dehydrohyoscyamine.png,
3504,86311108,C1C(=O)C2=C(C=C(C=C2O[C@@]1(C3=CC=C(C=C3)O)O)O)O,86311108,ok,CMPD_EB23A4135F60_2-hydroxynaringenin.png,
3505,7019,C1=CC=C2C(=C1)C(=C3C=CC=CC3=N2)N,7019,ok,CMPD_EB277641F3BE_acridin-9-amine.png,
3506,101235129,C[C@@H]1C=C[C@@H]2CCCC[C@H]2C1C(=O)OC,101235129,ok,CMPD_EB3AD4532963_2-O-trans-caffeoylhydrocitric_acid.png,
3507,24797519,C1=CC(=C(C=C1/C=C/C(=O)OC(C(=O)O)C(CC(=O)O)(C(=O)O)O)O)O,24797519,ok,CMPD_EB3AD4532963_2-O-trans-caffeoylhydrocitric_acid.png,
3508,10186175,C1CN(CCN1CCC(=O)C2=CC(=CC(=C2)C(F)(F)F)C(F)(F)F)CC3=CC=CC=C3,10186175,ok,CMPD_EB3F8DBC6942_Stemmoside_A.png,
3509,528708,CC1=CCC(C2=C1C=CC(=C2)C)C(C)C,528708,ok,CMPD_EB42C23A557F_calacorene.png,
3510,16058264,CCCCCCCC/C=C\CCCCCCCC(=O)OC[C@@H]1[C@H]([C@@H]([C@H]([C@@H](O1)O[C@H]2CC[C@@]3([C@H]4CC[C@]5([C@H]([C@@H]4CC=C3C2)CC[C@@H]5[C@H](C)CC[C@@H](CC)C(C)C)C)C)O)O)O,16058264,ok,CMPD_EB4B26BCFDB7_Sitoindoside_II.png,
3511,5272653,COC1=C(C=C(C=C1)C2=CC(=O)C3=C(C=C(C=C3O2)OC)O)OC,5272653,ok,CMPD_EB5EE6E3628A_5-hydroxy-7_3_4_-trimethoxyflavone.png,
3512,76014,CC(C)(C)C1=CC(=CC(=C1O)C(C)(C)C)CN2CCOCC2,76014,ok,CMPD_EB5EE6E3628A_5-hydroxy-7_3_4_-trimethoxyflavone.png,
3513,6325127,C[C@@]1(C[C@H]([C@H]2[C@@H]1[C@@H](OC=C2)O[C@H]3[C@@H]([C@H]([C@@H]([C@H](O3)CO)O)O)O)O)O,6325127,ok,CMPD_EBBB4B41DF4A_ajugol.png,
3514,5281771,C[C@H]1[C@@H]([C@H]([C@H]([C@@H](O1)O[C@@H]2[C@H]([C@@H](O[C@@H]([C@H]2OC(=O)/C=C/C3=CC(=C(C=C3)O)O)CO[C@H]4[C@@H]([C@H]([C@@H]([C@H](O4)CO)O)O)O)OCCC5=CC(=C(C=C5)O)O)O)O)O)O,5281771,ok,CMPD_EBE089B260C8_echinacoside.png,
3515,5281707,C1=CC2=C(C=C1O)OC3=C2C(=O)OC4=C3C=CC(=C4)O,5281707,ok,CMPD_EBE089B260C8_echinacoside.png,
3516,19009,COC1=C(C2=C[N+]3=C(C=C2C=C1)C4=CC(=C(C=C4CC3)OC)OC)OC,19009,ok,CMPD_EBE70A09D477_palmatine.png,
3517,5386591,C=CCSS/C=C/CS(=O)CC=C,5386591,ok,CMPD_EBE7398A256A_Ajoene.png,
3518,5102882,C1(C(C(OC(C1O)O)C(=O)[O-])O)O.[Na+],5102882,ok,CMPD_EC0FAD69CD7A_alginate.png,
3519,14758720,C[C@@H]1CC[C@@]2(CC[C@@]3(C(=CC[C@H]4[C@]3(CC[C@@H]5[C@@]4(CC[C@@H](C5(C)C)O)C)C)[C@@H]2[C@H]1C)COC(=O)/C=C/C6=CC=C(C=C6)O)C(=O)O,14758720,ok,CMPD_EC1D80054830_27-p-cumaroxy_ursolic_acid.png,
3520,4763,CCC1(C(=O)NC(=O)NC1=O)C2=CC=CC=C2,4763,ok,CMPD_EC3DA6B30D81_Phenobarbital.png,
3521,354654,CC1=CC[C@]2(CC[C@]([C@@H]2[C@H](C1)OC(=O)C3=CC=C(C=C3)O)(C(C)C)O)C,354654,ok,CMPD_EC41F3EBD7A9_ferutinin.png,
3522,3083066,C[C@H]1[C@@H]([C@H]([C@H]([C@@H](O1)OC[C@@H]2[C@H]([C@@H]([C@H]([C@@H](O2)OC3=CC4=C(C=C(C=C4[O+]=C3C5=CC(=C(C(=C5)O)O)O)O[C@H]6[C@@H]([C@H]([C@@H]([C@H](O6)COC(=O)C7=CC=C(C=C7)O[C@H]8[C@@H]([C@H]([C@@H]([C@H](O8)COC(=O)C9=CC=C(C=C9)O)O)O)O)O)O)O)O)O)O)O)O)O)O,3083066,ok,CMPD_EC645E4005FF_violdelphin.png,
3523,5280448,COC1=C(C=C(C=C1)C2=COC3=C(C2=O)C=CC(=C3)O)O,5280448,ok,CMPD_EC69ED87EC02_Calycosin.png,
3524,5283627,C[C@H](CCCC(C)C)[C@H]1CC[C@@H]2[C@@]1(CC[C@H]3[C@H]2C(=O)C=C4[C@@]3(CCC=C4)C)C,5283627,ok,CMPD_EC717399A843_Avenasterol.png,
3525,5365872,CC(=CCC/C(=C/CC/C(=C/CCC(C)(C=C)O)/C)/C)C,5365872,ok,CMPD_EC8AC514FDA6_geranyl_linalool.png,
3526,31253,CC(=CCCC(=C)C=C)C,31253,ok,CMPD_EC9EFB833402_Myrcene.png,
3527,26945,CC1=C(C2=CC3=C(C(=C([N-]3)C=C4C(=C(C(=N4)C=C5C(=C(C(=N5)C=C1[N-]2)C)C=C)C)C=C)C)CCC(=O)O)CCC(=O)O.[Fe+2],26945,ok,CMPD_ECC49548A370_globifer.png,
3528,34540,CC1CCC2C(CCC(C2C1)C(C)C)C,34540,ok,CMPD_ECC6A172244C_amorphane.png,
3529,10141617,CC(C(CCC1=CC=CC=C1OCC2=CC=C(C=C2)C(C)(C)C3=CC=CC=C3)N4C=C(N=C4)C(=O)N)O,10141617,ok,CMPD_ECEECB8A5F3E_3_4-seco-mansumbinoic_acid.png,
3530,5365518,C1=CC=C2OC(=NC2=C1)/C(=C/NC3=CC=C(C=C3)N/C=C(/C4=NC5=CC=CC=C5O4)\C#N)/C#N,5365518,ok,CMPD_ECEF2D75C938_6Z-farnesal.png,
3531,10031482,C[C@H]1[C@@H]([C@H]([C@H]([C@@H](O1)OC2=C(OC3=CC(=CC(=C3C2=O)O)O)C4=CC(=C(C=C4)O)O)OC(=O)C5=CC(=C(C(=C5)O)O)O)O)O,10031482,ok,CMPD_ECF3F9762E36_Quercitrin_2_-O-gallate.png,
3532,101290356,CCCCCCCCCCCCCCCCCCC(COS(=O)(=O)[O-])/C=C/CCCCC.[K+],101290356,ok,CMPD_ED184BAC5575_synagrantol_B.png,
3533,12921521,C1=CC=C(C=C1)/C=C(\Br)/C(P(=O)(O)C(O)/C(=C/C2=CC=CC=C2)/Br)O,12921521,ok,CMPD_ED184BAC5575_synagrantol_B.png,
3534,6428384,CC1=CC[C@@H]([C@@]2(C1=CC(CC2)C(C)C)C)O,6428384,ok,CMPD_ED4AB9A0F2DF_trans-Linalool_oxide_furanoid.png,
3535,14467711,CC1=CC=CC2(C1C3C(CC2)C(=C)C(=O)O3)C,14467711,ok,CMPD_ED4F6F6410CC_10-epigazaniolide.png,
3536,6442583,C1CCNC(=O)/C=C\C2=CC(=C(C=C2)O)OC3=CC=C(C=C3)/C=C/C(=O)NCCCNC1,6442583,ok,CMPD_ED546DB69506_Cadabicine.png,
3537,12412,CCCCCCCCCCCCCCCCCCCCCCCCCCCCCCCCCCCC,12412,ok,CMPD_ED7AC2457901_hexatriacontane.png,
3538,12304985,C[C@@H]1CC[C@@H]2[C@@H]1[C@H]3[C@H](C3(C)C)CC[C@@]2(C)O,12304985,ok,CMPD_EDC242BCE960_globulol.png,
3539,21603545,C[C@H]1[C@@H]([C@H]([C@H]([C@@H](O1)O[C@H]2[C@@H](CO[C@H]([C@@H]2O)O[C@H]3[C@@H](O[C@H]([C@@H]([C@@H]3O)O)O[C@@H]4[C@H]([C@H](CO[C@H]4OC(=O)[C@]56CCC(C[C@H]5C7=CC[C@@H]8[C@]9(C[C@@H]([C@@H]([C@@]([C@@H]9[C@@H](C[C@]8([C@@]7(C[C@H]6O)C)C)O)(C)CO)O[C@H]1[C@@H]([C@H]([C@@H]([C@H](O1)CO)O)O)O)O)C)(C)C)O)O)C)O)O)O)O,21603545,ok,CMPD_EE0E1DD1EB11_Arganine_C.png,
3540,3828,CC1=CC(=O)C2=C(C3=C(C(=C2O1)OC)OC=C3)OC,3828,ok,CMPD_EE7218AAFF12_Khellin.png,
3541,11079623,COC1=CC=C(C=C1)C2=C(C(=O)C3=C(C(=C(C(=C3O2)OC)OC)OC)O)OC,11079623,ok,CMPD_EE782BCBFD0F_5-Hydroxy-3_6_7_8_4_-pentamethoxyflavone.png,
3542,11094038,C(COCCOCCOCCO)O.C(F)(F)(F)S(=O)(=O)O.C(F)(F)(F)S(=O)(=O)O.C(F)(F)(F)S(=O)(=O)O.[Yb],11094038,ok,CMPD_EEB2F463B4DF_12-O-tigloyl-4-deoxyphorbol-13-isobutyrate.png,
3543,5281792,C1=CC(=C(C=C1C[C@H](C(=O)O)OC(=O)/C=C/C2=CC(=C(C=C2)O)O)O)O,5281792,ok,CMPD_EED1338387D0_Rosmarinic_acid.png,
3544,38356809,COC1=CC(=CC2=C1O[C@@H]([C@H]2CO)C3=CC(=C(C=C3)O)OC)/C=C/C(=O)O,38356809,ok,CMPD_EEDBA6E5CB00_spicatolignan_B.png,
3545,23136263,CCCCCCCCCCCCCCCCCC(=O)OC1CCC2(C3CC(C4(C(C3CC=C2C1)CCC4C(C)CCCC(C)C)C)O)C,23136263,ok,CMPD_EEFA53EDE0BA_1_2-dihydrocacalohastine.png,
3546,11541511,C[C@H]1[C@@H]([C@H](C[C@@H](O1)O[C@H]2CC[C@]3([C@@H](C2)CC[C@@H]4[C@@H]3CC[C@]5([C@@]4(C[C@@H]([C@@H]5C6=CC(=O)OC6)OC(=O)C)O)C)C)OC)O,11541511,ok,CMPD_EF35205EFD6D_oleandrin.png,
3547,75519,CCCCCCCCCCCCCCCCCCCCCCC(=O)OC,75519,ok,CMPD_EF3DE28B8628_methyl_tricosanoate.png,
3548,442436,CC(C)CC(=O)O[C@H]1C=C2[C@@H]([C@@]13CO3)[C@@H](OC=C2COC(=O)C)OC(=O)CC(C)C,442436,ok,CMPD_EF421B22AD89_valtrate.png,
3549,5352030,CC1CC(=O)OC[C@]23C[C@@H](C(=C[C@H]2O[C@@H]4C[C@H]([C@]3([C@@]45CO5)C)OC(=O)/C=C\C=C\C(OCC1O)C(C)O)C)O,5352030,ok,CMPD_EF48C8D0DF51_B1.png,
3550,11956488,CC1=C(C=CC(=N1)NC(=O)C2=CC(=C(C=C2)CN3C=CN(C=C3)C)Cl)NC4=NC=CC(=N4)C5=CN=CC=C5,11956488,ok,CMPD_EF4DA344AF89_3-Hydroxy-1-_4-hydroxyphenyl_propan-1-one.png,
3551,102434458,CCOC(=O)C([C@@H]1[C@H]([C@H]([C@H]([C@H](O1)COCC2=CC=CC=C2)OCC3=CC=CC=C3)OCC4=CC=CC=C4)O)C(=O)OCC,102434458,ok,CMPD_EF80B06F0820_1_2_6-tri-O-galloyl-beta-D-glucose.png,
3552,11116238,CC(C)(C1=CC=C(C=C1)O)O,11116238,ok,CMPD_EFC6AE6D33AF_Acutissimin.png,
3553,16132408,C1[C@@H]([C@H](OC2=C1C(=CC(=C2[C@H]3[C@H]4[C@@H]5[C@H]6[C@@H](COC(=O)C7=CC(=C(C(=C7C8=C(C(=C(C=C8C(=O)O6)O)O)O)O)O)O)OC(=O)C9=CC(=C(C(=C9C1=C(C(=C(C(=C1O)O)O)C1=C(C3=C(C(=C1O)O)O)C(=O)O4)C(=O)O5)O)O)O)O)O)C1=CC(=C(C=C1)O)O)O,16132408,ok,CMPD_EFC6AE6D33AF_Acutissimin.png,
3554,9910474,C[C@H]1[C@H]2[C@H](C[C@@H]3[C@@]2(CC[C@H]4[C@H]3CC=C5[C@@]4([C@@H](C[C@@H](C5)O)O)C)C)O[C@]16CCC(=C)CO6,9910474,ok,CMPD_EFCA31ADF260_Neoruscogenin.png,
3555,Â 5318606,,Â 5318606,failed,,400 Client Error: PUGREST.BadRequest for url: https://pubchem.ncbi.nlm.nih.gov/rest/pug/compound/cid/%C3%82%C2%A05318606/PNG?image_size=500x500
3556,5318606,C1=C(C=C(C(=C1O)O)O)C2=C(C(=O)C3=C(C=C(C=C3O2)O)O)O[C@H]4[C@@H]([C@H]([C@@H]([C@H](O4)CO)O)O)O,5318606,ok,CMPD_EFE098D61964_myricetin-3-O-glucoside.png,
3557,5363221,CCC/C=C\CCCCCCCCCOC(=O)C,5363221,ok,CMPD_EFE5E1B22951_Z-10-tetradecen-1-ol_acetate.png,
3558,12921517,CC(CCOP(=O)(C(O)/C(=C/C1=CC=CC=C1)/Br)C(O)/C(=C/C2=CC=CC=C2)/Br)C,12921517,ok,CMPD_EFE6BB98046B_Gallicaside_C.png,
3559,11048476,[B-](F)(F)(F)F.CN(C)C1=CC=C(C=C1)C(=C2C=CC(=[N+](C)C)C=C2)/C=C/C3=CC=CC=C3,11048476,ok,CMPD_EFEBF11832DA_dehydrocalotropagenin.png,
3560,170551,CC1=CC2=C(C=C1O)[C@@](C(=O)C=C2C(C)C)(C)O,170551,ok,CMPD_F01E8A92514A_lacinilene_C.png,
3561,237332,C1=C(OC(=C1)C=O)CO,237332,ok,CMPD_F0260476586F_5-hydroxymethylfurfural.png,
3562,743,C(CC(=O)O)CC(=O)O,743,ok,CMPD_F032E5893073_glutaric_acid.png,
3563,12310804,C[C@@H]([C@@](C(C)C)(C(=O)OCC1=CCN2[C@H]1[C@H](CC2)O)O)O,12310804,ok,CMPD_F0725AB42F3C_Echinatine.png,
3564,101761,C[C@]12CC[C@@H](C([C@@H]1CC[C@@]3([C@@H]2CC=C4[C@]3(CC[C@@]5([C@H]4CC(CC5)(C)C)CO)C)C)(C)C)O,101761,ok,CMPD_F0830F7111DB_erythrodiol.png,
3565,101628,CC(CCCC(=C)C)CC=O,101628,ok,CMPD_F0830F7111DB_erythrodiol.png,
3566,10812,CC1=CC(=CC=C1)C(C)C,10812,ok,CMPD_F089BC59E4D4_m-cymene.png,
3567,70759,CC1=CC(=CC=C1)C(=C)C,70759,ok,CMPD_F089BC59E4D4_m-cymene.png,
3568,10892015,CCOC(=O)[C@@]1([C@@H]2CC[C@@H](C2)[C@H]1O)NC(=O)C3=CC=CC=C3,10892015,ok,CMPD_F089BC59E4D4_m-cymene.png,
3569,131752119,CC1=C(C(CC(C1)O)(C)C)/C=C/C(=C/C=C/C(=C/C=C/C=C(\C)/C=C/C=C(\C)/C=C/C23C(CCCC2(O3)C)(C)C)/C)/C,131752119,ok,CMPD_F0ABE2215DF4_euphelionolides_G.png,
3570,91895456,C[C@H]1[C@@H](CC[C@]2([C@@H]1C3=CC[C@@H]4[C@]5(CC[C@@H](C([C@@H]5CC[C@]4([C@@]3(CC2)C)C)(C)C)O)C)C(=O)O)CO,91895456,ok,CMPD_F0BEF61B42A0_rubifolic_acid.png,
3571,5364483,CCCC/C=C\CCCCCCCCCO,5364483,ok,CMPD_F0D51A24278C_Z-10-pentadecen-1-ol.png,
3572,736681,CCOC(=O)/C=C/C1=CC(=C(C=C1)O)OC,736681,ok,CMPD_F0DE0E78AECD_Ethyl_ferulate.png,
3573,96539,COC1=CC=C(C=C1)C2=CC(=O)C3=C(C(=C(C(=C3O2)OC)OC)OC)O,96539,ok,CMPD_F0EA987F8621_5-hydroxy-6_7_8_4_-tetramethoxyflavone.png,
3574,5280759,C1=CC=C(C(=C1)/C=C/C(=O)O)O[C@H]2[C@@H]([C@H]([C@@H]([C@H](O2)CO)O)O)O,5280759,ok,CMPD_F0FEE50AC1D9_melilotoside.png,
3575,131752120,CCCCC(C(C/C=C\CCC(C1CCC(O1)CCCCCCCCCCCCC(CC2=CC(OC2=O)C)O)O)O)O,131752120,ok,CMPD_F10816EED9A3_euphelionolides_H.png,
3576,46209581,C1=CC(=CC=C1C(=O)C2=C(C=C(C=C2O[C@H]3[C@@H]([C@H]([C@@H]([C@H](O3)CO)O)O)O)O)O)O,46209581,ok,CMPD_F109A789747E_Iriflophene-2-O-beta-D-glucoside.png,
3577,5364739,CCC/C=C(\C)/C(C)C,5364739,ok,CMPD_F10E1D288215_octadecanoic_acid_9-oxo-methyl_ester.png,
3578,73401,C[C@@H]1C[C@@H]2[C@H]3[C@](CCC[C@@]3([C@]1(CCC4=COC=C4)O)C)(C(=O)O2)C,73401,ok,CMPD_F13B769DC867_marrubiin.png,
3579,131752311,C[C@@]12CCC3[C@]([C@@]14[C@H](O4)C(=O)O[C@H]2C5=COC=C5)([C@H](C(=O)C([C@]3(C)[C@H](CC(=O)OC)O)C(C)(C)O)O)C,131752311,ok,CMPD_F162B858E1CA_Semipapposide_B.png,
3580,131752305,CC1CCCOC(C1)/C=C\C(=C)C,131752305,ok,CMPD_F163C3EB8AEA_Preussilides_A.png,
3581,5366442,C[Si](C)(C)OC(=O)CC/C=C\C/C=C\CC(=O)O[Si](C)(C)C,5366442,ok,CMPD_F173729B8BA6_alpha-Acorenol.png,
3582,5321307,CCOCC1CC23CCC4C(C2CCC1C3)(CCCC4(C)C(=O)O)C,5321307,ok,CMPD_F173729B8BA6_alpha-Acorenol.png,
3583,442221,CC=C(C)C(=O)O[C@@H]1C[C@@]([C@@H]2[C@@H]([C@@H]3[C@]([C@@]2([C@@H]4[C@@H]1C(=C)C(=O)O4)O)(O3)C)O)(CCl)O,442221,ok,CMPD_F17D241FE31E_centaurolide-B.png,
3584,5320844,C1=CC(=C(C=C1C2=C(C(=O)C3=C(C=C(C=C3O2)O)O)O)O)O[C@H]4[C@@H]([C@H]([C@@H]([C@H](O4)CO)O)O)O,5320844,ok,CMPD_F17E7285005E_spiraeoside.png,
3585,5364738,CCCCCCC(C)/C=C/CC,5364738,ok,CMPD_F1A102F106FA_6E-farnesyl_acetone.png,
3586,11130635,CC(C)COC1=CC(=O)C2CCCC2(C1)C(=O)OCC(C)C,11130635,ok,CMPD_F1AEDF4A3678_Urs-12-ene-3_16-diol.png,
3587,14033815,COC1=C(C=CC(=C1)C[C@]2(CO[C@@H]([C@H]2CO)C3=CC(=C(C=C3)O)OC)O)O[C@H]4[C@@H]([C@H]([C@@H]([C@H](O4)CO)O)O)O,14033815,ok,CMPD_F1AEF279E9B3_olivil_4_-O-_-glucoside.png,
3588,101481177,CN1C2=C(CCCCCC2(F)F)N=N1,101481177,ok,CMPD_F1AEF279E9B3_olivil_4_-O-_-glucoside.png,
3589,14105907,C[C@@H]1CC[C@H]([C@@]12CCC(=CC2)C)C(C)(C)O,14105907,ok,CMPD_F1C111CACB3C_beta-acorenol.png,
3590,101140026,CCCCCCCCCCCC(=O)N[C@@H](CCC(=O)N)C(=O)NCC(=O)O,101140026,ok,CMPD_F1C111CACB3C_beta-acorenol.png,
3591,5352557,CC/C=C/CCOC(=O)C,5352557,ok,CMPD_F1C9FAB68072_E-3-hexenol_acetate.png,
3592,9815668,CCO[C@@H]1[C@@H]([C@H]([C@@H]([C@H](O1)CO)O)O)O,9815668,ok,CMPD_F1E862933B25_ethyl_alpha-D-glucopyranoside.png,
3593,68140,CC(=C)C1CCC(=C)CC1,68140,ok,CMPD_F20CD6FCAD97_pseudo-limonene.png,
3594,11036041,CC(=CCC1=C2C(=C(C=C1O)O)C(=O)CC(O2)C3=CC(=C(C=C3)O)OC)C,11036041,ok,CMPD_F210A1F519BE_Exiguaflavanone_K.png,
3595,16129800,C1C2C3C(C(C(O2)O)OC(=O)C4=CC(=C(C(=C4OC5=C(C(=C6C(=C5)C(=O)OCC7C(C(C(C(O7)O)OC(=O)C8=CC(=C(C(=C8OC9=C(C(=C(C(=C9)C(=O)O3)C2=C(C(=C(C=C2C(=O)O1)O)O)O)O)O)O)O)O)OC(=O)C1=CC(=C(C(=C1)O)O)O)OC(=O)C1=CC(=C(C(=C16)O)O)O)O)O)O)O)O)OC(=O)C1=CC(=C(C(=C1)O)O)O,16129800,ok,CMPD_F214CE97922D_Oenothein_B.png,
3596,10224,CC1CCC(C2=C1C=CC(=C2)C)C(C)C,10224,ok,CMPD_F21CBEC0AFDC_Rhombifoline.png,
3597,68382,C1C2=CC=CC=C2OC1=O,68382,ok,CMPD_F21D521A504A_benzofuranone.png,
3598,124035,CC(=CCC1=C(C(=C2C(=C1O)C(=O)C[C@H](O2)C3=CC=C(C=C3)O)CC=C(C)C)O)C,124035,ok,CMPD_F225C777CFE8_Lonchocarpol_A.png,
3599,101416738,C/C=C\CCC/C=C/C=C/1\C(CCC1=O)O,101416738,ok,CMPD_F22E655D4F20_Premyrsinane.png,
3600,5281804,COC1=CC(=C2C(=C1)OC=C(C2=O)C3=CC=C(C=C3)O)O,5281804,ok,CMPD_F2479B317F0A_4_5-dihydroxy-7-methoxyisoflavone.png,
3601,142832,CCCCC#CCCC#CCCCC,142832,ok,CMPD_F26836A7DE0F_5_9-tetradecadiyne.png,
3602,101297604,C[C@@H]1CC(C(=O)O[C@@H]2CCN(C/C=C(/C2=O)\COC(=O)[C@]1(C)OC(=O)C)C)(C(C)OC(=O)C)O,101297604,ok,CMPD_F269343874F2_palustroside_III.png,
3603,147806,C1=CC=C(C=C1)C2C(C(=O)C3=CC=CC=C3O2)O,147806,ok,CMPD_F26F0F467433_Dihydroflavonol.png,
3604,101831202,CCCCCCCCCCCCCCCCCCCCCC(=O)O[C@@H]1[C@@H](COC[C@H]([C@H]1O)O)O,101831202,ok,CMPD_F2897D08DE7F_5_-Dihydro-2_-methoxy-5_4_-dihydroxy-5_-isopropenylfurano-_2_3_-h_isoflavone.png,
3605,10141618,CC(=O)N[C@@H](CC1=CN=CN1)C(=O)N[C@@H](CC2=CC=C(C=C2)OC)C(=O)N3CCC(CC3)C(C)(C)C,10141618,ok,CMPD_F2C6EC59A192_lauroxepine.png,
3606,44259451,CC1[C@@H](C([C@@H]([C@@H](O1)OC2=C(OC3=CC(=CC(=C3C2=O)O)O)C4=CC(=C(C(=C4)O)O)O)O)OC(=O)C5=CC(=C(C(=C5)O)O)O)O,44259451,ok,CMPD_F2EE9F4FF7A1_3-O-galloyl-alpha-L-rhamnopyranosyl_myricetin.png,
3607,8056,C(CCBr)CBr,8056,ok,CMPD_F2F97918D789_Amyle_isobutyrate.png,
3608,101037622,CCC(C1=CC=CC(=C1)CC2CCCCC2)OC(=O)[C@H](CC3=CC=C(C=C3)OP(=O)(OCC4=CC=CC=C4)OCC5=CC=CC=C5)NC(=O)C,101037622,ok,CMPD_F2FE2B5C7F54_luteolin-4_-O-Î²-D-glucoside.png,
3609,5319480,COC1=C2C(=CC(=C1O)O)C=CC3=C2C=CC(=C3)O,5319480,ok,CMPD_F2FE2B5C7F54_luteolin-4_-O-Î²-D-glucoside.png,
3610,11966109,C[C@@]12CCCC([C@H]1CC[C@]34[C@H]2CC[C@H](C3)C(=C)C4)(C)C,11966109,ok,CMPD_F3096E33C6A1_ent-kaurene.png,
3611,5281146,CC#CC#CC#C/C=C/C(=O)OC,5281146,ok,CMPD_F30B2235D63C__Z_-falcarinol.png,
3612,439195,C1[C@@H]([C@@H]([C@H](C(O1)O)O)O)O,439195,ok,CMPD_F31735A6B758_arabinose.png,
3613,530428,CC1=CC(=O)C2C3C1C2(CCCC3(C)C)C,530428,ok,CMPD_F375674EB200_vulgarone_B.png,
3614,11029288,CCC[C@@H](C(=O)NC[C@H](C[C@H]1[C@H](OC(O1)(C)C)CC/C(=C/C=C/[C@H](CC)CCCC2(OCCO2)CCCC[C@@H](C)C[C@H](C)CO)/COC)OCOC)O[Si](C)(C)C(C)(C)C,11029288,ok,CMPD_F38062069AC7_3-epi-micromeric_acid.png,
3615,10115044,COC1=NC=C(C=C1)[C@@H](CC(=O)O)N2CCN(C2=O)CCCC3=NC(=CC=C3)NCC4CC4,10115044,ok,CMPD_F38062069AC7_3-epi-micromeric_acid.png,
3616,5365895,CC(=CCC/C(=C/CC/C(=C/CCC(=C)C=C)/C)/C)C,5365895,ok,CMPD_F386B8E8BF0A_beta-springene.png,
3617,5364731,C1CCC(CC1)/[N+](=C/CCl)/[O-],5364731,ok,CMPD_F386B8E8BF0A_beta-springene.png,
3618,5319226,CC(C)C(CC([C@@](C)([C@H]1CCC2([C@@]1(CCC3C2=CC(=O)[C@H]4[C@@]3(C[C@@H]([C@@H](C4)O)O)C)C)O)O)O)C(C)O,5319226,ok,CMPD_F38DD469A75F_Stigmasterol_3-O-beta-D-glucopyranoside.png,
3619,6602508,CC[C@H](/C=C/[C@@H](C)[C@H]1CC[C@@H]2[C@@]1(CC[C@H]3[C@H]2CC=C4[C@@]3(CC[C@@H](C4)O[C@H]5[C@@H]([C@H]([C@@H]([C@H](O5)CO)O)O)O)C)C)C(C)C,6602508,ok,CMPD_F38DD469A75F_Stigmasterol_3-O-beta-D-glucopyranoside.png,
3620,5281332,CC(=CCC/C(=C/CC1=C(C=C(C=C1OC)O)C2=CC3=C(O2)C=C(C=C3)O)/C)C,5281332,ok,CMPD_F38DD469A75F_Stigmasterol_3-O-beta-D-glucopyranoside.png,
3621,21323382,CCOC1=NN=C2N1C=CC3=C(C2=O)C=CC(=C3)OC,21323382,ok,CMPD_F390C155BA69_Rosin.png,
3622,10141663,C[C@H]1[C@@H]([C@](C[C@H]([C@@]2([C@H]3[C@@]1(CCC2C)CCC3=O)C)OC(=O)NC(=O)OCC4=CC=NC=C4)(C)C=C)O,10141663,ok,CMPD_F3B16C27D49C_2-deacetoxyxanthinin.png,
3623,12358784,C[C@H](CCC(C)C(C)C)[C@H]1CC[C@@H]2[C@@]1(CC[C@H]3[C@H]2CC=C4[C@@]3(CC[C@@H](C4)O)C)C,12358784,ok,CMPD_F3B541C349DC_24-methylcholesterol.png,
3624,10091370,C1COC2=C(O1)C=CC(=C2)CNC3=CN=C(C=C3)C4=CC=C(S4)C(=O)NO,10091370,ok,CMPD_F3C2C0A1821B_epieuphorscopins_A.png,
3625,13001738,COC1=C2C3=C(C[C@@H]4[C@H]5[C@]3(CCN4)[C@@H](O2)C(=O)CC5)C=C1,13001738,ok,CMPD_F3C4F2E9A00F_norhydrocodone.png,
3626,5323562,C[C@H]1[C@@H]([C@@H]([C@H]([C@@H](O1)OC2=CC(=C3C(=C2)OC(=C(C3=O)O[C@H]4[C@@H]([C@H]([C@H]([C@@H](O4)C)O)O)O)C5=CC=C(C=C5)O)O)O)O)O,5323562,ok,CMPD_F3D06610DF72_kaempferol-3_7-O-bis-alpha-L-rhamnoside.png,
3627,5281608,COC1=C(C=CC(=C1)C2=C(C(=O)C3=C(C(=C(C=C3O2)OC)OC)O)OC)O,5281608,ok,CMPD_F3D509B59280_chrysosplenetin.png,
3628,76573,CC1=C(C2=C(C(=C1OC)C)OC(=CC2=O)C3=CC=C(C=C3)OC)O,76573,ok,CMPD_F3D842B35120_eucalyptine.png,
3629,5322076,COC1=C(C2=C(C=C1O)OC(=CC2=O)C3=CC=CC=C3O)O,5322076,ok,CMPD_F3E61283DA95_tenaxin_II.png,
3630,1713001,CC(=CCC/C(=C\CCC(=O)C)/C)C,1713001,ok,CMPD_F3E871E366DF_cis-geranylacetone.png,
3631,72307,C1[C@H]2[C@H](CO[C@@H]2C3=CC4=C(C=C3)OCO4)[C@H](O1)C5=CC6=C(C=C5)OCO6,72307,ok,CMPD_F3F16FCD9A19__-Sesamin.png,
3632,101736162,CC1=CC=CC=C1C2=CCCCN2C(=O)OCC3=CC=CC=C3,101736162,ok,CMPD_F402F1BF0447_Carissaeduloside_F.png,
3633,21594136,C[C@]1(CC[C@@]2(CC[C@@]3(C(=CC[C@H]4[C@]3(CC[C@@H]5[C@@]4(CC[C@@H](C5(C)C)O)C)C)[C@@H]2C1)C)C(=O)O)CO,21594136,ok,CMPD_F41073C214AE_Mesembryanthemoidigenic_acid.png,
3634,5323537,COC1=C(C=CC(=C1)C2=C(C(=O)C3=C(C=C(C=C3O2)O[C@H]4[C@@H]([C@H]([C@@H]([C@H](O4)CO)O)O)O)O)O[C@H]5[C@@H]([C@H]([C@@H]([C@H](O5)CO)O)O)O)O,5323537,ok,CMPD_F43B657C3393_isorhamnetin-3_7-di-O-beta-D-glucopyranoside.png,
3635,134689033,CCC=CC[C@@H](/C=C/C=CCC=CCC=CCCCC(=O)O)O,134689033,ok,CMPD_F449A3611CC3_2-oxazaphosphorine-2-oxide.png,
3636,5281651,COC1=CC(=C2C(=C1)OC3=C(C2=O)C=CC=C3O)O,5281651,ok,CMPD_F4640DBFB098_Keracyanin.png,
3637,115252,C[C@H]1C(=O)N[C@H](C(=O)N1)CC2=C(NC3=C(C=C(C=C23)CC=C(C)C)CC=C(C)C)C(C)(C)C=C,115252,ok,CMPD_F4848E55BA67_echinuline.png,
3638,441005,CC1=C[C@H]2[C@@H](CCC(=C2CC1)C)C(C)C,441005,ok,CMPD_F4ABE4E83519_Delta-cadinene.png,
3639,6427714,CCC1(CCCC(=C1CC(C)C(=C)C)C)C,6427714,ok,CMPD_F4B7E1D01F1E_selina-4_11-diene.png,
3640,102146907,COC1=CC(=NC=C1)C2=C=CC(C(=C2)F)F,102146907,ok,CMPD_F4BFDF446FE3_Isolongifolan-8-ol.png,
3641,102213700,C1=CC(=CC=C1C2C(C(C2C(=O)C3=C(C=C(C=C3)O)O)C(=O)C4=C(C5=C(C=C4)OC(C5C(=O)C6=C(C=C(C=C6)O)O)C7=CC=C(C=C7)O)O)C8=CC=C(C=C8)O)O,102213700,ok,CMPD_F4C20900808C_mayselignoside.png,
3642,45272227,CC(=O)[C@H]1[C@@H](C[C@@]2([C@@]1(CC(=O)[C@@]3([C@H]2CC=C4[C@H]3C[C@@H](C(=O)C4(C)C)O)C)C)C)O,45272227,ok,CMPD_F4C948F1557F_Hexanorcucurbitacin_D.png,
3643,6443665,C1=CC(=CC=C1/C=C/C(=C\2/C(=C(C(=O)C(C2=O)([C@H]3[C@@H]([C@H]([C@@H]([C@H](O3)CO)O)O)O)O)[C@H]4[C@@H]([C@H]([C@@H]([C@H](O4)CO)O)O)O)O)/O)O,6443665,ok,CMPD_F4D5C7D00282_Hydroxysafflor_yellow_A.png,
3644,10183127,C[C@]12CCCC(C1CC[C@@]([C@@H]2CCOC(=O)CCC(=O)NCCCN3C=CN=C3)(C)O)(C)C,10183127,ok,CMPD_F4DE4FF13D6A_euphoscopoids_A.png,
3645,157148,C[C@H]1[C@@H]([C@H]([C@H]([C@@H](O1)O[C@@]2([C@H]([C@@H]([C@H]([C@H](O2)OC3[C@H]4[C@H](CC=C4CO)C=CO3)O)O)O)CO)O)O)O,157148,ok,CMPD_F4E1BC850328_sinuatol.png,
3646,14539158,CC1=C([N+](=CN1CCCCCC(=O)O)[O-])C2=CC=C(C=C2)OC,14539158,ok,CMPD_F4ED8C798BA9_naringenin-8-sulfonate.png,
3647,21576494,CC(=CCC1=C(C=CC2=C1OC[C@@H]3[C@H]2OC4=C3C=CC(=C4)OC)OC)C,21576494,ok,CMPD_F4F229932FC4_Bitucarpin_A.png,
3648,131752304,CC1=CCCOC(C1)/C=C\C(=C)C,131752304,ok,CMPD_F4F2C3F8BDF6_multifolone.png,
3649,15610817,CC1=CC(=O)N2C(=N1)SC(=N2)S(=O)(=O)CC3=CC(=C(C=C3)Cl)Cl,15610817,ok,CMPD_F51D6B04397D_ebulin_r1.png,
3650,873,C1=CC=C(C(=C1)CCC(=O)O)O,873,ok,CMPD_F520555B14BE_melilotic_acid.png,
3651,10091395,CN(C)CCCOCC1=NC2=C(N1)C3=CC=CC=C3OC4=C2C=C(C=C4)Cl,10091395,ok,CMPD_F52D8F6A032A_dehydrocalotropin.png,
3652,7965,C1CCC(CC1)N,7965,ok,CMPD_F52EF325F89A_Cyclohexylamine.png,
3653,8078,C1CCCCC1,8078,ok,CMPD_F56FCA9D25BD_Cyclohexane.png,
3654,11025555,C[C@@]1([C@H]2[C@@H]([C@H](O1)CO)OC(O2)(C)C)N3C=NC4=C(N=CN=C43)NC5CCCC5,11025555,ok,CMPD_F5732968BB7A_3-_12Z_-heptadec-12-enyl_phenol.png,
3655,10253785,C1=CC(=C(C=C1C2=CC(=O)C3=C(C=C(C=C3O2)O)O)O[C@H]4[C@@H]([C@H]([C@@H]([C@H](O4)C(=O)O)O)O)O)O,10253785,ok,CMPD_F5787FD2637A_luteolin-3-O-glucuronide.png,
3656,439193,C([C@@H]1[C@H]([C@@H]([C@H]([C@H](O1)OC[C@@H]2[C@H]([C@@H]([C@H](C(O2)O)O)O)O)O)O)O)O,439193,ok,CMPD_F593EDAA7C55_Î_-D-glucopyranose.png,
3657,28481,CC1CCC=C2C1(C3C(C3(C)C)CC2)C,28481,ok,CMPD_F5B06488AEF6_calarene.png,
3658,10692563,C/C=C/1\[C@@H](C(=CO[C@H]1O[C@H]2[C@@H]([C@H]([C@@H]([C@H](O2)CO)O)O)O)C(=O)OC)CC(=O)O,10692563,ok,CMPD_F5BA5DE10263_oleoside_11-methyl_ester.png,
3659,177828330,C/C/1=C/CC2(CCC(O2)([C@@H](CC/C=C/CC1)O)C)C(C)C,177828330,ok,CMPD_F5E55BE29225_Isoincensole.png,
3660,123409,CCCCCCCCCCCCCCCC(=O)OC(CO)CO,123409,ok,CMPD_F5ED866C88F5_2-Palmitoylglycerol.png,
3661,160273,C1CCNC(C1)C(C2CC(NC3=C2C=C(C=C3Cl)Cl)C4=CC=CC=C4)O,160273,ok,CMPD_F5ED866C88F5_2-Palmitoylglycerol.png,
3662,5281764,C1=CC(=C(C=C1/C=C/C(=O)O[C@@H](C(=O)O)[C@@H](OC(=O)/C=C/C2=CC(=C(C=C2)O)O)C(=O)O)O)O,5281764,ok,CMPD_F605D913F8D2_dicaffeoyl_tartaric_acid.png,
3663,10992748,C[C@H](CCCC(C)C)[C@H]1CC[C@@H]2[C@@]1(CC[C@H]3[C@H]2CCC4[C@@]3(CCC(C4)O)C)C,10992748,ok,CMPD_F6120B4B0966_cholestan-3-ol.png,
3664,165558,C1=C(C=C(C(=C1O)O)O)C2=[O+]C3=CC(=CC(=C3C=C2O[C@H]4[C@@H]([C@H]([C@@H]([C@H](O4)CO)O)O)O)O)O.[Cl-],165558,ok,CMPD_F62623BA008B_delphinidin-3-O-glucoside.png,
3665,129834621,CCCCOC(C1=CC(=C(C=C1)O)OC)C(CO)C2=CC(=C(C=C2)O)OC,129834621,ok,CMPD_F62F03407A7D_2_3-bis_4-hydroxy-3-methoxyphenyl_-3-butoxy-propan-1-ol.png,
3666,6549,CC(=CCCC(C)(C=C)O)C,6549,ok,CMPD_F652B334FA5F_Linalool.png,
3667,5281116,CCCCCCCC/C=C\CCCCCCCCCCCC(=O)O,5281116,ok,CMPD_F662130D8340_Erucic_acid.png,
3668,102403917,C[C@H]1[C@@H]([C@H]([C@H]([C@@H](O1)O[C@H]2[C@@H]([C@H](O[C@H]([C@@H]2OC(=O)C)OCCC3=CC=C(C=C3)O)CO)OC(=O)/C=C/C4=CC(=C(C=C4)O)O)O)O)O,102403917,ok,CMPD_F667B146D12C_Salsaside_D.png,
3669,998,C1=CC=C(C=C1)CC=O,998,ok,CMPD_F66B7DCD2169_benzeneacetaldehyde.png,
3670,44566643,CC(=O)OC[C@]12[C@@H]([C@@H]([C@@H]3[C@H]([C@]14[C@@]([C@H]([C@@H]([C@@H]2OC(=O)C)OC(=O)C)OC(=O)C(CCC5=C(C=CC=N5)C(=O)OC[C@@]3(O4)C)(C)O)(C)O)OC(=O)C)OC(=O)C)OC(=O)C,44566643,ok,CMPD_F67920A3543F_alatusinine.png,
3671,81569,CN(C)CC(=O)OC,81569,ok,CMPD_F67C6157C8B5_N_N-dimethyl_glycine_methyl_ester.png,
3672,617233,COC1=C(C(=C(C(=C1)CC=C)OC)OC)OC,617233,ok,CMPD_F68469F82120_1-allyl-2_3_4_5-tetramethoxybenzene.png,
3673,12309057,CCC(CC[C@@H](C)[C@H]1CC[C@@H]2[C@@]1(CC[C@H]3[C@H]2CC=C4[C@@]3(CC[C@@H](C4)O[C@H]5[C@@H]([C@H]([C@@H]([C@H](O5)CO)O)O)O)C)C)C(C)C,12309057,ok,CMPD_F69818077162_Sitosterol_3-O-galactoside.png,
3674,157009729,C1=CC(=C(C=C1C2=CC(=O)C3=C(C=C(C=C3O2)O[C@H]4[C@@H]([C@H]([C@@H]([C@H](O4)C(=O)O[C@H]5[C@@H]([C@H]([C@@H]([C@H](O5)C(=O)O)O)O)O)O)O)O)O)O)O,157009729,ok,CMPD_F6A1C539E1A0_luteolin-7-diglucuronide.png,
3675,101968819,CCCCCCCCC#CCCCCCCCC(=O)OCC1(COC(=O)CC(C(=O)OC1)S(=O)(=O)[O-])CO.CCCCCCCCC#CCCCCCCCC(=O)OCC1(COC(=O)CC(C(=O)OC1)S(=O)(=O)[O-])CO.[Ca+2],101968819,ok,CMPD_F6A61C667C72_Balanophonin_4-O-glucoside.png,
3676,8180,CCCCCCCCCCC(=O)O,8180,ok,CMPD_F6C62B69AEAD_Undecanoic_acid.png,
3677,107526,C([C@H]([C@H]([C@@H]([C@H](C=O)O)O)O)O)O,107526,ok,CMPD_F6DAE6C9F70D_Î²-eudesmol.png,
3678,8164,CCCCCCCCOC(=O)C,8164,ok,CMPD_F6F1D5820805_Octyl_acetate.png,
3679,11579,CC(=O)CCC(=O)O,11579,ok,CMPD_F7300146A311_Levulinic_acid.png,
3680,5491814,C1=CC(=C(C=C1C2=C(C(=O)C3=C(C=C(C=C3O2)O)O)O[C@H]4[C@@H]([C@H]([C@H]([C@H](O4)COC(=O)C5=CC(=C(C(=C5)O)O)O)O)O)O)O)O,5491814,ok,CMPD_F73028A3F49B_Quercetin_3-_6_-galloylgalactoside.png,
3681,5487461,C1[C@H]([C@@H]([C@H]([C@@H](O1)OC2=C(C3=C4C(=C2)C(=O)OC5=C4C(=CC(=C5O)O)C(=O)O3)O)O)O)O,5487461,ok,CMPD_F762719F1A52_Ellagic_acid_pentoside.png,
3682,10903332,COC1=NC(=NC(=C1)[C@H]([C@H]2C[C@H]3CCCCN3C(=N2)N)O)OC,10903332,ok,CMPD_F764BAF5C0AF_Methylperillate.png,
3683,448438,C/C(=C\C=C\C=C(\C=C\C=C(\C=C\[C@@]12O[C@@]1(C[C@H](CC2(C)C)O)C)/C)/C)/C=C/C=C(/C=C/[C@@]34O[C@@]3(C[C@H](CC4(C)C)O)C)\C,448438,ok,CMPD_F7851D43FCA2_Violaxanthin.png,
3684,11063337,C1=CC(=C(C=C1/C=C(/C(=O)O)\O)O)O,11063337,ok,CMPD_F78DB24BD718_hydroxycaffeic_acid.png,
3685,15558197,C1[13CH](C2=CC=CC3=C2C1=CC=C3)O,15558197,ok,CMPD_F78DB24BD718_hydroxycaffeic_acid.png,
3686,90470329,C/C/1=C/CCC2(C(O2)CC3(CCC(O3)(C(CC1)O)C)C(C)C)C,90470329,ok,CMPD_F7F78ED637AC_incensole_oxide.png,
3687,110118,CCC(COCC=C)(COCC=C)COC(=O)NC1CCC(CC1)CC2CCC(CC2)NC(=O)OCC(CC)(COCC=C)COCC=C,110118,ok,CMPD_F811C7B62D27_Terpinen-4-yl_acetate.png,
3688,12921545,CC(C)OP(=O)(OC(C)C)SCC[N+]1(CCCC2=CC=CC=C21)C,12921545,ok,CMPD_F8163A1D4B16_euphoscopin.png,
3689,442256,C[C@H]1[C@H]2[C@@H](CC1=O)C(=C)C[C@@H]([C@@H]3[C@@H]2OC(=O)C3=C)O,442256,ok,CMPD_F822B4503024_grosheimin.png,
3690,5356421,CCCCCC1C(O1)C/C=C\CCCCCCCC(=O)O,5356421,ok,CMPD_F845CC9C9789_vernolic_acid.png,
3691,154735166,CCC(C=C[C@@H](C1=C(C(=O)[C@@]2(O1)[C@H]([C@@](NC2=O)(C(=O)C3=CC=CC=C3)OC)O)C)O)O,154735166,ok,CMPD_F84D71816664_Pseurotin_D.png,
3692,16345,CCCCCCCCC=C([NH2+]CC1=CC=CC=C1Cl)[NH2+]CC2=CC=CC=C2Cl.[Cl-].[Cl-],16345,ok,CMPD_F85BE704C51C_6-trimethylbenzonitrile.png,
3693,5282115,CC1=CC2=CC(=CC(=C2C(=N1)C)O)O,5282115,ok,CMPD_F85DE690BA9D_kaempferol_3-O-beta_6-O-trans-p-coumaroyl_-glucopyranoside.png,
3694,89488,CC(C)C1CCC(=CC1)C=O,89488,ok,CMPD_F8758D93D151_Phellandral.png,
3695,92987,CC(=O)CC1CCCCN1,92987,ok,CMPD_F87708FFB32B_Isopelletierine.png,
3696,439531,C([C@@H]1[C@@H]([C@@H]([C@H]([C@H](O1)OC[C@@H]2[C@@H]([C@@H]([C@H]([C@H](O2)OC[C@@H]3[C@H]([C@@H]([C@H]([C@H](O3)O[C@]4([C@H]([C@@H]([C@H](O4)CO)O)O)CO)O)O)O)O)O)O)O)O)O)O,439531,ok,CMPD_F89C5BB0301A_Digitoxigenin.png,
3697,10141643,CCOC(=O)C1=C(NC(=NC1C2=C(C=C(C=C2)F)Br)C3=NC=CS3)COCCOC,10141643,ok,CMPD_F8A3299A2639_hierochins_B.png,
3698,164619,COC1[C@@H]([C@H](C([C@@H]([C@@H]1O)O)O)O)O,164619,ok,CMPD_F8AA968649EC_Pinitol_a.png,
3699,16054,C1=CC2=C(C=CN2)C=C1O,16054,ok,CMPD_F8B30C181147_5-Hydroxy-1H-indole.png,
3700,5318645,COC1=C(C=CC(=C1)C2=C(C(=O)C3=C(C=C(C=C3O2)O)O)O[C@H]4[C@@H]([C@H]([C@@H]([C@H](O4)CO)O)O)O)O,5318645,ok,CMPD_F8BA0E7E16A5_Isorhamnetin_3-O-glucoside.png,
3701,54679300,CC(=CCC/C(=C/CC/C(=C/CC1=C(C2=CC=CC=C2OC1=O)O)/C)/C)C,54679300,ok,CMPD_F8DB31E8A2E0_ferulenol.png,
3702,101538,CC1CC(CCC1OO)C(C)C,101538,ok,CMPD_F8F1A2812971_alpha-Muurolol.png,
3703,74399,CCCCCCCCCCCCCCCCCCCCCCCCCCCCCCC(C)C,74399,ok,CMPD_F9399E892041_Methyldotriacontane.png,
3704,157395,C1C(C(OC(=O)C2=CC(=C(C(=C2C3=C(C(=C(C=C3C(=O)O1)O)O)O)O)O)O)C4C5C(C6=C(C(=C(C(=C6C(=O)O5)C7=C(C(=C(C=C7C(=O)O4)O)O)O)O)O)O)O)OC(=O)C8=CC(=C(C(=C8)O)O)O,157395,ok,CMPD_F94EE759D580_stachyurin.png,
3705,129636912,C1=CC(=CC=C1/C=C/C(=C\2/C(=O)C=C(C(C2=O)([C@H]3C([C@H]([C@@H](C(O3)CO)O)O)O)O)/C(=C/4\C(C(C(N4)CO)O)O)/O)/O)O,129636912,ok,CMPD_F94F2693B63B_Tinctormine.png,
3706,46834004,C1[C@@H]2[C@H]([C@@H]([C@H]([C@@H](O2)OC(=O)C3=CC(=C(C(=C3)O)O)O)OC(=O)C4=CC(=C(C(=C4OC5=C(C(=C6C(=C5)C(=O)O[C@@H]7[C@H]([C@@H]([C@H](O[C@H]7OC(=O)C8=CC(=C(C(=C8)O6)O)O)CO)O)OC(=O)C9=CC(=C(C(=C9)O)O)O)O)O)O)O)O)OC(=O)C2=CC(=C(C(=C2)O)O)O)OC(=O)C2=CC(=C(C(=C2C2=C(C(=C(C=C2C(=O)O1)O)O)O)O)O)O,46834004,ok,CMPD_F951FDC107FD_nilotinin_D8.png,
3707,91567,C[C@]1(CO1)C(=O)O[C@H]2CC(=C)[C@@H]3C[C@H]([C@]4([C@H]3[C@H]5[C@@H]2C(=C)C(=O)O5)CO4)O,91567,ok,CMPD_F967406BC7E2_Repin.png,
3708,5280559,C1=CC(=C(C=C1/C=C/C(=O)NCCCCN)O)O,5280559,ok,CMPD_F991EFE48133_caffeoylputrescine.png,
3709,442758,C[C@H]([C@@](C(C)C)(C(=O)OCC1=CCN2[C@H]1[C@H](CC2)O)O)O,442758,ok,CMPD_F9A607A17E1F_Rinderine.png,
3710,101316764,CC(=O)O[C@@H]1C2=C(C[C@]13C4=CC(=C(C=C4CCN3C)OC)O)C=CC5=C2OCO5,101316764,ok,CMPD_F9AF05C6636A_fumarophycine.png,
3711,68554727,COC1C(=O)C2=CC=CC=C2OC1(C3=CC=CC=C3)OC,68554727,ok,CMPD_F9BBA22D7E52_dimethoxyflavanone.png,
3712,5280906,C/C=C\1/C[C@H]([C@@](C(=O)OCC2=CCN3[C@H]2[C@@H](CC3)OC1=O)(C)O)C,5280906,ok,CMPD_F9DE9A5BC301_senecionine.png,
3713,45103630,C[C@H]1C[C@]2([C@H]([C@H]1OC(=O)C3=CC=CC=C3)[C@H](C(=C)CCC(=O)C(/C=C/[C@H]([C@H]2OC(=O)C)C)(C)C)OC(=O)C)O,45103630,ok,CMPD_F9FE02150914_guyonianin_E.png,
3714,5282124,C1=CC(=C(C2=C1C(=O)C(=C(O2)O)N)Cl)O,5282124,ok,CMPD_FA0F03D5B3ED_Megastigma-4-6-E-8-2-triene.png,
3715,10155076,C1[C@H](C([C@@H](CC1(C(=O)O)OC(=O)/C=C/C2=CC(=C(C=C2)O)O)O)O)O,10155076,ok,CMPD_FA240B4AD84A_1-O-CQA.png,
3716,93231,CC(=C)C(=O)CCC(=C)C=C,93231,ok,CMPD_FA5B1F74572D_1_7-octadien-3-one_2-methyl-6-methylene.png,
3717,5284613,C[C@H]1[C@@H]([C@H]([C@H]([C@@H](O1)O[C@H]2CC[C@@]3([C@H]4CC[C@@]5([C@H](CC[C@@]5([C@@H]4CCC3=C2)O)C6=COC(=O)C=C6)C)C)O)O)O,5284613,ok,CMPD_FA668FCAF8E0_Proscillaridin_A.png,
3718,6428432,CC(=CC(=O)/C=C(/C)\C=C)C,6428432,ok,CMPD_FA7DAFCCF83E__Z_-tagetenone.png,
3719,3218,CCCCCCCCCCCC1=C(C(=O)C=C(C1=O)O)O,3218,ok,CMPD_FA7DF1EC78E1_Embelin.png,
3720,5281115,CCCC/C=C/C=C/C=C\CCCCCCCC(=O)O,5281115,ok,CMPD_FAC0CA87DC0C_alpha-Eleostearic_acid.png,
3721,5311218,C1=CC=C(C=C1)CO[C@@H]([C@@H](C(=O)O)N)C(=O)O,5311218,ok,CMPD_FADF39BB87CF_11-methyl-sulphinylundecanenitrile.png,
3722,10115059,CCN(CC)C(=O)C1=CC=C(C=C1)C(C2=CC(=CC=C2)O)N3C(=C(C(=N3)C)C4=CC=CC=C4)C,10115059,ok,CMPD_FB2DD5AE2663_Silenegallisaponin_J.png,
3723,5364505,CCCCCC/C=C\CCCCCCCCCC(=O)OC,5364505,ok,CMPD_FB32501E66E3_Cis-myrtanal.png,
3724,129650210,C1[C@H](C([C@@H](C(C1(C(=O)O)O)C(=O)C2=CC(=C(C(=C2)O)O)O)O)O)O,129650210,ok,CMPD_FB338DDF3474_galloylquinic_acid.png,
3725,181132,COC1=CC(=C2C(=C1)O[C@@H]([C@H](C2=O)O)C3=CC=C(C=C3)O)O,181132,ok,CMPD_FB56BAC63AC7_7-O-methylaromadendrin.png,
3726,15559312,C[C@@H]1C/C=C/C=C/[C@@H]([C@@H](C[C@@H]([C@@H]([C@H]([C@@H](CC(=O)O1)O)OC)O[C@H]2[C@@H]([C@H]([C@@H]([C@H](O2)C)O[C@H]3C[C@@]([C@@H]([C@@H](O3)C)O)(C)O)N(C)C)O)CC=O)C)OC4CC[C@@H]([C@H](O4)C)N(C)C,15559312,ok,CMPD_FB6DD49B5C00_Petunidin_3-O-_6_-O-acetylglucoside.png,
3727,44256961,CC(=O)OCC1[C@H](C(C([C@@H](O1)OC2=CC3=C(C=C(C=C3[O+]=C2C4=CC(=C(C(=C4)OC)O)O)O)O)O)O)O,44256961,ok,CMPD_FB6DD49B5C00_Petunidin_3-O-_6_-O-acetylglucoside.png,
3728,5281801,C1=CC(=C(C=C1C2=COC3=CC(=CC(=C3C2=O)O)O)O)O,5281801,ok,CMPD_FB6EC8170A24_Orobol.png,
3729,6322,C(C[C@@H](C(=O)O)N)CN=C(N)N,6322,ok,CMPD_FB95BF0ACE4D_Arginine.png,
3730,131752319,CC1=C(C(=O)NC1CC2=C(C(=C(N2)C3C(C(=O)C4=C3NC(=C4C)CC5=C(C(=C(N5)C=O)C)CCOC6C(C(C(C(O6)CO)O)O)O)C(=O)O)CCC(=O)O)C)C=C,131752319,ok,CMPD_FBB46FACD918_Semipapposide_J.png,
3731,102146433,CCCCOC1=CC=C(C=C1)C#CC2=CC=C(C=C2)OC(=O)C3=CC=C(C=C3)OC(F)F,102146433,ok,CMPD_FBBDB7BCE0AE_5-hydroxyaiphanol.png,
3732,222656,C([C@@H](C(=O)O)O)C(=O)O,222656,ok,CMPD_FBBDE99061A6_Malic_acid.png,
3733,439183,C([C@H](C(=O)O)O)OP(=O)(O)O,439183,ok,CMPD_FBBDE99061A6_Malic_acid.png,
3734,20055539,CC(CCC=C(C)C)C12CCC(C1C2)(C)O,20055539,ok,CMPD_FBED254B845E_Sesquisabinene_hydrate.png,
3735,3062371,CCOCC1=COC=C2C1=CC=C2C=O,3062371,ok,CMPD_FBF0B5494D46_11-ethoxyviburtinal.png,
3736,10993414,C1[C@@]([C@H]([C@@H](O1)O[C@@H]2[C@H]([C@@H]([C@H](O[C@H]2OCCC3=CC=CC=C3)CO)O)O)O)(CO)O,10993414,ok,CMPD_FC09A1B74FDC_Sayaendoside.png,
3737,107876,C1C(C(OC2=CC(=CC(=C21)O)O)C3=CC(=C(C=C3)O)O)OC4(C(C(C5=C(C=C(C=C5O4)O)O)O)O)C6=CC(=C(C=C6)O)O,107876,ok,CMPD_FC0F829F65FA_Procyanidin_B2.png,
3738,122738,C1[C@H]([C@H](OC2=C1C(=CC(=C2[C@@H]3[C@H]([C@H](OC4=CC(=CC(=C34)O)O)C5=CC(=C(C=C5)O)O)O)O)O)C6=CC(=C(C=C6)O)O)O,122738,ok,CMPD_FC0F829F65FA_Procyanidin_B2.png,
3739,12921505,CCN(CC)S(=O)(=O)C(OC)P(=O)(OC)OC,12921505,ok,CMPD_FC1BC504E0AF_Adynerin.png,
3740,44259428,CC1[C@@H]([C@@H](C([C@@H](O1)OCC2[C@H](C(C([C@@H](O2)OC3=C(OC4=CC(=CC(=C4C3=O)O)O)C5=CC(=C(C(=C5)O)O)O)O)O)O)O)O)O,44259428,ok,CMPD_FC276BE187DC_3-O-rutinoside_myricetin.png,
3741,457956,CC1C2=C(C(C(=O)N(C2=O)C)[C@H]3[C@@H]([C@@H]([C@H](O3)COC(=O)C4=CC=CC=C4)OC(=O)C5=CC=CC=C5)OC(=O)C6=CC=CC=C6)C(=O)N1CC7=CC=CC=C7,457956,ok,CMPD_FC30FFCFB2EB_23-dihydroxyolean-12-en-28-oic_acid.png,
3742,2733956,COC1=CC(=CC(=C1OC)O)C(=O)OC,2733956,ok,CMPD_FC3BC46BCE67_5-hydroxyveratric_acid_methyl_ester.png,
3743,131752251,C[C@@H]1CC[C@@]2(CC[C@@]3(C(=CCC4[C@]3(CCC5[C@@]4(CC[C@@H](C5(C)C)O[C@H]6[C@@H]([C@H]([C@H](CO6)O)O)O)C)C)C2=C1C)C)C(=O)O,131752251,ok,CMPD_FC54FB9CCB60_jasonin-b.png,
3744,100371,CNCCNC1=C2C(=C(C=C1)NCCNC)C(=O)C3=CC=CC=C3C2=O,100371,ok,CMPD_FC654112A1E4_alpha-Santalene.png,
3745,5213,COC1=C(C=CC(=C1)C2C(OC3=C(O2)C=C(C=C3)C4C(C(=O)C5=C(C=C(C=C5O4)O)O)O)CO)O,5213,ok,CMPD_FC6D7E50F2E8_Silymarin.png,
3746,16590,C=CCSSCC=C,16590,ok,CMPD_FC7F2FA348DD_Diallyl_disulphide.png,
3747,12343,C1C=CCC=C1,12343,ok,CMPD_FC85ED41AFEC_1_4_Cyclohexadiene.png,
3748,11703,CC[Ge](CC)(CC)CC,11703,ok,CMPD_FC8648281710_stilbene.png,
3749,11502,C1=CC=C(C=C1)C=CC2=CC=CC=C2,11502,ok,CMPD_FC8648281710_stilbene.png,
3750,6429034,CCC(C)C(=O)OC/C=C(/C)\CCC=C(C)C,6429034,ok,CMPD_FCE11049A674_Neryl-2-methylbutanoate.png,
3751,5280863,C1=CC(=CC=C1C2=C(C(=O)C3=C(C=C(C=C3O2)O)O)O)O,5280863,ok,CMPD_FCE31CA8A80E_kampferol.png,
3752,56683358,COC1=C(C2=C(C=C1O)OC=CC2=O)O,56683358,ok,CMPD_FCFF7EBDFFA2_5-7-dihydroxy-6-methoxychromone.png,
3753,114631,CC[C@H](C)[C@@H](C(=O)N[C@@H](CC1=CC=CC=C1)C(=O)O)NC(=O)OCC2=CC=CC=C2,114631,ok,CMPD_FCFF7EBDFFA2_5-7-dihydroxy-6-methoxychromone.png,
3754,226462,CC(C)OC(=O)CCC(C(=O)O)N,226462,ok,CMPD_FCFF7EBDFFA2_5-7-dihydroxy-6-methoxychromone.png,
3755,113941,CC1=C(C=CC(=C1)OCC(C)(CO)O)Cl,113941,ok,CMPD_FCFF7EBDFFA2_5-7-dihydroxy-6-methoxychromone.png,
3756,10115050,CC#CCOC1=CC=C(C=C1)S(=O)(=O)N(CCN2CCOCC2)C(C(C)C)C(=O)NO,10115050,ok,CMPD_FD032F4C80DB_Rhamnocitrin_3-O-glucoside.png,
3757,67678,C([C@@H](C(=O)O)N)SSC[C@@H](C(=O)O)N,67678,ok,CMPD_FD4B2C481491_cystine.png,
3758,2733294,CCC/C=C/COC(=O)C,2733294,ok,CMPD_FD4EA2D5276C_E-2-hexenol_acetate.png,
3759,361512,C1=C(C=C(C2=C1C(=O)C3=C(C2=O)C(=CC(=C3)O)O)O)CO,361512,ok,CMPD_FD6641B0E7B8_citreorosein.png,
3760,7406,CC(C)C1=CC=CC=C1,7406,ok,CMPD_FD73504127F6_cumene.png,
3761,44583885,C/C/1=C\CC/C(=C/C[C@@]2(CC[C@@](O2)([C@H](CC1)O)C)C(C)C)/C,44583885,ok,CMPD_FD7FE3F0BF43_incensole.png,
3762,16133926,C1[C@@H]2[C@H]([C@@H]([C@@H]3[C@@H](O2)OC(=O)C4=CC(=C(C(=C4)OC5=C(C(=C(C=C5C(=O)O3)OC6=C(C(=C(C=C6C(=O)O[C@@H]7[C@H]([C@H]8[C@@H](COC(=O)C9=CC(=C(C(=C9C2=C(C(=C(C=C2C(=O)O8)O)O)O)O)O)O)O[C@H]7OC(=O)C2=CC(=C(C(=C2)O)O)O)OC(=O)C2=CC(=C(C(=C2)O)O)O)O)O)O)O)O)O)O)OC(=O)C2=CC(=C(C(=C2)O)O)O)OC(=O)C2=CC(=C(C(=C2C2=C(C(=C(C=C2C(=O)O1)O)O)O)O)O)O,16133926,ok,CMPD_FD8C8B27AAD2_hirtellin_B.png,
3763,442658,C1[C@@H]([C@@H]([C@H]([C@@H](O1)C2=C3C(=C(C(=C2O)[C@H]4[C@@H]([C@H]([C@@H]([C@H](O4)CO)O)O)O)O)C(=O)C=C(O3)C5=CC=C(C=C5)O)O)O)O,442658,ok,CMPD_FDAC80EECD7C_pergularol.png,
3764,11030058,C1C[C@H]2C[C@@H]1C[C@@]2(C(=O)O)O,11030058,ok,CMPD_FDD04A8B5036_Isofuranodiene_and_curzerene.png,
3765,162888603,COC(=O)C1=CO[C@H]([C@@H]([C@@H]1CC(O)O)C=C)O[C@H]2[C@@H]([C@H]([C@@H]([C@H](O2)CO)O)O)O,162888603,ok,CMPD_FDD9A27950A4_lonicejaposide_I.png,
3766,10850550,CN1C2=NC(=NC=C2C=C(C1=O)C3=CC=CC=C3)SC,10850550,ok,CMPD_FDE604ADEE42_Quercetin_3-O-_6_-O-galloyl_-beta-D-glucopyranoside.png,
3767,3083803,CC1(C=CC2=C(O1)C=CC3=C2OC4=C(C3=O)C5=CC(=C(C=C5OC4)OC)OC)C,3083803,ok,CMPD_FDF806D2248C_dehydrodeguelin.png,
3768,8835,CCCC(=O)OCCC(C)CCC=C(C)C,8835,ok,CMPD_FE10A700B765_citronellyl_butyrate.png,
3769,9799386,COC1=C(C=CC(=C1)/C=C/C(=O)O[C@@H]2C[C@@](C[C@H]([C@H]2O)O)(C(=O)O)O)O,9799386,ok,CMPD_FE10E0187248_3-p-feruloylquinic_acid.png,
3770,540604,CCOC(=O)C1=CC=C(C=C1)NC2=NC3=NON=C3N=C2NOC(=O)C,540604,ok,CMPD_FE1FC877E6F1_2-Isopropyl--1-heptanol.png,
3771,68247,C1=CC(=C(C=C1C2=[O+]C3=CC(=CC(=C3C=C2O)O)O)O)O.[Cl-],68247,ok,CMPD_FE3703AFC2E3_Anthocyanidin.png,
3772,11266523,C=CC/C=C\C/C=C\CCCCCCCC1=CC(=CC=C1)O,11266523,ok,CMPD_FE3B1D08DBDE_cardanol.png,
3773,15559402,CC[C@H](CC[C@@H](C)[C@H]1CC[C@@H]2[C@@]1(CC[C@H]3C2CC[C@H]4[C@@]3(CC[C@@H](C4)O)C)C)C(C)C,15559402,ok,CMPD_FE5E4D281A5E_daucane.png,
3774,5491630,COC1=C(C=CC(=C1)C2=C(C(=O)C3=C(C=C(C=C3O2)O)O)O[C@H]4[C@@H]([C@H]([C@@H]([C@H](O4)C(=O)O)O)O)O)O,5491630,ok,CMPD_FE77411535A0_isorhamnetin-3-O-beta-D-glucuronide.png,
3775,44259461,CC1[C@@H](C([C@@H]([C@@H](O1)OC2=C(OC3=CC(=CC(=C3C2=O)O)O)C4=CC(=C(C(=C4)O[C@H]5C([C@H]([C@@H](C(O5)CO)O)O)O)O)O)O)O)O,44259461,ok,CMPD_FE8070A5E172_Malvidin_3-_6_-acetylglucoside.png,
3776,102005470,CC(C)(C)[Si](C)(C)OCCCCC1=CC2=CC(=C(C(=C2C=C1)C3=C(C(=CC4=CC=CC=C43)Br)OCOC)OCOC)Br,102005470,ok,CMPD_FE8070A5E172_Malvidin_3-_6_-acetylglucoside.png,
3777,46905099,C[C@@H]1[C@@H]([C@@H]([C@H]([C@@H](O1)O[C@H]2CC[C@]3(C([C@]2(C)CO)CC[C@@]4(C3C=C[C@@]56[C@]4(C[C@@H]([C@@]7(C5CC(CC7)(C)C)CO6)O)C)C)C)O)O[C@H]8[C@@H]([C@H]([C@@H]([C@H](O8)CO)O)O)O[C@H]9[C@@H]([C@H]([C@@H]([C@H](O9)CO)O)O)O)O,46905099,ok,CMPD_FE8713549E0D_Bupleuroside_I.png,
3778,129628549,C1=C(C=C(C(=C1O)O)O)C(=O)C([C@H]([C@H]([C@@H]([C@H](C=O)O)O)O)O)(C(=O)C2=CC(=C(C(=C2)O)O)O)O,129628549,ok,CMPD_FE9ED28DF819_Digalloylglucose.png,
3779,10545,CC(C)C12CCC(C=C1)(OO2)C,10545,ok,CMPD_FEA654B5639D_Ascaridole.png,
3780,440917,CC1=CC[C@@H](CC1)C(=C)C,440917,ok,CMPD_FEB9D6787214_D-limonene.png,
3781,14139904,C1CCN2[C@@H](C1)[C@H]3C[C@@H](C2=O)[C@H]4CCCC(=O)N4C3,14139904,ok,CMPD_FED6A616865D_17-Oxolupanine.png,
3782,101456951,CC(C)(C)OC(=O)CC[C@@H](C(=O)C1=C(C=CC(=C1)OC)OC)OC(C2=CC=CC=C2)C3=CC=CC=C3,101456951,ok,CMPD_FED763473FFF_12-alpha-hydroxylupanine.png,
3783,643820,CC(=CCC/C(=C\CO)/C)C,643820,ok,CMPD_FEE22F9169CF_Nerol.png,
3784,7792,CC(C)CCCC(C)CCO,7792,ok,CMPD_FF0A642D78CC_dihydrocitronellol.png,
3785,124069,CN1CC2=C(C=CC3=C2OCO3)C4=C1C5=CC6=C(C=C5C=C4)OCO6,124069,ok,CMPD_FF1283168414_dihydrosanguinarine.png,
3786,1549778,CC(=CCC/C(=C/CCC(=O)C)/C)C,1549778,ok,CMPD_FF29A050C314_6_10-dimethyl-5_9-undecadien-2-one.png,
3787,161557,C1=C(C=C(C(=C1O)O)O)[C@@H]2[C@H](C(=O)C3=C(C=C(C=C3O2)O)O)O,161557,ok,CMPD_FF2D38C84271_Dihydromyricetin.png,
3788,101297598,C[C@H]([C@@H]1CC[C@]2([C@]1(CC[C@H]3C2=CC[C@@H]4[C@@]3(CC[C@H](C4(C)C)O)C)C)C)C5C([C@@H](C(O5)(C)C)O)O,101297598,ok,CMPD_FF2D38C84271_Dihydromyricetin.png,
3789,10494,C[C@]12CC[C@@H](C([C@@H]1CC[C@@]3([C@@H]2CC=C4[C@]3(CC[C@@]5([C@H]4CC(CC5)(C)C)C(=O)O)C)C)(C)C)O,10494,ok,CMPD_FF2DB1FE6C6E_Oleanolic_acid.png,
3790,7059596,C[C@@H]([C@H](C1=CC=CC=C1)O)N(C)C,7059596,ok,CMPD_FF422A367B49_methylpseudoephedrine.png,
3791,9548605,C1=CC=C(C=C1)C/C(=N\OS(=O)(=O)O)/S[C@H]2[C@@H]([C@H]([C@@H]([C@H](O2)CO)O)O)O,9548605,ok,CMPD_FF6DCD64F864_Glucotropaeolin.png,
3792,Â 5356787,,Â 5356787,failed,,400 Client Error: PUGREST.BadRequest for url: https://pubchem.ncbi.nlm.nih.gov/rest/pug/compound/cid/%C3%82%C2%A05356787/PNG?image_size=500x500
3793,7768,C1CCC(=O)NCC1,7768,ok,CMPD_FF89FCCB6249_Isoamylisovalerate.png,
3794,92147,CC(=O)O.C[SnH](C)C,92147,ok,CMPD_FF92D2DC4378_Phenyl_beta-D-glucopyranoside.png,
3795,8973,CO[C@H]([C@H](C=O)O)[C@@H]([C@@H](CO)O)O,8973,ok,CMPD_FF940F3AEC30_3-O-methyl-D-glucose.png,
3796,102213192,C1=CC2=C(C=CC3=C2C(=C1)S(=O)(=O)S3)[N+](=O)[O-],102213192,ok,CMPD_FF9C85674B63_trans-longipinocarveol.png,
3797,9862,CC(=CCCC(=O)C)C,9862,ok,CMPD_FFAC6687F5ED_6-methylhept-5-en-2-one.png,
3798,121334,CC1=CC=C(C=C1)C(C(C)CN2CCCCC2)O.Cl,121334,ok,CMPD_FFD6B119F005_Heliosupine_N-oxide.png,
3799,163196230,C/C=C(/C)\C(=O)O[C@H]1CC[N+]2([C@@H]1C(=CC2)COC(=O)[C@]([C@H](C)O)(C(C)(C)O)O)[O-],163196230,ok,CMPD_FFD6B119F005_Heliosupine_N-oxide.png,
