compound_id,file_name,file_path,file_type,match_method,match_score,source
CMPD_06E06118E7EE,1-2-benzenedicarboxylic_acid_bis-2-methylpropyl-ester.sdf,/structures/1-2-benzenedicarboxylic_acid_bis-2-methylpropyl-ester.sdf,sdf,exact_normalized_name,1.0,local_sdf_library
CMPD_2916DD23977F,1-8-cineole.sdf,/structures/1-8-cineole.sdf,sdf,exact_normalized_name,1.0,local_sdf_library
CMPD_486AAE65AFC0,1-_4-hydroxyphenyl_propane-1_2-diol.sdf,/structures/1-_4-hydroxyphenyl_propane-1_2-diol.sdf,sdf,fuzzy_normalized_name,0.893,local_sdf_library
CMPD_01042129FEEA,1-_4-isopropylbenzyl_-1_3-dihydrobenzimidazol-2-one.sdf,/structures/1-_4-isopropylbenzyl_-1_3-dihydrobenzimidazol-2-one.sdf,sdf,fuzzy_normalized_name,0.955,local_sdf_library
CMPD_2B6C1AFBFB85,1-_hydroxymethyl_-6_7-dimethoxyisoquinoline_2-oxide.sdf,/structures/1-_hydroxymethyl_-6_7-dimethoxyisoquinoline_2-oxide.sdf,sdf,fuzzy_normalized_name,0.977,local_sdf_library
CMPD_F68469F82120,1-allyl-2_3_4_5-tetramethoxybenzene.sdf,/structures/1-allyl-2_3_4_5-tetramethoxybenzene.sdf,sdf,exact_normalized_name,1.0,local_sdf_library
CMPD_25EAB3851736,1-alpha-terpineol.sdf,/structures/1-alpha-terpineol.sdf,sdf,exact_normalized_name,1.0,local_sdf_library
CMPD_71E244128A73,1-beta-Acetoxyfuranoeudesm-4-ene.sdf,/structures/1-beta-Acetoxyfuranoeudesm-4-ene.sdf,sdf,exact_normalized_name,1.0,local_sdf_library
CMPD_9626DB05E032,1-dodecanol.sdf,/structures/1-dodecanol.sdf,sdf,exact_normalized_name,1.0,local_sdf_library
CMPD_88358D660260,1-feruloyl-β-D-glucopyranoside.sdf,/structures/1-feruloyl-β-D-glucopyranoside.sdf,sdf,exact_normalized_name,1.0,local_sdf_library
CMPD_2BD8F80E14E3,1-heptadecene.sdf,/structures/1-heptadecene.sdf,sdf,exact_normalized_name,1.0,local_sdf_library
CMPD_4A3669D650B1,1-hexadecanol.sdf,/structures/1-hexadecanol.sdf,sdf,exact_normalized_name,1.0,local_sdf_library
CMPD_4F5D9CB72363,1-hydroxy-2-oxopomolic_acid.sdf,/structures/1-hydroxy-2-oxopomolic_acid.sdf,sdf,exact_normalized_name,1.0,local_sdf_library
CMPD_C119E9293455,1-hydroxypinoresinol.sdf,/structures/1-hydroxypinoresinol.sdf,sdf,exact_normalized_name,1.0,local_sdf_library
CMPD_1001AA5E9522,1-isocyano-4-methyl_benzene.sdf,/structures/1-isocyano-4-methyl_benzene.sdf,sdf,exact_normalized_name,1.0,local_sdf_library
CMPD_25E81FECBE85,1-methyl-1-cyclopentanol.sdf,/structures/1-methyl-1-cyclopentanol.sdf,sdf,exact_normalized_name,1.0,local_sdf_library
CMPD_F089BC59E4D4,1-methyl-3-propylbenzene.sdf,/structures/1-methyl-3-propylbenzene.sdf,sdf,fuzzy_normalized_name,0.933,local_sdf_library
CMPD_529E302F229D,1-Naphthol.sdf,/structures/1-Naphthol.sdf,sdf,exact_normalized_name,1.0,local_sdf_library
CMPD_171BDE7C7FC5,1-O-beta-D-Glucopyranosyl-3_5-dimethoxybenzene.sdf,/structures/1-O-beta-D-Glucopyranosyl-3_5-dimethoxybenzene.sdf,sdf,fuzzy_normalized_name,0.987,local_sdf_library
CMPD_D889E0B3ACC5,1-O-lauroyl-glycerol.sdf,/structures/1-O-lauroyl-glycerol.sdf,sdf,exact_normalized_name,1.0,local_sdf_library
CMPD_0A677EE1ADC1,1-octen-3-ol.sdf,/structures/1-octen-3-ol.sdf,sdf,exact_normalized_name,1.0,local_sdf_library
CMPD_DA61F1700B66,1-Pentadecene.sdf,/structures/1-Pentadecene.sdf,sdf,fuzzy_normalized_name,0.917,local_sdf_library
CMPD_068DDCC2BE41,1-piperoylpiperidine.sdf,/structures/1-piperoylpiperidine.sdf,sdf,exact_normalized_name,1.0,local_sdf_library
CMPD_9BEE14FC4E01,10-deacetylbaccatin_III.sdf,/structures/10-deacetylbaccatin_III.sdf,sdf,exact_normalized_name,1.0,local_sdf_library
CMPD_50CEBBE75DA1,10-epi-gamma-eudesmol.sdf,/structures/10-epi-gamma-eudesmol.sdf,sdf,exact_normalized_name,1.0,local_sdf_library
CMPD_807E539F3F19,10-epi-α-Cadinol.sdf,/structures/10-epi-α-Cadinol.sdf,sdf,fuzzy_normalized_name,0.938,local_sdf_library
CMPD_ED4F6F6410CC,10-epigazaniolide.sdf,/structures/10-epigazaniolide.sdf,sdf,exact_normalized_name,1.0,local_sdf_library
CMPD_C5B9F30381F8,10-ethyl-8-phenyl-9H-pyrrolo_3_4_3_4_pyrrolo_2_1-a_phthalazine-9_11_10H_-dione.sdf,/structures/10-ethyl-8-phenyl-9H-pyrrolo_3_4_3_4_pyrrolo_2_1-a_phthalazine-9_11_10H_-dione.sdf,sdf,exact_normalized_name,1.0,local_sdf_library
CMPD_8AFD9928F79A,10-HDA.sdf,/structures/10-HDA.sdf,sdf,exact_normalized_name,1.0,local_sdf_library
CMPD_5CD08C681E4C,10-Hydroxylancerodiol_6-benzoate.sdf,/structures/10-Hydroxylancerodiol_6-benzoate.sdf,sdf,exact_normalized_name,1.0,local_sdf_library
CMPD_D4AC20514330,10-methylsulphinyl-decanenitrile.sdf,/structures/10-methylsulphinyl-decanenitrile.sdf,sdf,exact_normalized_name,1.0,local_sdf_library
CMPD_21148E5CED74,10-Oxojaeschkeanadiol_6-anisate.sdf,/structures/10-Oxojaeschkeanadiol_6-anisate.sdf,sdf,fuzzy_normalized_name,0.982,local_sdf_library
CMPD_3C7D97383332,10-Oxolupanine.sdf,/structures/10-Oxolupanine.sdf,sdf,exact_normalized_name,1.0,local_sdf_library
CMPD_64E8CB6F8A70,10007.sdf,/structures/10007.sdf,sdf,pubchem_cid_filename,1.0,local_sdf_library
CMPD_34C12225DA32,1001.sdf,/structures/1001.sdf,sdf,pubchem_cid_filename,1.0,local_sdf_library
CMPD_ECF3F9762E36,10031482.sdf,/structures/10031482.sdf,sdf,pubchem_cid_filename,1.0,local_sdf_library
CMPD_ACDF7DD1475F,10091396.sdf,/structures/10091396.sdf,sdf,pubchem_cid_filename,1.0,local_sdf_library
CMPD_1EDCF06D5113,100918.sdf,/structures/100918.sdf,sdf,pubchem_cid_filename,1.0,local_sdf_library
CMPD_B4E799F31498,100927727.sdf,/structures/100927727.sdf,sdf,pubchem_cid_filename,1.0,local_sdf_library
CMPD_8EBDC56E9695,10100906.sdf,/structures/10100906.sdf,sdf,pubchem_cid_filename,1.0,local_sdf_library
CMPD_1DFA88F9D00E,101037563.sdf,/structures/101037563.sdf,sdf,pubchem_cid_filename,1.0,local_sdf_library
CMPD_8ED25A7BBC10,101044443.sdf,/structures/101044443.sdf,sdf,pubchem_cid_filename,1.0,local_sdf_library
CMPD_EB3AD4532963,101235129.sdf,/structures/101235129.sdf,sdf,pubchem_cid_filename,1.0,local_sdf_library
CMPD_02440644F835,101287955.sdf,/structures/101287955.sdf,sdf,pubchem_cid_filename,1.0,local_sdf_library
CMPD_B41CECAC952C,10133609.sdf,/structures/10133609.sdf,sdf,pubchem_cid_filename,1.0,local_sdf_library
CMPD_1D1FCF7F7C4F,101374523.sdf,/structures/101374523.sdf,sdf,pubchem_cid_filename,1.0,local_sdf_library
CMPD_F22E655D4F20,101416738.sdf,/structures/101416738.sdf,sdf,pubchem_cid_filename,1.0,local_sdf_library
CMPD_39AD180F0CCB,101416757.sdf,/structures/101416757.sdf,sdf,pubchem_cid_filename,1.0,local_sdf_library
CMPD_AA7860EBC47C,10141695.sdf,/structures/10141695.sdf,sdf,pubchem_cid_filename,1.0,local_sdf_library
CMPD_A741B5BD24A5,101419.sdf,/structures/101419.sdf,sdf,pubchem_cid_filename,1.0,local_sdf_library
CMPD_E6824F2148CC,101458474.sdf,/structures/101458474.sdf,sdf,pubchem_cid_filename,1.0,local_sdf_library
CMPD_0F9BFDA16584,101459529.sdf,/structures/101459529.sdf,sdf,pubchem_cid_filename,1.0,local_sdf_library
CMPD_413CF27602A9,101481072.sdf,/structures/101481072.sdf,sdf,pubchem_cid_filename,1.0,local_sdf_library
CMPD_F1AEF279E9B3,101481177.sdf,/structures/101481177.sdf,sdf,pubchem_cid_filename,1.0,local_sdf_library
CMPD_3B1656A71131,101490212.sdf,/structures/101490212.sdf,sdf,pubchem_cid_filename,1.0,local_sdf_library
CMPD_FA240B4AD84A,10155076.sdf,/structures/10155076.sdf,sdf,pubchem_cid_filename,1.0,local_sdf_library
CMPD_95641F3F1D1D,101560938.sdf,/structures/101560938.sdf,sdf,pubchem_cid_filename,1.0,local_sdf_library
CMPD_B83EDA889CD3,101569424.sdf,/structures/101569424.sdf,sdf,pubchem_cid_filename,1.0,local_sdf_library
CMPD_4125E8614FED,101584237.sdf,/structures/101584237.sdf,sdf,pubchem_cid_filename,1.0,local_sdf_library
CMPD_5D1FEF23C5C7,101783853.sdf,/structures/101783853.sdf,sdf,pubchem_cid_filename,1.0,local_sdf_library
CMPD_12FC784B07D2,101831551.sdf,/structures/101831551.sdf,sdf,pubchem_cid_filename,1.0,local_sdf_library
CMPD_B72801F8656A,101851214.sdf,/structures/101851214.sdf,sdf,pubchem_cid_filename,1.0,local_sdf_library
CMPD_D276598047CF,101915806.sdf,/structures/101915806.sdf,sdf,pubchem_cid_filename,1.0,local_sdf_library
CMPD_2852109F7596,101968367.sdf,/structures/101968367.sdf,sdf,pubchem_cid_filename,1.0,local_sdf_library
CMPD_AAC106D4C069,101968531.sdf,/structures/101968531.sdf,sdf,pubchem_cid_filename,1.0,local_sdf_library
CMPD_FE8070A5E172,102005470.sdf,/structures/102005470.sdf,sdf,pubchem_cid_filename,1.0,local_sdf_library
CMPD_32C0C9A96389,102141527.sdf,/structures/102141527.sdf,sdf,pubchem_cid_filename,1.0,local_sdf_library
CMPD_8146045BD211,102142270.sdf,/structures/102142270.sdf,sdf,pubchem_cid_filename,1.0,local_sdf_library
CMPD_986044D515A8,102146821.sdf,/structures/102146821.sdf,sdf,pubchem_cid_filename,1.0,local_sdf_library
CMPD_E7ADC2FB22C1,102146824.sdf,/structures/102146824.sdf,sdf,pubchem_cid_filename,1.0,local_sdf_library
CMPD_36CBD3A3BF7F,10214811.sdf,/structures/10214811.sdf,sdf,pubchem_cid_filename,1.0,local_sdf_library
CMPD_144C64095429,102148419.sdf,/structures/102148419.sdf,sdf,pubchem_cid_filename,1.0,local_sdf_library
CMPD_2BEA68CE5724,102377366.sdf,/structures/102377366.sdf,sdf,pubchem_cid_filename,1.0,local_sdf_library
CMPD_77FC9B0476D7,102555627.sdf,/structures/102555627.sdf,sdf,pubchem_cid_filename,1.0,local_sdf_library
CMPD_4F4CCFA46C84,103857.sdf,/structures/103857.sdf,sdf,pubchem_cid_filename,1.0,local_sdf_library
CMPD_4DA0E41DB6F4,10408.sdf,/structures/10408.sdf,sdf,pubchem_cid_filename,1.0,local_sdf_library
CMPD_12286FB4ABFC,10419339.sdf,/structures/10419339.sdf,sdf,pubchem_cid_filename,1.0,local_sdf_library
CMPD_C866D923B8B2,10419356.sdf,/structures/10419356.sdf,sdf,pubchem_cid_filename,1.0,local_sdf_library
CMPD_20F94B828673,10427844.sdf,/structures/10427844.sdf,sdf,pubchem_cid_filename,1.0,local_sdf_library
CMPD_97E188F3B1F1,10429288.sdf,/structures/10429288.sdf,sdf,pubchem_cid_filename,1.0,local_sdf_library
CMPD_9DD37F891A89,10452.sdf,/structures/10452.sdf,sdf,pubchem_cid_filename,1.0,local_sdf_library
CMPD_E7B381051257,10453.sdf,/structures/10453.sdf,sdf,pubchem_cid_filename,1.0,local_sdf_library
CMPD_857FE817BD27,104537.sdf,/structures/104537.sdf,sdf,pubchem_cid_filename,1.0,local_sdf_library
CMPD_5AF2659C77B6,104719.sdf,/structures/104719.sdf,sdf,pubchem_cid_filename,1.0,local_sdf_library
CMPD_23889C793D16,104847.sdf,/structures/104847.sdf,sdf,pubchem_cid_filename,1.0,local_sdf_library
CMPD_39F965B47ADC,104863.sdf,/structures/104863.sdf,sdf,pubchem_cid_filename,1.0,local_sdf_library
CMPD_A39CC257B8DA,10486801.sdf,/structures/10486801.sdf,sdf,pubchem_cid_filename,1.0,local_sdf_library
CMPD_2A21E5F41557,10544575.sdf,/structures/10544575.sdf,sdf,pubchem_cid_filename,1.0,local_sdf_library
CMPD_7C62E6D7D1C6,10621.sdf,/structures/10621.sdf,sdf,pubchem_cid_filename,1.0,local_sdf_library
CMPD_95469A35437F,10624721.sdf,/structures/10624721.sdf,sdf,pubchem_cid_filename,1.0,local_sdf_library
CMPD_A171EE5E7708,107.sdf,/structures/107.sdf,sdf,pubchem_cid_filename,1.0,local_sdf_library
CMPD_253AD9BE058E,107050.sdf,/structures/107050.sdf,sdf,pubchem_cid_filename,1.0,local_sdf_library
CMPD_376C27ED2E7A,10718718.sdf,/structures/10718718.sdf,sdf,pubchem_cid_filename,1.0,local_sdf_library
CMPD_9889FB4B4620,10742.sdf,/structures/10742.sdf,sdf,pubchem_cid_filename,1.0,local_sdf_library
CMPD_28F28FA0BB4F,107855.sdf,/structures/107855.sdf,sdf,pubchem_cid_filename,1.0,local_sdf_library
CMPD_FC0F829F65FA,107876.sdf,/structures/107876.sdf,sdf,pubchem_cid_filename,1.0,local_sdf_library
CMPD_42C719DFC421,10805.sdf,/structures/10805.sdf,sdf,pubchem_cid_filename,1.0,local_sdf_library
CMPD_A81D8779D310,10812337.sdf,/structures/10812337.sdf,sdf,pubchem_cid_filename,1.0,local_sdf_library
CMPD_06B4CA277791,10855476.sdf,/structures/10855476.sdf,sdf,pubchem_cid_filename,1.0,local_sdf_library
CMPD_E7679D452D7D,10878761.sdf,/structures/10878761.sdf,sdf,pubchem_cid_filename,1.0,local_sdf_library
CMPD_A8CE643148B8,10887854.sdf,/structures/10887854.sdf,sdf,pubchem_cid_filename,1.0,local_sdf_library
CMPD_F089BC59E4D4,10892015.sdf,/structures/10892015.sdf,sdf,pubchem_cid_filename,1.0,local_sdf_library
CMPD_1CCBAC788B10,10901509.sdf,/structures/10901509.sdf,sdf,pubchem_cid_filename,1.0,local_sdf_library
CMPD_7CE82794B5A1,10915671.sdf,/structures/10915671.sdf,sdf,pubchem_cid_filename,1.0,local_sdf_library
CMPD_25DD030D1102,10940562.sdf,/structures/10940562.sdf,sdf,pubchem_cid_filename,1.0,local_sdf_library
CMPD_3218199971DC,10967584.sdf,/structures/10967584.sdf,sdf,pubchem_cid_filename,1.0,local_sdf_library
CMPD_015B37BF1C8E,10967759.sdf,/structures/10967759.sdf,sdf,pubchem_cid_filename,1.0,local_sdf_library
CMPD_42845ABEE19F,109848.sdf,/structures/109848.sdf,sdf,pubchem_cid_filename,1.0,local_sdf_library
CMPD_B82E94131B3F,10986705.sdf,/structures/10986705.sdf,sdf,pubchem_cid_filename,1.0,local_sdf_library
CMPD_F7484FE8CB63,11-acetoxyeudesman-4alpha-ol.sdf,/structures/11-acetoxyeudesman-4alpha-ol.sdf,sdf,exact_normalized_name,1.0,local_sdf_library
CMPD_FBF0B5494D46,11-ethoxyviburtinal.sdf,/structures/11-ethoxyviburtinal.sdf,sdf,exact_normalized_name,1.0,local_sdf_library
CMPD_89A52F55CB6D,11-himachal-4-en-1-ol.sdf,/structures/11-himachal-4-en-1-ol.sdf,sdf,exact_normalized_name,1.0,local_sdf_library
CMPD_00242CA438FA,11-keto-β-boswellic_acid.sdf,/structures/11-keto-β-boswellic_acid.sdf,sdf,exact_normalized_name,1.0,local_sdf_library
CMPD_FADF39BB87CF,11-methyl-sulphinylundecanenitrile.sdf,/structures/11-methyl-sulphinylundecanenitrile.sdf,sdf,exact_normalized_name,1.0,local_sdf_library
CMPD_BF774DFF144E,11-octadecenal.sdf,/structures/11-octadecenal.sdf,sdf,exact_normalized_name,1.0,local_sdf_library
CMPD_3517D92FC06B,11-oxo-alpha-Amyrin.sdf,/structures/11-oxo-alpha-Amyrin.sdf,sdf,exact_normalized_name,1.0,local_sdf_library
CMPD_0177B1320254,11016480.sdf,/structures/11016480.sdf,sdf,pubchem_cid_filename,1.0,local_sdf_library
CMPD_F5732968BB7A,11025555.sdf,/structures/11025555.sdf,sdf,pubchem_cid_filename,1.0,local_sdf_library
CMPD_975E5C331A74,11030025.sdf,/structures/11030025.sdf,sdf,pubchem_cid_filename,1.0,local_sdf_library
CMPD_FDD04A8B5036,11030058.sdf,/structures/11030058.sdf,sdf,pubchem_cid_filename,1.0,local_sdf_library
CMPD_217CF4ACEDF1,11033280.sdf,/structures/11033280.sdf,sdf,pubchem_cid_filename,1.0,local_sdf_library
CMPD_10F2CB768386,11034444.sdf,/structures/11034444.sdf,sdf,pubchem_cid_filename,1.0,local_sdf_library
CMPD_D61D75EC2B9D,11036325.sdf,/structures/11036325.sdf,sdf,pubchem_cid_filename,1.0,local_sdf_library
CMPD_4DFD3236E3D4,11036326.sdf,/structures/11036326.sdf,sdf,pubchem_cid_filename,1.0,local_sdf_library
CMPD_B176AADFAEB9,110368.sdf,/structures/110368.sdf,sdf,pubchem_cid_filename,1.0,local_sdf_library
CMPD_62A9D84009AB,11036814.sdf,/structures/11036814.sdf,sdf,pubchem_cid_filename,1.0,local_sdf_library
CMPD_DF6FF46835F5,11037286.sdf,/structures/11037286.sdf,sdf,pubchem_cid_filename,1.0,local_sdf_library
CMPD_B4E799F31498,11053424.sdf,/structures/11053424.sdf,sdf,pubchem_cid_filename,1.0,local_sdf_library
CMPD_9FB10C3317D4,11059434.sdf,/structures/11059434.sdf,sdf,pubchem_cid_filename,1.0,local_sdf_library
CMPD_EE782BCBFD0F,11079623.sdf,/structures/11079623.sdf,sdf,pubchem_cid_filename,1.0,local_sdf_library
CMPD_C04779DD8071,11103.sdf,/structures/11103.sdf,sdf,pubchem_cid_filename,1.0,local_sdf_library
CMPD_C04779DD8071,111037.sdf,/structures/111037.sdf,sdf,pubchem_cid_filename,1.0,local_sdf_library
CMPD_EFC6AE6D33AF,11116238.sdf,/structures/11116238.sdf,sdf,pubchem_cid_filename,1.0,local_sdf_library
CMPD_8E8934696791,11116248.sdf,/structures/11116248.sdf,sdf,pubchem_cid_filename,1.0,local_sdf_library
CMPD_7FE6FF2724B8,11180479.sdf,/structures/11180479.sdf,sdf,pubchem_cid_filename,1.0,local_sdf_library
CMPD_9D109AEA01D1,11186716.sdf,/structures/11186716.sdf,sdf,pubchem_cid_filename,1.0,local_sdf_library
CMPD_3AE6BE160088,11261358.sdf,/structures/11261358.sdf,sdf,pubchem_cid_filename,1.0,local_sdf_library
CMPD_5672262277D7,11267104.sdf,/structures/11267104.sdf,sdf,pubchem_cid_filename,1.0,local_sdf_library
CMPD_A1B101EDC289,11349.sdf,/structures/11349.sdf,sdf,pubchem_cid_filename,1.0,local_sdf_library
CMPD_9B144AEB786F,11384730.sdf,/structures/11384730.sdf,sdf,pubchem_cid_filename,1.0,local_sdf_library
CMPD_672B88CD8DDF,11394145.sdf,/structures/11394145.sdf,sdf,pubchem_cid_filename,1.0,local_sdf_library
CMPD_2728064E9169,11462002.sdf,/structures/11462002.sdf,sdf,pubchem_cid_filename,1.0,local_sdf_library
CMPD_514979F6D991,11470409.sdf,/structures/11470409.sdf,sdf,pubchem_cid_filename,1.0,local_sdf_library
CMPD_FC8648281710,11502.sdf,/structures/11502.sdf,sdf,pubchem_cid_filename,1.0,local_sdf_library
CMPD_095F2E06B995,11526834.sdf,/structures/11526834.sdf,sdf,pubchem_cid_filename,1.0,local_sdf_library
CMPD_3A892CE2F7AC,115312.sdf,/structures/115312.sdf,sdf,pubchem_cid_filename,1.0,local_sdf_library
CMPD_34BEDEE83C90,115321.sdf,/structures/115321.sdf,sdf,pubchem_cid_filename,1.0,local_sdf_library
CMPD_573C49BB0438,115359.sdf,/structures/115359.sdf,sdf,pubchem_cid_filename,1.0,local_sdf_library
CMPD_C60DB14AD24C,11603504.sdf,/structures/11603504.sdf,sdf,pubchem_cid_filename,1.0,local_sdf_library
CMPD_2A844DBC068E,11655911.sdf,/structures/11655911.sdf,sdf,pubchem_cid_filename,1.0,local_sdf_library
CMPD_9077BB66428B,11701599.sdf,/structures/11701599.sdf,sdf,pubchem_cid_filename,1.0,local_sdf_library
CMPD_9DD6764B0442,11818167.sdf,/structures/11818167.sdf,sdf,pubchem_cid_filename,1.0,local_sdf_library
CMPD_9DD37F891A89,119035.sdf,/structures/119035.sdf,sdf,pubchem_cid_filename,1.0,local_sdf_library
CMPD_97E188F3B1F1,119041.sdf,/structures/119041.sdf,sdf,pubchem_cid_filename,1.0,local_sdf_library
CMPD_6F08FE3538D5,119046.sdf,/structures/119046.sdf,sdf,pubchem_cid_filename,1.0,local_sdf_library
CMPD_C0782896E20E,119201.sdf,/structures/119201.sdf,sdf,pubchem_cid_filename,1.0,local_sdf_library
CMPD_9BE25EA0C92E,119253.sdf,/structures/119253.sdf,sdf,pubchem_cid_filename,1.0,local_sdf_library
CMPD_8B167796D0F7,11_12-seco-12_13-didehydromultiflorine.sdf,/structures/11_12-seco-12_13-didehydromultiflorine.sdf,sdf,exact_normalized_name,1.0,local_sdf_library
CMPD_A13BCA7D75C7,11_14_17-eicosatrienoic_acid_methyl_ester.sdf,/structures/11_14_17-eicosatrienoic_acid_methyl_ester.sdf,sdf,exact_normalized_name,1.0,local_sdf_library
CMPD_4719B898F795,11beta_13-Dihydrolactucin.sdf,/structures/11beta_13-Dihydrolactucin.sdf,sdf,exact_normalized_name,1.0,local_sdf_library
CMPD_2A440EF685E2,11beta_15beta-dihydroxy-ent-kaur-16-en-19-oic_acid.sdf,/structures/11beta_15beta-dihydroxy-ent-kaur-16-en-19-oic_acid.sdf,sdf,exact_normalized_name,1.0,local_sdf_library
CMPD_18A9C64E05F9,12-beta-Hydroxyscillirosidin.sdf,/structures/12-beta-Hydroxyscillirosidin.sdf,sdf,exact_normalized_name,1.0,local_sdf_library
CMPD_98E4E2DD656C,12-Deoxyphorbol_13-decadienoate.sdf,/structures/12-Deoxyphorbol_13-decadienoate.sdf,sdf,exact_normalized_name,1.0,local_sdf_library
CMPD_8F13FF9C711D,12-tridecanolide.sdf,/structures/12-tridecanolide.sdf,sdf,exact_normalized_name,1.0,local_sdf_library
CMPD_14F2EC66292F,12020.sdf,/structures/12020.sdf,sdf,pubchem_cid_filename,1.0,local_sdf_library
CMPD_B83EDA889CD3,12046149.sdf,/structures/12046149.sdf,sdf,pubchem_cid_filename,1.0,local_sdf_library
CMPD_8F970CD9D222,12084879.sdf,/structures/12084879.sdf,sdf,pubchem_cid_filename,1.0,local_sdf_library
CMPD_E6E9FD54C741,12134555.sdf,/structures/12134555.sdf,sdf,pubchem_cid_filename,1.0,local_sdf_library
CMPD_9CF8E1276F63,12204780.sdf,/structures/12204780.sdf,sdf,pubchem_cid_filename,1.0,local_sdf_library
CMPD_625658A42131,12217608.sdf,/structures/12217608.sdf,sdf,pubchem_cid_filename,1.0,local_sdf_library
CMPD_7A353A653358,12235227.sdf,/structures/12235227.sdf,sdf,pubchem_cid_filename,1.0,local_sdf_library
CMPD_151AB7175820,122754.sdf,/structures/122754.sdf,sdf,pubchem_cid_filename,1.0,local_sdf_library
CMPD_B603155BC7F4,12303577.sdf,/structures/12303577.sdf,sdf,pubchem_cid_filename,1.0,local_sdf_library
CMPD_7DDB64E5F0FA,12303662.sdf,/structures/12303662.sdf,sdf,pubchem_cid_filename,1.0,local_sdf_library
CMPD_32C0C9A96389,12304196.sdf,/structures/12304196.sdf,sdf,pubchem_cid_filename,1.0,local_sdf_library
CMPD_BAB7349CC949,12306047.sdf,/structures/12306047.sdf,sdf,pubchem_cid_filename,1.0,local_sdf_library
CMPD_F69818077162,12309057.sdf,/structures/12309057.sdf,sdf,pubchem_cid_filename,1.0,local_sdf_library
CMPD_1AE67C511738,12314541.sdf,/structures/12314541.sdf,sdf,pubchem_cid_filename,1.0,local_sdf_library
CMPD_67E7BBFE48C8,124375.sdf,/structures/124375.sdf,sdf,pubchem_cid_filename,1.0,local_sdf_library
CMPD_A6B67C51B8B5,124434.sdf,/structures/124434.sdf,sdf,pubchem_cid_filename,1.0,local_sdf_library
CMPD_00763E24CFF9,125203.sdf,/structures/125203.sdf,sdf,pubchem_cid_filename,1.0,local_sdf_library
CMPD_9855BC407BA3,12521284.sdf,/structures/12521284.sdf,sdf,pubchem_cid_filename,1.0,local_sdf_library
CMPD_986044D515A8,12681561.sdf,/structures/12681561.sdf,sdf,pubchem_cid_filename,1.0,local_sdf_library
CMPD_CA0E19A9F012,127406.sdf,/structures/127406.sdf,sdf,pubchem_cid_filename,1.0,local_sdf_library
CMPD_8AB4B3C5379A,12741.sdf,/structures/12741.sdf,sdf,pubchem_cid_filename,1.0,local_sdf_library
CMPD_23889C793D16,12866383.sdf,/structures/12866383.sdf,sdf,pubchem_cid_filename,1.0,local_sdf_library
CMPD_9835FDA0461B,129532628.sdf,/structures/129532628.sdf,sdf,pubchem_cid_filename,1.0,local_sdf_library
CMPD_1A6C0480D056,129539666.sdf,/structures/129539666.sdf,sdf,pubchem_cid_filename,1.0,local_sdf_library
CMPD_1C2E2ECD1714,129627725.sdf,/structures/129627725.sdf,sdf,pubchem_cid_filename,1.0,local_sdf_library
CMPD_F62F03407A7D,129834621.sdf,/structures/129834621.sdf,sdf,pubchem_cid_filename,1.0,local_sdf_library
CMPD_AD9987D179DC,129845343.sdf,/structures/129845343.sdf,sdf,pubchem_cid_filename,1.0,local_sdf_library
CMPD_9E35271BA307,12_13-dihome.sdf,/structures/12_13-dihome.sdf,sdf,exact_normalized_name,1.0,local_sdf_library
CMPD_F7FEB6C7799F,12a-Dehydrodeguelin.sdf,/structures/12a-Dehydrodeguelin.sdf,sdf,exact_normalized_name,1.0,local_sdf_library
CMPD_C9068BCDFC24,12alpha-Hydroxylupanine.sdf,/structures/12alpha-Hydroxylupanine.sdf,sdf,exact_normalized_name,1.0,local_sdf_library
CMPD_BB314E799AB6,13-Dihydro-4-epi-sonchucarpolide.sdf,/structures/13-Dihydro-4-epi-sonchucarpolide.sdf,sdf,exact_normalized_name,1.0,local_sdf_library
CMPD_2A0B1CE76C9D,13-epi-manoyl_oxide.sdf,/structures/13-epi-manoyl_oxide.sdf,sdf,exact_normalized_name,1.0,local_sdf_library
CMPD_2A0B1CE76C9D,13-epimanoyl_oxide.sdf,/structures/13-epimanoyl_oxide.sdf,sdf,exact_normalized_name,1.0,local_sdf_library
CMPD_D4E4F2B63E15,13-methyltetradecanoic_acid.sdf,/structures/13-methyltetradecanoic_acid.sdf,sdf,exact_normalized_name,1.0,local_sdf_library
CMPD_1985B18E7BBF,13092557.sdf,/structures/13092557.sdf,sdf,pubchem_cid_filename,1.0,local_sdf_library
CMPD_4AC42FF0DAE0,131751234.sdf,/structures/131751234.sdf,sdf,pubchem_cid_filename,1.0,local_sdf_library
CMPD_82CB5657B4E1,131752508.sdf,/structures/131752508.sdf,sdf,pubchem_cid_filename,1.0,local_sdf_library
CMPD_36F92EAEF118,132489952.sdf,/structures/132489952.sdf,sdf,pubchem_cid_filename,1.0,local_sdf_library
CMPD_18F100A48A59,132489956.sdf,/structures/132489956.sdf,sdf,pubchem_cid_filename,1.0,local_sdf_library
CMPD_317A2B504F62,132489957.sdf,/structures/132489957.sdf,sdf,pubchem_cid_filename,1.0,local_sdf_library
CMPD_A741B5BD24A5,13254473.sdf,/structures/13254473.sdf,sdf,pubchem_cid_filename,1.0,local_sdf_library
CMPD_BE5C96733099,133554346.sdf,/structures/133554346.sdf,sdf,pubchem_cid_filename,1.0,local_sdf_library
CMPD_5D7D33091F69,134756435.sdf,/structures/134756435.sdf,sdf,pubchem_cid_filename,1.0,local_sdf_library
CMPD_52F86ADDAA5E,136126988.sdf,/structures/136126988.sdf,sdf,pubchem_cid_filename,1.0,local_sdf_library
CMPD_B95A15CF4DAB,137321127.sdf,/structures/137321127.sdf,sdf,pubchem_cid_filename,1.0,local_sdf_library
CMPD_2FA09F58AA59,138243.sdf,/structures/138243.sdf,sdf,pubchem_cid_filename,1.0,local_sdf_library
CMPD_057D7CB6C9B9,13844658.sdf,/structures/13844658.sdf,sdf,pubchem_cid_filename,1.0,local_sdf_library
CMPD_13EC12FD3129,13861214.sdf,/structures/13861214.sdf,sdf,pubchem_cid_filename,1.0,local_sdf_library
CMPD_169235E38678,13889352.sdf,/structures/13889352.sdf,sdf,pubchem_cid_filename,1.0,local_sdf_library
CMPD_51005FDAE142,13919629.sdf,/structures/13919629.sdf,sdf,pubchem_cid_filename,1.0,local_sdf_library
CMPD_26E252509B43,13922639.sdf,/structures/13922639.sdf,sdf,pubchem_cid_filename,1.0,local_sdf_library
CMPD_53C7C4A5A9F4,13943205.sdf,/structures/13943205.sdf,sdf,pubchem_cid_filename,1.0,local_sdf_library
CMPD_E95970233982,13983730.sdf,/structures/13983730.sdf,sdf,pubchem_cid_filename,1.0,local_sdf_library
CMPD_319DC752974C,13993264.sdf,/structures/13993264.sdf,sdf,pubchem_cid_filename,1.0,local_sdf_library
CMPD_C9271F19F737,139989.sdf,/structures/139989.sdf,sdf,pubchem_cid_filename,1.0,local_sdf_library
CMPD_2E36984FC93F,13beta_28-epoxy-urs-12-ene-1beta_3beta-diol.sdf,/structures/13beta_28-epoxy-urs-12-ene-1beta_3beta-diol.sdf,sdf,exact_normalized_name,1.0,local_sdf_library
CMPD_BDA294A23208,14-hydroxy-9-epi-_E_-caryophyllene.sdf,/structures/14-hydroxy-9-epi-_E_-caryophyllene.sdf,sdf,exact_normalized_name,1.0,local_sdf_library
CMPD_2BEA68CE5724,14-hydroxy-alpha-humulene.sdf,/structures/14-hydroxy-alpha-humulene.sdf,sdf,fuzzy_normalized_name,0.889,local_sdf_library
CMPD_2BEA68CE5724,14-hydroxy-alpha-muurolene.sdf,/structures/14-hydroxy-alpha-muurolene.sdf,sdf,exact_normalized_name,1.0,local_sdf_library
CMPD_0F7D1081BBA2,14-Hydroxyvaginatin.sdf,/structures/14-Hydroxyvaginatin.sdf,sdf,exact_normalized_name,1.0,local_sdf_library
CMPD_A0B530D30430,14-O-Acetylperegrine.sdf,/structures/14-O-Acetylperegrine.sdf,sdf,exact_normalized_name,1.0,local_sdf_library
CMPD_AB322950B9C2,14021529.sdf,/structures/14021529.sdf,sdf,pubchem_cid_filename,1.0,local_sdf_library
CMPD_13515DBE1149,14030.sdf,/structures/14030.sdf,sdf,pubchem_cid_filename,1.0,local_sdf_library
CMPD_F1AEF279E9B3,14033815.sdf,/structures/14033815.sdf,sdf,pubchem_cid_filename,1.0,local_sdf_library
CMPD_5AAF6AE841FA,14035654.sdf,/structures/14035654.sdf,sdf,pubchem_cid_filename,1.0,local_sdf_library
CMPD_1E4D73A03E79,14037471.sdf,/structures/14037471.sdf,sdf,pubchem_cid_filename,1.0,local_sdf_library
CMPD_7E7E20D26A0E,141018.sdf,/structures/141018.sdf,sdf,pubchem_cid_filename,1.0,local_sdf_library
CMPD_1AA1473A0FA1,14120306.sdf,/structures/14120306.sdf,sdf,pubchem_cid_filename,1.0,local_sdf_library
CMPD_8D37A87BE264,14136611.sdf,/structures/14136611.sdf,sdf,pubchem_cid_filename,1.0,local_sdf_library
CMPD_FED6A616865D,14139904.sdf,/structures/14139904.sdf,sdf,pubchem_cid_filename,1.0,local_sdf_library
CMPD_171B047068F5,14207905.sdf,/structures/14207905.sdf,sdf,pubchem_cid_filename,1.0,local_sdf_library
CMPD_235744526E96,14243689.sdf,/structures/14243689.sdf,sdf,pubchem_cid_filename,1.0,local_sdf_library
CMPD_672BE2699E15,14275037.sdf,/structures/14275037.sdf,sdf,pubchem_cid_filename,1.0,local_sdf_library
CMPD_8C6F9178B5D8,14414526.sdf,/structures/14414526.sdf,sdf,pubchem_cid_filename,1.0,local_sdf_library
CMPD_E5A18539717B,14423521.sdf,/structures/14423521.sdf,sdf,pubchem_cid_filename,1.0,local_sdf_library
CMPD_B02E84994E6D,14488346.sdf,/structures/14488346.sdf,sdf,pubchem_cid_filename,1.0,local_sdf_library
CMPD_2571B0378126,14489120.sdf,/structures/14489120.sdf,sdf,pubchem_cid_filename,1.0,local_sdf_library
CMPD_8ADFD197EDBC,14524429.sdf,/structures/14524429.sdf,sdf,pubchem_cid_filename,1.0,local_sdf_library
CMPD_F4ED8C798BA9,14539158.sdf,/structures/14539158.sdf,sdf,pubchem_cid_filename,1.0,local_sdf_library
CMPD_45B63FF6A230,14543433.sdf,/structures/14543433.sdf,sdf,pubchem_cid_filename,1.0,local_sdf_library
CMPD_20F94B828673,145707084.sdf,/structures/145707084.sdf,sdf,pubchem_cid_filename,1.0,local_sdf_library
CMPD_8A641C8FBC6E,14594246.sdf,/structures/14594246.sdf,sdf,pubchem_cid_filename,1.0,local_sdf_library
CMPD_213BA1FA8A1A,14605580.sdf,/structures/14605580.sdf,sdf,pubchem_cid_filename,1.0,local_sdf_library
CMPD_906C7C906478,14660706.sdf,/structures/14660706.sdf,sdf,pubchem_cid_filename,1.0,local_sdf_library
CMPD_468B6399A1EB,14704554.sdf,/structures/14704554.sdf,sdf,pubchem_cid_filename,1.0,local_sdf_library
CMPD_EC1D80054830,14758720.sdf,/structures/14758720.sdf,sdf,pubchem_cid_filename,1.0,local_sdf_library
CMPD_C33B40306F05,14906.sdf,/structures/14906.sdf,sdf,pubchem_cid_filename,1.0,local_sdf_library
CMPD_563AD0EDE80F,149721.sdf,/structures/149721.sdf,sdf,pubchem_cid_filename,1.0,local_sdf_library
CMPD_3E2A043508E0,15-Acetyl-11_13-dehydromelitensin.sdf,/structures/15-Acetyl-11_13-dehydromelitensin.sdf,sdf,fuzzy_normalized_name,0.926,local_sdf_library
CMPD_2B9DE9E96D69,15-cis-beta-Carotene.sdf,/structures/15-cis-beta-Carotene.sdf,sdf,exact_normalized_name,1.0,local_sdf_library
CMPD_237C13F8495B,15016259.sdf,/structures/15016259.sdf,sdf,pubchem_cid_filename,1.0,local_sdf_library
CMPD_4DA0E41DB6F4,15210.sdf,/structures/15210.sdf,sdf,pubchem_cid_filename,1.0,local_sdf_library
CMPD_5C760D3B50CD,15243.sdf,/structures/15243.sdf,sdf,pubchem_cid_filename,1.0,local_sdf_library
CMPD_7BDE59A6872A,152430.sdf,/structures/152430.sdf,sdf,pubchem_cid_filename,1.0,local_sdf_library
CMPD_248C864B1B49,15293070.sdf,/structures/15293070.sdf,sdf,pubchem_cid_filename,1.0,local_sdf_library
CMPD_6E2403DB682E,15394.sdf,/structures/15394.sdf,sdf,pubchem_cid_filename,1.0,local_sdf_library
CMPD_77CB8BB65E08,154388.sdf,/structures/154388.sdf,sdf,pubchem_cid_filename,1.0,local_sdf_library
CMPD_C87766EDDDB1,15549893.sdf,/structures/15549893.sdf,sdf,pubchem_cid_filename,1.0,local_sdf_library
CMPD_F78DB24BD718,15558197.sdf,/structures/15558197.sdf,sdf,pubchem_cid_filename,1.0,local_sdf_library
CMPD_57D17C130452,15559404.sdf,/structures/15559404.sdf,sdf,pubchem_cid_filename,1.0,local_sdf_library
CMPD_514979F6D991,15596598.sdf,/structures/15596598.sdf,sdf,pubchem_cid_filename,1.0,local_sdf_library
CMPD_A729BF305872,156589.sdf,/structures/156589.sdf,sdf,pubchem_cid_filename,1.0,local_sdf_library
CMPD_002B15F423F6,15_16-epoxy-9-hydroxy-labda-13_16__14-diene.sdf,/structures/15_16-epoxy-9-hydroxy-labda-13_16__14-diene.sdf,sdf,fuzzy_normalized_name,0.969,local_sdf_library
CMPD_1041B1046071,15beta-hydroxykaur-16-en-19-oic_acid.sdf,/structures/15beta-hydroxykaur-16-en-19-oic_acid.sdf,sdf,fuzzy_normalized_name,0.897,local_sdf_library
CMPD_E4462D307A35,16-hydroxytaraxasterol_acetate.sdf,/structures/16-hydroxytaraxasterol_acetate.sdf,sdf,fuzzy_normalized_name,0.982,local_sdf_library
CMPD_F5ED866C88F5,160273.sdf,/structures/160273.sdf,sdf,pubchem_cid_filename,1.0,local_sdf_library
CMPD_87841339788A,160350.sdf,/structures/160350.sdf,sdf,pubchem_cid_filename,1.0,local_sdf_library
CMPD_3B4138C7E2F1,160497.sdf,/structures/160497.sdf,sdf,pubchem_cid_filename,1.0,local_sdf_library
CMPD_027D4F2DEFD1,160521.sdf,/structures/160521.sdf,sdf,pubchem_cid_filename,1.0,local_sdf_library
CMPD_4E6EACB2C1A6,16118969.sdf,/structures/16118969.sdf,sdf,pubchem_cid_filename,1.0,local_sdf_library
CMPD_FF2D38C84271,161557.sdf,/structures/161557.sdf,sdf,pubchem_cid_filename,1.0,local_sdf_library
CMPD_78134520101C,161860.sdf,/structures/161860.sdf,sdf,pubchem_cid_filename,1.0,local_sdf_library
CMPD_AA451876F42B,163013233.sdf,/structures/163013233.sdf,sdf,pubchem_cid_filename,1.0,local_sdf_library
CMPD_FFD6B119F005,163196230.sdf,/structures/163196230.sdf,sdf,pubchem_cid_filename,1.0,local_sdf_library
CMPD_895558BA4048,165675.sdf,/structures/165675.sdf,sdf,pubchem_cid_filename,1.0,local_sdf_library
CMPD_27457D099BBA,17-Oxoretamine.sdf,/structures/17-Oxoretamine.sdf,sdf,exact_normalized_name,1.0,local_sdf_library
CMPD_85EBE367796C,1711944.sdf,/structures/1711944.sdf,sdf,pubchem_cid_filename,1.0,local_sdf_library
CMPD_40C1F268D81F,175665133.sdf,/structures/175665133.sdf,sdf,pubchem_cid_filename,1.0,local_sdf_library
CMPD_1AC0CCB095F1,177131.sdf,/structures/177131.sdf,sdf,pubchem_cid_filename,1.0,local_sdf_library
CMPD_2667EA097437,177529483.sdf,/structures/177529483.sdf,sdf,pubchem_cid_filename,1.0,local_sdf_library
CMPD_59AAB946F512,17785347.sdf,/structures/17785347.sdf,sdf,pubchem_cid_filename,1.0,local_sdf_library
CMPD_5023E49B3228,1794427.sdf,/structures/1794427.sdf,sdf,pubchem_cid_filename,1.0,local_sdf_library
CMPD_0E412F1882EF,17950432.sdf,/structures/17950432.sdf,sdf,pubchem_cid_filename,1.0,local_sdf_library
CMPD_13EC12FD3129,182406.sdf,/structures/182406.sdf,sdf,pubchem_cid_filename,1.0,local_sdf_library
CMPD_6FEFDC261448,18504424.sdf,/structures/18504424.sdf,sdf,pubchem_cid_filename,1.0,local_sdf_library
CMPD_92C4E7C2B1A4,185847.sdf,/structures/185847.sdf,sdf,pubchem_cid_filename,1.0,local_sdf_library
CMPD_64E8CB6F8A70,18985.sdf,/structures/18985.sdf,sdf,pubchem_cid_filename,1.0,local_sdf_library
CMPD_0B4669679B24,19-Acetylmarrubenol.sdf,/structures/19-Acetylmarrubenol.sdf,sdf,exact_normalized_name,1.0,local_sdf_library
CMPD_906C7C906478,19-hydroxy-3-oxoursa-1_12-dien-28-oic_acid.sdf,/structures/19-hydroxy-3-oxoursa-1_12-dien-28-oic_acid.sdf,sdf,exact_normalized_name,1.0,local_sdf_library
CMPD_72548C8940CB,1_-O-methylbalanophonin.sdf,/structures/1_-O-methylbalanophonin.sdf,sdf,exact_normalized_name,1.0,local_sdf_library
CMPD_91251EC01385,1_1-difluoro-2_2_3_3-tetramethylcyclopropane.sdf,/structures/1_1-difluoro-2_2_3_3-tetramethylcyclopropane.sdf,sdf,fuzzy_normalized_name,0.914,local_sdf_library
CMPD_664B29F58FEC,1_10-di-epi-cubenol.sdf,/structures/1_10-di-epi-cubenol.sdf,sdf,exact_normalized_name,1.0,local_sdf_library
CMPD_20F94B828673,1_10-Epoxyparthenolide.sdf,/structures/1_10-Epoxyparthenolide.sdf,sdf,exact_normalized_name,1.0,local_sdf_library
CMPD_F381C6C85A55,1_2-benzenediol.sdf,/structures/1_2-benzenediol.sdf,sdf,exact_normalized_name,1.0,local_sdf_library
CMPD_A0ED639DC856,1_2-dihydrohelvolic_acid.sdf,/structures/1_2-dihydrohelvolic_acid.sdf,sdf,exact_normalized_name,1.0,local_sdf_library
CMPD_7F4B8564DC82,1_2-Dimethylbenzene.sdf,/structures/1_2-Dimethylbenzene.sdf,sdf,exact_normalized_name,1.0,local_sdf_library
CMPD_1B384D8530AA,1_2-epoxymenthyl_acetate.sdf,/structures/1_2-epoxymenthyl_acetate.sdf,sdf,exact_normalized_name,1.0,local_sdf_library
CMPD_C3034D8AFFB7,1_2_3-tri-O-galloyl-D-glucose.sdf,/structures/1_2_3-tri-O-galloyl-D-glucose.sdf,sdf,exact_normalized_name,1.0,local_sdf_library
CMPD_A01471DA697F,1_2_3-Trimethylbenzene.sdf,/structures/1_2_3-Trimethylbenzene.sdf,sdf,exact_normalized_name,1.0,local_sdf_library
CMPD_830866A26E3E,1_2_3-trimethylcyclohexane.sdf,/structures/1_2_3-trimethylcyclohexane.sdf,sdf,exact_normalized_name,1.0,local_sdf_library
CMPD_A06AFFE6CCAC,1_2_4-Oxadiazol-3-amine.sdf,/structures/1_2_4-Oxadiazol-3-amine.sdf,sdf,exact_normalized_name,1.0,local_sdf_library
CMPD_29569BF2DF4D,1_2_4-Trimethoxybenzene.sdf,/structures/1_2_4-Trimethoxybenzene.sdf,sdf,fuzzy_normalized_name,0.947,local_sdf_library
CMPD_55B1613568F6,1_2_4-Trithiolane.sdf,/structures/1_2_4-Trithiolane.sdf,sdf,exact_normalized_name,1.0,local_sdf_library
CMPD_EF80B06F0820,1_2_6-tri-O-galloyl-beta-D-glucose.sdf,/structures/1_2_6-tri-O-galloyl-beta-D-glucose.sdf,sdf,exact_normalized_name,1.0,local_sdf_library
CMPD_6D9BFB2E5B41,1_2_6-Trigalloyl-HHDP-glucoside.sdf,/structures/1_2_6-Trigalloyl-HHDP-glucoside.sdf,sdf,exact_normalized_name,1.0,local_sdf_library
CMPD_6CFD6F33AC11,1_2_6-Trigalloylglucose.sdf,/structures/1_2_6-Trigalloylglucose.sdf,sdf,exact_normalized_name,1.0,local_sdf_library
CMPD_2DA6AB253FA5,1_3-Dicaffeoylquinic_acid.sdf,/structures/1_3-Dicaffeoylquinic_acid.sdf,sdf,fuzzy_normalized_name,0.978,local_sdf_library
CMPD_C09773F673DD,1_3-Dicyclopentylcyclopentane.sdf,/structures/1_3-Dicyclopentylcyclopentane.sdf,sdf,exact_normalized_name,1.0,local_sdf_library
CMPD_2DA6AB253FA5,1_3-O-di-caffeoylquinic_acid.sdf,/structures/1_3-O-di-caffeoylquinic_acid.sdf,sdf,exact_normalized_name,1.0,local_sdf_library
CMPD_331D966BA0EB,1_3_4-Oxadiazol-2_3H_-one.sdf,/structures/1_3_4-Oxadiazol-2_3H_-one.sdf,sdf,fuzzy_normalized_name,0.941,local_sdf_library
CMPD_3582C8D53F8D,1_3_5-trimethoxybenzene.sdf,/structures/1_3_5-trimethoxybenzene.sdf,sdf,exact_normalized_name,1.0,local_sdf_library
CMPD_104C8EADBB3B,1_3_5_6-Tetrahydroxyxanthone.sdf,/structures/1_3_5_6-Tetrahydroxyxanthone.sdf,sdf,exact_normalized_name,1.0,local_sdf_library
CMPD_724F08EA7D06,1_3_6-octatriene.sdf,/structures/1_3_6-octatriene.sdf,sdf,exact_normalized_name,1.0,local_sdf_library
CMPD_32778E4E57BA,1_3_7-Octatriene.sdf,/structures/1_3_7-Octatriene.sdf,sdf,exact_normalized_name,1.0,local_sdf_library
CMPD_BC9BE53963EB,1_3_8-p-menthatriene.sdf,/structures/1_3_8-p-menthatriene.sdf,sdf,exact_normalized_name,1.0,local_sdf_library
CMPD_298F93B1B0EF,1_4-benzenediol.sdf,/structures/1_4-benzenediol.sdf,sdf,exact_normalized_name,1.0,local_sdf_library
CMPD_8A12D7D434FC,1_4-Cyclohex-2-enedione.sdf,/structures/1_4-Cyclohex-2-enedione.sdf,sdf,exact_normalized_name,1.0,local_sdf_library
CMPD_CE1A03287313,1_4-D-xylobiose.sdf,/structures/1_4-D-xylobiose.sdf,sdf,exact_normalized_name,1.0,local_sdf_library
CMPD_32AAEE0DFE1D,1_4-Di-tert-butylbenzene.sdf,/structures/1_4-Di-tert-butylbenzene.sdf,sdf,exact_normalized_name,1.0,local_sdf_library
CMPD_32AAEE0DFE1D,1_4-ditert-butylbenzene.sdf,/structures/1_4-ditert-butylbenzene.sdf,sdf,exact_normalized_name,1.0,local_sdf_library
CMPD_FC85ED41AFEC,1_4_Cyclohexadiene.sdf,/structures/1_4_Cyclohexadiene.sdf,sdf,exact_normalized_name,1.0,local_sdf_library
CMPD_EED259B93293,1_5-di-O-caffeoylquinic_acid.sdf,/structures/1_5-di-O-caffeoylquinic_acid.sdf,sdf,fuzzy_normalized_name,0.957,local_sdf_library
CMPD_615C065F755C,1_5-diphenyl-3-styryl-2-pyrazoline.sdf,/structures/1_5-diphenyl-3-styryl-2-pyrazoline.sdf,sdf,exact_normalized_name,1.0,local_sdf_library
CMPD_9AE5D9763B8E,1_5-Epoxyxanthatin.sdf,/structures/1_5-Epoxyxanthatin.sdf,sdf,exact_normalized_name,1.0,local_sdf_library
CMPD_BFCA20F6153F,1_5-Hexadiene-3_4-diol.sdf,/structures/1_5-Hexadiene-3_4-diol.sdf,sdf,exact_normalized_name,1.0,local_sdf_library
CMPD_041492C31E5B,1_5-Isoquinolinediol.sdf,/structures/1_5-Isoquinolinediol.sdf,sdf,exact_normalized_name,1.0,local_sdf_library
CMPD_244B7E232E3B,1_5_7-Trihydroxyanthraquinone.sdf,/structures/1_5_7-Trihydroxyanthraquinone.sdf,sdf,exact_normalized_name,1.0,local_sdf_library
CMPD_2916DD23977F,1_8-cineol.sdf,/structures/1_8-cineol.sdf,sdf,fuzzy_normalized_name,0.941,local_sdf_library
CMPD_2916DD23977F,1_8-cineole.sdf,/structures/1_8-cineole.sdf,sdf,exact_normalized_name,1.0,local_sdf_library
CMPD_A01A5DA4AA41,1_9-decadiyne.sdf,/structures/1_9-decadiyne.sdf,sdf,exact_normalized_name,1.0,local_sdf_library
CMPD_869EEE8C1347,1H-Purine-2_6-dione.sdf,/structures/1H-Purine-2_6-dione.sdf,sdf,exact_normalized_name,1.0,local_sdf_library
CMPD_9800646433BB,2-acetyl-5-hydroxymethylfuran.sdf,/structures/2-acetyl-5-hydroxymethylfuran.sdf,sdf,exact_normalized_name,1.0,local_sdf_library
CMPD_21241ED676C8,2-alpha-3-beta-dihydroxyurs-12-en-28-oic_acid.sdf,/structures/2-alpha-3-beta-dihydroxyurs-12-en-28-oic_acid.sdf,sdf,exact_normalized_name,1.0,local_sdf_library
CMPD_E935D152333B,2-Benzoxazolinone.sdf,/structures/2-Benzoxazolinone.sdf,sdf,exact_normalized_name,1.0,local_sdf_library
CMPD_A8D9DDA80EB2,2-bornanone.sdf,/structures/2-bornanone.sdf,sdf,exact_normalized_name,1.0,local_sdf_library
CMPD_2A7E64D2D857,2-butene.sdf,/structures/2-butene.sdf,sdf,exact_normalized_name,1.0,local_sdf_library
CMPD_CDEB05A94661,2-butoxyethanol.sdf,/structures/2-butoxyethanol.sdf,sdf,exact_normalized_name,1.0,local_sdf_library
CMPD_32629FE1EBF5,2-Butyl-beta-D-glucopyranoside.sdf,/structures/2-Butyl-beta-D-glucopyranoside.sdf,sdf,exact_normalized_name,1.0,local_sdf_library
CMPD_01F0A2761184,2-cyclohexen-1-one.sdf,/structures/2-cyclohexen-1-one.sdf,sdf,exact_normalized_name,1.0,local_sdf_library
CMPD_01F0A2761184,2-cyclohexene-1-one.sdf,/structures/2-cyclohexene-1-one.sdf,sdf,fuzzy_normalized_name,0.968,local_sdf_library
CMPD_F3B16C27D49C,2-Deacetoxyxanthinin.sdf,/structures/2-Deacetoxyxanthinin.sdf,sdf,exact_normalized_name,1.0,local_sdf_library
CMPD_086A2195991C,2-decanone.sdf,/structures/2-decanone.sdf,sdf,fuzzy_normalized_name,0.9,local_sdf_library
CMPD_14C349D4A32A,2-decen-1-ol.sdf,/structures/2-decen-1-ol.sdf,sdf,exact_normalized_name,1.0,local_sdf_library
CMPD_CBB896A9EE3D,2-ethylhexanoic_acid.sdf,/structures/2-ethylhexanoic_acid.sdf,sdf,exact_normalized_name,1.0,local_sdf_library
CMPD_73E30D8F22EC,2-furaldehyde.sdf,/structures/2-furaldehyde.sdf,sdf,exact_normalized_name,1.0,local_sdf_library
CMPD_73E30D8F22EC,2-Furancarboxaldehyde.sdf,/structures/2-Furancarboxaldehyde.sdf,sdf,fuzzy_normalized_name,0.895,local_sdf_library
CMPD_4E20990BBA59,2-furoic_acid.sdf,/structures/2-furoic_acid.sdf,sdf,exact_normalized_name,1.0,local_sdf_library
CMPD_C7BC17A26981,2-hexanol.sdf,/structures/2-hexanol.sdf,sdf,exact_normalized_name,1.0,local_sdf_library
CMPD_6D7BB0317FC7,2-hexenal.sdf,/structures/2-hexenal.sdf,sdf,exact_normalized_name,1.0,local_sdf_library
CMPD_C98AF617EA24,2-hexenol.sdf,/structures/2-hexenol.sdf,sdf,exact_normalized_name,1.0,local_sdf_library
CMPD_0E554472FB5B,2-hydroxy-1_8-cineole_beta-D-glucoside.sdf,/structures/2-hydroxy-1_8-cineole_beta-D-glucoside.sdf,sdf,exact_normalized_name,1.0,local_sdf_library
CMPD_2D16F6449071,2-hydroxy-2-phenylbutanamide.sdf,/structures/2-hydroxy-2-phenylbutanamide.sdf,sdf,exact_normalized_name,1.0,local_sdf_library
CMPD_022D89F85584,2-hydroxy-3-butenyl_isothiocyanate.sdf,/structures/2-hydroxy-3-butenyl_isothiocyanate.sdf,sdf,exact_normalized_name,1.0,local_sdf_library
CMPD_32B2E4C3FE19,2-hydroxy-4-methoxybenzaldehyde.sdf,/structures/2-hydroxy-4-methoxybenzaldehyde.sdf,sdf,exact_normalized_name,1.0,local_sdf_library
CMPD_D4E04B7FC88D,2-hydroxy-8-_4-hydroxyphenyl_-1H-phenalen-1-one.sdf,/structures/2-hydroxy-8-_4-hydroxyphenyl_-1H-phenalen-1-one.sdf,sdf,exact_normalized_name,1.0,local_sdf_library
CMPD_01EC40215EDD,2-hydroxybenzoic_acid.sdf,/structures/2-hydroxybenzoic_acid.sdf,sdf,exact_normalized_name,1.0,local_sdf_library
CMPD_00A8A5C3F7BA,2-hydroxybutanedioic_acid.sdf,/structures/2-hydroxybutanedioic_acid.sdf,sdf,exact_normalized_name,1.0,local_sdf_library
CMPD_4CE03B8ECA0A,2-hydroxydiplopterol.sdf,/structures/2-hydroxydiplopterol.sdf,sdf,exact_normalized_name,1.0,local_sdf_library
CMPD_EB23A4135F60,2-hydroxynaringenin.sdf,/structures/2-hydroxynaringenin.sdf,sdf,exact_normalized_name,1.0,local_sdf_library
CMPD_B764CF411361,2-isopropyl-6-methoxyphenol.sdf,/structures/2-isopropyl-6-methoxyphenol.sdf,sdf,exact_normalized_name,1.0,local_sdf_library
CMPD_6DF55F9CD0CC,2-methoxy-4-methylacetophenone.sdf,/structures/2-methoxy-4-methylacetophenone.sdf,sdf,exact_normalized_name,1.0,local_sdf_library
CMPD_518867930479,2-methoxy-4-vinylphenol.sdf,/structures/2-methoxy-4-vinylphenol.sdf,sdf,exact_normalized_name,1.0,local_sdf_library
CMPD_1ACD9EC33FCC,2-methyl-2-pentanol.sdf,/structures/2-methyl-2-pentanol.sdf,sdf,exact_normalized_name,1.0,local_sdf_library
CMPD_CCA23E381C2E,2-methyl-hexadecanal.sdf,/structures/2-methyl-hexadecanal.sdf,sdf,exact_normalized_name,1.0,local_sdf_library
CMPD_452DE8F77036,2-methyl-Z_Z-3_13-octadecadienol.sdf,/structures/2-methyl-Z_Z-3_13-octadecadienol.sdf,sdf,exact_normalized_name,1.0,local_sdf_library
CMPD_2258918B04F4,2-Methylbutanal.sdf,/structures/2-Methylbutanal.sdf,sdf,fuzzy_normalized_name,0.963,local_sdf_library
CMPD_B8C8876DA293,2-methylbutyl_isothiocyanate.sdf,/structures/2-methylbutyl_isothiocyanate.sdf,sdf,exact_normalized_name,1.0,local_sdf_library
CMPD_2BFEDA677457,2-methyldotriacontane.sdf,/structures/2-methyldotriacontane.sdf,sdf,exact_normalized_name,1.0,local_sdf_library
CMPD_CAEB303B61BB,2-nonanone.sdf,/structures/2-nonanone.sdf,sdf,exact_normalized_name,1.0,local_sdf_library
CMPD_D58131FB4A92,2-nonen-1-ol.sdf,/structures/2-nonen-1-ol.sdf,sdf,exact_normalized_name,1.0,local_sdf_library
CMPD_D1D89E31CF95,2-O-alpha-L-rhamnosylorientin.sdf,/structures/2-O-alpha-L-rhamnosylorientin.sdf,sdf,exact_normalized_name,1.0,local_sdf_library
CMPD_833B00CE19D6,2-O-caffeoyltartronic_acid.sdf,/structures/2-O-caffeoyltartronic_acid.sdf,sdf,exact_normalized_name,1.0,local_sdf_library
CMPD_690D36327ADC,2-O-galloylhyperin.sdf,/structures/2-O-galloylhyperin.sdf,sdf,exact_normalized_name,1.0,local_sdf_library
CMPD_FEEE38A1F76C,2-oxosparteine.sdf,/structures/2-oxosparteine.sdf,sdf,exact_normalized_name,1.0,local_sdf_library
CMPD_6A2A398E4F21,2-pentadecanone.sdf,/structures/2-pentadecanone.sdf,sdf,exact_normalized_name,1.0,local_sdf_library
CMPD_D56413E0180C,2-pentyne-1_4-diol.sdf,/structures/2-pentyne-1_4-diol.sdf,sdf,fuzzy_normalized_name,0.889,local_sdf_library
CMPD_7B2036751CF6,2-phenanthrenol.sdf,/structures/2-phenanthrenol.sdf,sdf,exact_normalized_name,1.0,local_sdf_library
CMPD_6B1BE617FEFE,2-phenylethanol.sdf,/structures/2-phenylethanol.sdf,sdf,exact_normalized_name,1.0,local_sdf_library
CMPD_19C93447AC8E,2-phenylethyl_anthranilate.sdf,/structures/2-phenylethyl_anthranilate.sdf,sdf,exact_normalized_name,1.0,local_sdf_library
CMPD_0C505F62F256,2-tert-butylphenol.sdf,/structures/2-tert-butylphenol.sdf,sdf,exact_normalized_name,1.0,local_sdf_library
CMPD_086A2195991C,2-undecanone.sdf,/structures/2-undecanone.sdf,sdf,exact_normalized_name,1.0,local_sdf_library
CMPD_687FA9FC723B,20-hydroxyecdysone.sdf,/structures/20-hydroxyecdysone.sdf,sdf,exact_normalized_name,1.0,local_sdf_library
CMPD_32C0C9A96389,20843359.sdf,/structures/20843359.sdf,sdf,pubchem_cid_filename,1.0,local_sdf_library
CMPD_8D340B4265E3,20960.sdf,/structures/20960.sdf,sdf,pubchem_cid_filename,1.0,local_sdf_library
CMPD_8924B25F94FE,20_24-Dihydroxymethylecdysone.sdf,/structures/20_24-Dihydroxymethylecdysone.sdf,sdf,fuzzy_normalized_name,0.92,local_sdf_library
CMPD_21318FEEA016,21123946.sdf,/structures/21123946.sdf,sdf,pubchem_cid_filename,1.0,local_sdf_library
CMPD_B48365C1D6A7,21596343.sdf,/structures/21596343.sdf,sdf,pubchem_cid_filename,1.0,local_sdf_library
CMPD_BCBB2B8AF92C,21606527.sdf,/structures/21606527.sdf,sdf,pubchem_cid_filename,1.0,local_sdf_library
CMPD_C60DB14AD24C,21626352.sdf,/structures/21626352.sdf,sdf,pubchem_cid_filename,1.0,local_sdf_library
CMPD_0543565E765E,21721966.sdf,/structures/21721966.sdf,sdf,pubchem_cid_filename,1.0,local_sdf_library
CMPD_ABA8AF644B72,21771753.sdf,/structures/21771753.sdf,sdf,pubchem_cid_filename,1.0,local_sdf_library
CMPD_5C49A6EAB5DA,222284.sdf,/structures/222284.sdf,sdf,pubchem_cid_filename,1.0,local_sdf_library
CMPD_C04779DD8071,22311.sdf,/structures/22311.sdf,sdf,pubchem_cid_filename,1.0,local_sdf_library
CMPD_FCFF7EBDFFA2,226462.sdf,/structures/226462.sdf,sdf,pubchem_cid_filename,1.0,local_sdf_library
CMPD_C8EE0571E033,229016.sdf,/structures/229016.sdf,sdf,pubchem_cid_filename,1.0,local_sdf_library
CMPD_A6E30B2E057E,2346.sdf,/structures/2346.sdf,sdf,pubchem_cid_filename,1.0,local_sdf_library
CMPD_AF5907A35B6C,23928137.sdf,/structures/23928137.sdf,sdf,pubchem_cid_filename,1.0,local_sdf_library
CMPD_A4302F0BE4DD,24-dihydrolanosterol.sdf,/structures/24-dihydrolanosterol.sdf,sdf,exact_normalized_name,1.0,local_sdf_library
CMPD_F352CB5E1909,24-ethylcholesterol.sdf,/structures/24-ethylcholesterol.sdf,sdf,exact_normalized_name,1.0,local_sdf_library
CMPD_8924B25F94FE,24-Hydroxymethylecdysone.sdf,/structures/24-Hydroxymethylecdysone.sdf,sdf,exact_normalized_name,1.0,local_sdf_library
CMPD_F3B541C349DC,24-methylcholesterol.sdf,/structures/24-methylcholesterol.sdf,sdf,exact_normalized_name,1.0,local_sdf_library
CMPD_02D2A423E8B9,24-Methylene-cycloartanol.sdf,/structures/24-Methylene-cycloartanol.sdf,sdf,exact_normalized_name,1.0,local_sdf_library
CMPD_5DAB89BC3F53,24-methylenecycloartane-3_28-diol.sdf,/structures/24-methylenecycloartane-3_28-diol.sdf,sdf,exact_normalized_name,1.0,local_sdf_library
CMPD_D2BCCD95F531,24-Norurs-12-ene.sdf,/structures/24-Norurs-12-ene.sdf,sdf,exact_normalized_name,1.0,local_sdf_library
CMPD_DAFF871C57F8,24721373.sdf,/structures/24721373.sdf,sdf,pubchem_cid_filename,1.0,local_sdf_library
CMPD_3FF93348C815,24739090.sdf,/structures/24739090.sdf,sdf,pubchem_cid_filename,1.0,local_sdf_library
CMPD_EB3AD4532963,24797519.sdf,/structures/24797519.sdf,sdf,pubchem_cid_filename,1.0,local_sdf_library
CMPD_376C27ED2E7A,25-Hydroperoxycycloart-23-en-3beta-ol.sdf,/structures/25-Hydroperoxycycloart-23-en-3beta-ol.sdf,sdf,exact_normalized_name,1.0,local_sdf_library
CMPD_59A674735713,25080064.sdf,/structures/25080064.sdf,sdf,pubchem_cid_filename,1.0,local_sdf_library
CMPD_A8DF7B42BC91,25087106.sdf,/structures/25087106.sdf,sdf,pubchem_cid_filename,1.0,local_sdf_library
CMPD_537FBECF7A4A,2537.sdf,/structures/2537.sdf,sdf,pubchem_cid_filename,1.0,local_sdf_library
CMPD_FD4EA2D5276C,2733294.sdf,/structures/2733294.sdf,sdf,pubchem_cid_filename,1.0,local_sdf_library
CMPD_FC3BC46BCE67,2733956.sdf,/structures/2733956.sdf,sdf,pubchem_cid_filename,1.0,local_sdf_library
CMPD_5A7619040504,2_1H_-quinolinone.sdf,/structures/2_1H_-quinolinone.sdf,sdf,exact_normalized_name,1.0,local_sdf_library
CMPD_26A02A34C471,2_2-dimethylbutanoic_acid.sdf,/structures/2_2-dimethylbutanoic_acid.sdf,sdf,exact_normalized_name,1.0,local_sdf_library
CMPD_FEDFF93FE2A4,2_2_6-trimethyl-9-oxabicyclonon-1-en-7-one.sdf,/structures/2_2_6-trimethyl-9-oxabicyclonon-1-en-7-one.sdf,sdf,fuzzy_normalized_name,0.925,local_sdf_library
CMPD_29CFDB9B3549,2_2_6-trimethylcyclohexan-1-ol.sdf,/structures/2_2_6-trimethylcyclohexan-1-ol.sdf,sdf,fuzzy_normalized_name,0.894,local_sdf_library
CMPD_1106A1DDA2D6,2_3-butanediol.sdf,/structures/2_3-butanediol.sdf,sdf,exact_normalized_name,1.0,local_sdf_library
CMPD_154A92FC948A,2_3-Dihydro-3_5-dihydroxy-6-methyl-4H-pyran-4-one.sdf,/structures/2_3-Dihydro-3_5-dihydroxy-6-methyl-4H-pyran-4-one.sdf,sdf,exact_normalized_name,1.0,local_sdf_library
CMPD_79AC40B91F01,2_3_4-Trimethylthiophene.sdf,/structures/2_3_4-Trimethylthiophene.sdf,sdf,exact_normalized_name,1.0,local_sdf_library
CMPD_DF79C6E95704,2_3_4_8-Tetramethoxy-7-phenanthrenol.sdf,/structures/2_3_4_8-Tetramethoxy-7-phenanthrenol.sdf,sdf,exact_normalized_name,1.0,local_sdf_library
CMPD_AD71D42928C6,2_3_6-Trimethylbenzaldehyde.sdf,/structures/2_3_6-Trimethylbenzaldehyde.sdf,sdf,exact_normalized_name,1.0,local_sdf_library
CMPD_3B5D1E273AB6,2_3_6_7-Tetramethyldecane.sdf,/structures/2_3_6_7-Tetramethyldecane.sdf,sdf,fuzzy_normalized_name,0.895,local_sdf_library
CMPD_18D0BE5B2EF7,2_4-dihydroxy-1_4-benzoxazin-3-one.sdf,/structures/2_4-dihydroxy-1_4-benzoxazin-3-one.sdf,sdf,exact_normalized_name,1.0,local_sdf_library
CMPD_C0C496976061,2_4-Dimethyl-4-penten-2-ol.sdf,/structures/2_4-Dimethyl-4-penten-2-ol.sdf,sdf,exact_normalized_name,1.0,local_sdf_library
CMPD_B98EE96BBB49,2_4_5-trimethylbenzaldehyde.sdf,/structures/2_4_5-trimethylbenzaldehyde.sdf,sdf,exact_normalized_name,1.0,local_sdf_library
CMPD_650A68F624AA,2_4_6-Trimethylbenzaldehyde.sdf,/structures/2_4_6-Trimethylbenzaldehyde.sdf,sdf,exact_normalized_name,1.0,local_sdf_library
CMPD_BEF75DE4D44F,2_4_6-trimethylbenzonitrile_N-oxide.sdf,/structures/2_4_6-trimethylbenzonitrile_N-oxide.sdf,sdf,exact_normalized_name,1.0,local_sdf_library
CMPD_503BDF4AC61D,2_4_8-trimethoxyphenanthrene-3_7-diol.sdf,/structures/2_4_8-trimethoxyphenanthrene-3_7-diol.sdf,sdf,fuzzy_normalized_name,0.935,local_sdf_library
CMPD_41244EC337A9,2_4H_-benzofuranone.sdf,/structures/2_4H_-benzofuranone.sdf,sdf,exact_normalized_name,1.0,local_sdf_library
CMPD_5C67ECB55EFA,2_5-dimethoxy-p-cymene.sdf,/structures/2_5-dimethoxy-p-cymene.sdf,sdf,exact_normalized_name,1.0,local_sdf_library
CMPD_6172FD01A205,2_5-dimethoxyacetophenone.sdf,/structures/2_5-dimethoxyacetophenone.sdf,sdf,exact_normalized_name,1.0,local_sdf_library
CMPD_E58D2F46740A,2_5_6-trimethyloctane.sdf,/structures/2_5_6-trimethyloctane.sdf,sdf,exact_normalized_name,1.0,local_sdf_library
CMPD_DB4133305E48,2_6-bis-1-1-dimethylethyl-4-methyl-phenol.sdf,/structures/2_6-bis-1-1-dimethylethyl-4-methyl-phenol.sdf,sdf,exact_normalized_name,1.0,local_sdf_library
CMPD_5FF0B4D18154,2_6-di-n-propyl-4-_2-furyl_pyridine.sdf,/structures/2_6-di-n-propyl-4-_2-furyl_pyridine.sdf,sdf,exact_normalized_name,1.0,local_sdf_library
CMPD_6C9D72ABAB3E,2_6-di-tert-butyl-1_4-benzoquinone.sdf,/structures/2_6-di-tert-butyl-1_4-benzoquinone.sdf,sdf,exact_normalized_name,1.0,local_sdf_library
CMPD_3A5751FEF4BB,2_6-di-tert-butyl-phenol.sdf,/structures/2_6-di-tert-butyl-phenol.sdf,sdf,exact_normalized_name,1.0,local_sdf_library
CMPD_3A5751FEF4BB,2_6-Di-tert-butylphenol.sdf,/structures/2_6-Di-tert-butylphenol.sdf,sdf,exact_normalized_name,1.0,local_sdf_library
CMPD_3E5A269955A2,2_6-dimethoxy-p-benzoquinone.sdf,/structures/2_6-dimethoxy-p-benzoquinone.sdf,sdf,exact_normalized_name,1.0,local_sdf_library
CMPD_6F019948712E,2_6-Dimethoxyphenol.sdf,/structures/2_6-Dimethoxyphenol.sdf,sdf,exact_normalized_name,1.0,local_sdf_library
CMPD_809A8F480131,2_6-dimethyl_phenol.sdf,/structures/2_6-dimethyl_phenol.sdf,sdf,exact_normalized_name,1.0,local_sdf_library
CMPD_5BE5DCC1FFB5,2_6-Dimethylocta-1_7-diene-3_6-diol.sdf,/structures/2_6-Dimethylocta-1_7-diene-3_6-diol.sdf,sdf,fuzzy_normalized_name,0.909,local_sdf_library
CMPD_458D53F89DE5,2_6-dimethyloctane.sdf,/structures/2_6-dimethyloctane.sdf,sdf,exact_normalized_name,1.0,local_sdf_library
CMPD_8E347E67FF30,2_6_10_14-Tetramethylpentadecane.sdf,/structures/2_6_10_14-Tetramethylpentadecane.sdf,sdf,fuzzy_normalized_name,0.88,local_sdf_library
CMPD_1D074353D6C8,2__4-dihydroxyretrohelioxanthin.sdf,/structures/2__4-dihydroxyretrohelioxanthin.sdf,sdf,exact_normalized_name,1.0,local_sdf_library
CMPD_6172FD01A205,2__5_-Dimethoxyacetophenone.sdf,/structures/2__5_-Dimethoxyacetophenone.sdf,sdf,exact_normalized_name,1.0,local_sdf_library
CMPD_05DFDC1F4ADF,2alpha-hydroxy-3-oxodammara-20_24-diene.sdf,/structures/2alpha-hydroxy-3-oxodammara-20_24-diene.sdf,sdf,fuzzy_normalized_name,0.918,local_sdf_library
CMPD_5D9DC5445DB5,2alpha_3beta-dihydroxydammara-20_24-diene.sdf,/structures/2alpha_3beta-dihydroxydammara-20_24-diene.sdf,sdf,exact_normalized_name,1.0,local_sdf_library
CMPD_E324A2591BDC,2E_6Z-farnesol.sdf,/structures/2E_6Z-farnesol.sdf,sdf,exact_normalized_name,1.0,local_sdf_library
CMPD_6A778E36A50E,2H-Furo_2_3-b_indole.sdf,/structures/2H-Furo_2_3-b_indole.sdf,sdf,exact_normalized_name,1.0,local_sdf_library
CMPD_2CC5F0B26095,2R_3R-taxifolin.sdf,/structures/2R_3R-taxifolin.sdf,sdf,exact_normalized_name,1.0,local_sdf_library
CMPD_00A8A5C3F7BA,2S-2-hydroxybutanedioic_acid.sdf,/structures/2S-2-hydroxybutanedioic_acid.sdf,sdf,exact_normalized_name,1.0,local_sdf_library
CMPD_441BC666D02B,2β-hydroxyoleanolic_acid.sdf,/structures/2β-hydroxyoleanolic_acid.sdf,sdf,exact_normalized_name,1.0,local_sdf_library
CMPD_F5E9A6706798,3-5-dicaffeoylquinic_acid.sdf,/structures/3-5-dicaffeoylquinic_acid.sdf,sdf,exact_normalized_name,1.0,local_sdf_library
CMPD_20A96FB8ADA9,3-5-O-dicaffeoylquinic_acid.sdf,/structures/3-5-O-dicaffeoylquinic_acid.sdf,sdf,exact_normalized_name,1.0,local_sdf_library
CMPD_AEC54C7AFB1E,3-_2_6-dihydroxyphenyl_-4-hydroxy-6-methyl-3H-2-benzofuran-1-one.sdf,/structures/3-_2_6-dihydroxyphenyl_-4-hydroxy-6-methyl-3H-2-benzofuran-1-one.sdf,sdf,exact_normalized_name,1.0,local_sdf_library
CMPD_562BE2679EB5,3-_3-bromophenyl_-7-chloro-3_4-dihydro-10-hydroxy-1_9_2H_10H_-acridinedione.sdf,/structures/3-_3-bromophenyl_-7-chloro-3_4-dihydro-10-hydroxy-1_9_2H_10H_-acridinedione.sdf,sdf,exact_normalized_name,1.0,local_sdf_library
CMPD_62D0500A04FB,3-_4-hydroxybenzoyl_-cynaratriol.sdf,/structures/3-_4-hydroxybenzoyl_-cynaratriol.sdf,sdf,exact_normalized_name,1.0,local_sdf_library
CMPD_BA71B1756226,3-_hydroxymethyl_-1-phenyl-1-heptadecyn-3-ol.sdf,/structures/3-_hydroxymethyl_-1-phenyl-1-heptadecyn-3-ol.sdf,sdf,exact_normalized_name,1.0,local_sdf_library
CMPD_0D228397D656,3-Acetylcynaropicrin.sdf,/structures/3-Acetylcynaropicrin.sdf,sdf,exact_normalized_name,1.0,local_sdf_library
CMPD_214C566FD8A5,3-acetylechinatine.sdf,/structures/3-acetylechinatine.sdf,sdf,exact_normalized_name,1.0,local_sdf_library
CMPD_3A0EC18FD490,3-acetylheliosupine.sdf,/structures/3-acetylheliosupine.sdf,sdf,exact_normalized_name,1.0,local_sdf_library
CMPD_2AAE36C630D8,3-beta-acetoxyatractylon.sdf,/structures/3-beta-acetoxyatractylon.sdf,sdf,exact_normalized_name,1.0,local_sdf_library
CMPD_8968F67F74AA,3-Butenyl_isothiocyanate.sdf,/structures/3-Butenyl_isothiocyanate.sdf,sdf,exact_normalized_name,1.0,local_sdf_library
CMPD_7C3818679D2E,3-Butylphthalide.sdf,/structures/3-Butylphthalide.sdf,sdf,fuzzy_normalized_name,0.968,local_sdf_library
CMPD_D6C8A1A06990,3-caffeoylquinic_acid.sdf,/structures/3-caffeoylquinic_acid.sdf,sdf,exact_normalized_name,1.0,local_sdf_library
CMPD_A301310B8099,3-carene.sdf,/structures/3-carene.sdf,sdf,exact_normalized_name,1.0,local_sdf_library
CMPD_C972A150C8D6,3-CQA.sdf,/structures/3-CQA.sdf,sdf,fuzzy_normalized_name,0.889,local_sdf_library
CMPD_F38062069AC7,3-epi-Micromeric_acid.sdf,/structures/3-epi-Micromeric_acid.sdf,sdf,exact_normalized_name,1.0,local_sdf_library
CMPD_08F6B75D456A,3-epioleanolic_acid.sdf,/structures/3-epioleanolic_acid.sdf,sdf,exact_normalized_name,1.0,local_sdf_library
CMPD_445808F7A715,3-epiursolic_acid.sdf,/structures/3-epiursolic_acid.sdf,sdf,exact_normalized_name,1.0,local_sdf_library
CMPD_7FFD757925F3,3-formyl-1-hydroxycarbazole.sdf,/structures/3-formyl-1-hydroxycarbazole.sdf,sdf,exact_normalized_name,1.0,local_sdf_library
CMPD_27DA98BCD899,3-formylindole.sdf,/structures/3-formylindole.sdf,sdf,exact_normalized_name,1.0,local_sdf_library
CMPD_99DA45A5716A,3-galloyl_quinic_acid.sdf,/structures/3-galloyl_quinic_acid.sdf,sdf,exact_normalized_name,1.0,local_sdf_library
CMPD_27EF74FBFEB1,3-hexen-1-ol.sdf,/structures/3-hexen-1-ol.sdf,sdf,exact_normalized_name,1.0,local_sdf_library
CMPD_E86A95EAE1F4,3-hexenol.sdf,/structures/3-hexenol.sdf,sdf,exact_normalized_name,1.0,local_sdf_library
CMPD_9F74AEEB085A,3-hydroxy-1-4-hydroxy-3-methoxyphenyl-1-propanone.sdf,/structures/3-hydroxy-1-4-hydroxy-3-methoxyphenyl-1-propanone.sdf,sdf,exact_normalized_name,1.0,local_sdf_library
CMPD_EF4DA344AF89,3-Hydroxy-1-_4-hydroxyphenyl_propan-1-one.sdf,/structures/3-Hydroxy-1-_4-hydroxyphenyl_propan-1-one.sdf,sdf,exact_normalized_name,1.0,local_sdf_library
CMPD_4D24667812C4,3-hydroxy-3-methylglutaric_acid.sdf,/structures/3-hydroxy-3-methylglutaric_acid.sdf,sdf,exact_normalized_name,1.0,local_sdf_library
CMPD_A6C121DF57E1,3-hydroxy_benzoic_acid.sdf,/structures/3-hydroxy_benzoic_acid.sdf,sdf,exact_normalized_name,1.0,local_sdf_library
CMPD_A6C121DF57E1,3-hydroxybenzoic_acid.sdf,/structures/3-hydroxybenzoic_acid.sdf,sdf,exact_normalized_name,1.0,local_sdf_library
CMPD_453C6F6E0CB8,3-Hydroxycostic_acid.sdf,/structures/3-Hydroxycostic_acid.sdf,sdf,fuzzy_normalized_name,0.971,local_sdf_library
CMPD_171B047068F5,3-hydroxyperillaldehyde.sdf,/structures/3-hydroxyperillaldehyde.sdf,sdf,fuzzy_normalized_name,0.955,local_sdf_library
CMPD_648F21D2790F,3-indoleacetic_acid.sdf,/structures/3-indoleacetic_acid.sdf,sdf,exact_normalized_name,1.0,local_sdf_library
CMPD_C4095B605FE8,3-methoxyflavone.sdf,/structures/3-methoxyflavone.sdf,sdf,exact_normalized_name,1.0,local_sdf_library
CMPD_C9E50033C32D,3-methyl-2-butenoic_acid.sdf,/structures/3-methyl-2-butenoic_acid.sdf,sdf,exact_normalized_name,1.0,local_sdf_library
CMPD_EB0735CC7106,3-methylcarbazole.sdf,/structures/3-methylcarbazole.sdf,sdf,exact_normalized_name,1.0,local_sdf_library
CMPD_7C3818679D2E,3-n-butylphthalide.sdf,/structures/3-n-butylphthalide.sdf,sdf,exact_normalized_name,1.0,local_sdf_library
CMPD_14C5CA668CFE,3-O-Acetyl-beta-boswellic_acid.sdf,/structures/3-O-Acetyl-beta-boswellic_acid.sdf,sdf,fuzzy_normalized_name,0.958,local_sdf_library
CMPD_57722262021D,3-O-beta-D-glucopyranosyl-3_21_28-trihydroxyolean-12-en-27-oic_acid.sdf,/structures/3-O-beta-D-glucopyranosyl-3_21_28-trihydroxyolean-12-en-27-oic_acid.sdf,sdf,fuzzy_normalized_name,0.962,local_sdf_library
CMPD_9D669E886BF4,3-O-beta-D-glucopyranosyl-olean-12-ene-3_27_28_29-tetrol.sdf,/structures/3-O-beta-D-glucopyranosyl-olean-12-ene-3_27_28_29-tetrol.sdf,sdf,fuzzy_normalized_name,0.935,local_sdf_library
CMPD_18B1865C2A38,3-O-beta-D-glucopyranosyl_quercetin.sdf,/structures/3-O-beta-D-glucopyranosyl_quercetin.sdf,sdf,exact_normalized_name,1.0,local_sdf_library
CMPD_3DFB9EF01E18,3-O-caffeoylquinic_acid.sdf,/structures/3-O-caffeoylquinic_acid.sdf,sdf,exact_normalized_name,1.0,local_sdf_library
CMPD_015B9202D9E6,3-O-coumaroylquinic_acid.sdf,/structures/3-O-coumaroylquinic_acid.sdf,sdf,fuzzy_normalized_name,0.976,local_sdf_library
CMPD_3E118D14A0B2,3-O-feruloylquinic_acid.sdf,/structures/3-O-feruloylquinic_acid.sdf,sdf,fuzzy_normalized_name,0.95,local_sdf_library
CMPD_FF940F3AEC30,3-O-methyl-D-glucose.sdf,/structures/3-O-methyl-D-glucose.sdf,sdf,exact_normalized_name,1.0,local_sdf_library
CMPD_CBFC9402C5FA,3-O-methyl_kaempferol.sdf,/structures/3-O-methyl_kaempferol.sdf,sdf,exact_normalized_name,1.0,local_sdf_library
CMPD_87091B24728D,3-O-methylellagic_acid.sdf,/structures/3-O-methylellagic_acid.sdf,sdf,exact_normalized_name,1.0,local_sdf_library
CMPD_20C5C7487455,3-O-Methylquercetin_3-O-glucoside.sdf,/structures/3-O-Methylquercetin_3-O-glucoside.sdf,sdf,exact_normalized_name,1.0,local_sdf_library
CMPD_B748BC70EA64,3-O-p-coumaroylquinic_acid.sdf,/structures/3-O-p-coumaroylquinic_acid.sdf,sdf,fuzzy_normalized_name,0.955,local_sdf_library
CMPD_A2430FDBDDF7,3-Octanol.sdf,/structures/3-Octanol.sdf,sdf,exact_normalized_name,1.0,local_sdf_library
CMPD_7D4CD610BA19,3-octanone.sdf,/structures/3-octanone.sdf,sdf,exact_normalized_name,1.0,local_sdf_library
CMPD_8A908C6EC17C,3-Oxo-7_8-dihydro-alpha-ionol.sdf,/structures/3-Oxo-7_8-dihydro-alpha-ionol.sdf,sdf,exact_normalized_name,1.0,local_sdf_library
CMPD_0991F6F37D67,3-oxo-8_24-dien-tirucallic_acid.sdf,/structures/3-oxo-8_24-dien-tirucallic_acid.sdf,sdf,exact_normalized_name,1.0,local_sdf_library
CMPD_53D2C3EDB981,3-oxo-tirucallic_acid.sdf,/structures/3-oxo-tirucallic_acid.sdf,sdf,exact_normalized_name,1.0,local_sdf_library
CMPD_1775BC32F0F8,3-p-coumaroylquinic_acid.sdf,/structures/3-p-coumaroylquinic_acid.sdf,sdf,fuzzy_normalized_name,0.976,local_sdf_library
CMPD_2A5B159BB6B7,3-p-Menthane.sdf,/structures/3-p-Menthane.sdf,sdf,fuzzy_normalized_name,0.9,local_sdf_library
CMPD_130220EBC2E8,3-phenyllactic_acid.sdf,/structures/3-phenyllactic_acid.sdf,sdf,exact_normalized_name,1.0,local_sdf_library
CMPD_5362D168A934,3-Trifluoroacetoxypentadecane.sdf,/structures/3-Trifluoroacetoxypentadecane.sdf,sdf,exact_normalized_name,1.0,local_sdf_library
CMPD_5CA9C5A6537D,3-vinyl-3_4-dihydro-1_2-dithiin.sdf,/structures/3-vinyl-3_4-dihydro-1_2-dithiin.sdf,sdf,exact_normalized_name,1.0,local_sdf_library
CMPD_C119E9293455,3010930.sdf,/structures/3010930.sdf,sdf,pubchem_cid_filename,1.0,local_sdf_library
CMPD_39F965B47ADC,3018525.sdf,/structures/3018525.sdf,sdf,pubchem_cid_filename,1.0,local_sdf_library
CMPD_A204C673A9A2,305.sdf,/structures/305.sdf,sdf,pubchem_cid_filename,1.0,local_sdf_library
CMPD_9CC2C0FF3575,3062370.sdf,/structures/3062370.sdf,sdf,pubchem_cid_filename,1.0,local_sdf_library
CMPD_FDF806D2248C,3083803.sdf,/structures/3083803.sdf,sdf,pubchem_cid_filename,1.0,local_sdf_library
CMPD_B603155BC7F4,3084331.sdf,/structures/3084331.sdf,sdf,pubchem_cid_filename,1.0,local_sdf_library
CMPD_EC9EFB833402,31253.sdf,/structures/31253.sdf,sdf,pubchem_cid_filename,1.0,local_sdf_library
CMPD_5B7B704E4B79,325.sdf,/structures/325.sdf,sdf,pubchem_cid_filename,1.0,local_sdf_library
CMPD_31B7B0808AF4,370.sdf,/structures/370.sdf,sdf,pubchem_cid_filename,1.0,local_sdf_library
CMPD_92C4E7C2B1A4,3_-Acetylrinderine.sdf,/structures/3_-Acetylrinderine.sdf,sdf,exact_normalized_name,1.0,local_sdf_library
CMPD_684690CADBC7,3_-methoxy-3_5_4_-trihydroxyflavone-7-neohesperidoside.sdf,/structures/3_-methoxy-3_5_4_-trihydroxyflavone-7-neohesperidoside.sdf,sdf,exact_normalized_name,1.0,local_sdf_library
CMPD_1BF0F9D3F3F7,3_-Methoxycalycopterin.sdf,/structures/3_-Methoxycalycopterin.sdf,sdf,exact_normalized_name,1.0,local_sdf_library
CMPD_EAF61CF2FCE8,3_-O-Acetylheliosupine_N-oxide.sdf,/structures/3_-O-Acetylheliosupine_N-oxide.sdf,sdf,exact_normalized_name,1.0,local_sdf_library
CMPD_7A8FB24BA797,3_-O-methyl-3_4-O_O-methylenedioxyellagic_acid.sdf,/structures/3_-O-methyl-3_4-O_O-methylenedioxyellagic_acid.sdf,sdf,fuzzy_normalized_name,0.972,local_sdf_library
CMPD_401AE70FA11A,3_3-diisopropoxy-1_1_1_5_5_5-hexamethyltrisiloxane.sdf,/structures/3_3-diisopropoxy-1_1_1_5_5_5-hexamethyltrisiloxane.sdf,sdf,fuzzy_normalized_name,0.965,local_sdf_library
CMPD_1124C302D299,3_3-dimethoxy_ellagic_acid.sdf,/structures/3_3-dimethoxy_ellagic_acid.sdf,sdf,exact_normalized_name,1.0,local_sdf_library
CMPD_48C2AC0F6993,3_3-dimethyloctane.sdf,/structures/3_3-dimethyloctane.sdf,sdf,exact_normalized_name,1.0,local_sdf_library
CMPD_6724D4ACFAAD,3_3_-Di-O-methylellagic_acid.sdf,/structures/3_3_-Di-O-methylellagic_acid.sdf,sdf,exact_normalized_name,1.0,local_sdf_library
CMPD_3B1656A71131,3_3_-Di-O-methylellagic_acid_4-O-beta-D-glucoside.sdf,/structures/3_3_-Di-O-methylellagic_acid_4-O-beta-D-glucoside.sdf,sdf,fuzzy_normalized_name,0.899,local_sdf_library
CMPD_6724D4ACFAAD,3_3__4_-Tri-O-methylellagic_acid.sdf,/structures/3_3__4_-Tri-O-methylellagic_acid.sdf,sdf,fuzzy_normalized_name,0.913,local_sdf_library
CMPD_E02D05790548,3_4-di-O-caffeoylquinic_acid.sdf,/structures/3_4-di-O-caffeoylquinic_acid.sdf,sdf,exact_normalized_name,1.0,local_sdf_library
CMPD_58DC51E776E3,3_4-Dicaffeoylquinic_acid.sdf,/structures/3_4-Dicaffeoylquinic_acid.sdf,sdf,exact_normalized_name,1.0,local_sdf_library
CMPD_15F77A4ED4EA,3_4-dihydro-2H-phenanthren-1-one.sdf,/structures/3_4-dihydro-2H-phenanthren-1-one.sdf,sdf,exact_normalized_name,1.0,local_sdf_library
CMPD_6765C043A097,3_4-dihydrocoumarin.sdf,/structures/3_4-dihydrocoumarin.sdf,sdf,exact_normalized_name,1.0,local_sdf_library
CMPD_AD00C023AE68,3_4-dihydroxybenzoic_acid.sdf,/structures/3_4-dihydroxybenzoic_acid.sdf,sdf,exact_normalized_name,1.0,local_sdf_library
CMPD_76E196F86FF9,3_4-dihydroxyphenyl-propenoic_acid.sdf,/structures/3_4-dihydroxyphenyl-propenoic_acid.sdf,sdf,exact_normalized_name,1.0,local_sdf_library
CMPD_B9A81F0C9B82,3_4-dimethoxydalbergione.sdf,/structures/3_4-dimethoxydalbergione.sdf,sdf,exact_normalized_name,1.0,local_sdf_library
CMPD_D91CB843B2F9,3_4-O-di-caffeoylquinic_acid_methylester.sdf,/structures/3_4-O-di-caffeoylquinic_acid_methylester.sdf,sdf,exact_normalized_name,1.0,local_sdf_library
CMPD_ECEECB8A5F3E,3_4-seco-Mansumbinoic_acid.sdf,/structures/3_4-seco-Mansumbinoic_acid.sdf,sdf,exact_normalized_name,1.0,local_sdf_library
CMPD_555A805D3C0E,3_4_5-trihydroxyacetophenone.sdf,/structures/3_4_5-trihydroxyacetophenone.sdf,sdf,exact_normalized_name,1.0,local_sdf_library
CMPD_8D48D3117D41,3_4_5-trimethoxybenzyl_alcohol.sdf,/structures/3_4_5-trimethoxybenzyl_alcohol.sdf,sdf,exact_normalized_name,1.0,local_sdf_library
CMPD_A3654E70EB08,3_5-DCQA.sdf,/structures/3_5-DCQA.sdf,sdf,exact_normalized_name,1.0,local_sdf_library
CMPD_1EEC98AE51FD,3_5-di-O-galloyl_quinic_acid.sdf,/structures/3_5-di-O-galloyl_quinic_acid.sdf,sdf,exact_normalized_name,1.0,local_sdf_library
CMPD_F5E9A6706798,3_5-Dicaffeoylquinic_acid.sdf,/structures/3_5-Dicaffeoylquinic_acid.sdf,sdf,exact_normalized_name,1.0,local_sdf_library
CMPD_14FA5ED75DCF,3_5-diethyl-1_2_4-trithiolane.sdf,/structures/3_5-diethyl-1_2_4-trithiolane.sdf,sdf,exact_normalized_name,1.0,local_sdf_library
CMPD_D65B1E436BD2,3_5-diethyl-4-_2-furyl_pyridine.sdf,/structures/3_5-diethyl-4-_2-furyl_pyridine.sdf,sdf,exact_normalized_name,1.0,local_sdf_library
CMPD_79FC72387BD9,3_5-Dihydroxy-4-methoxybenzoic_acid.sdf,/structures/3_5-Dihydroxy-4-methoxybenzoic_acid.sdf,sdf,fuzzy_normalized_name,0.983,local_sdf_library
CMPD_EB5EE6E3628A,3_5-dihydroxy-7_3__4_-trimethoxyflavone.sdf,/structures/3_5-dihydroxy-7_3__4_-trimethoxyflavone.sdf,sdf,fuzzy_normalized_name,0.949,local_sdf_library
CMPD_555A805D3C0E,3_5-dihydroxyacetophenone.sdf,/structures/3_5-dihydroxyacetophenone.sdf,sdf,fuzzy_normalized_name,0.917,local_sdf_library
CMPD_0DA4F385ED0C,3_5-dimethoxyacetophenone.sdf,/structures/3_5-dimethoxyacetophenone.sdf,sdf,exact_normalized_name,1.0,local_sdf_library
CMPD_DCD5C697686F,3_5-dimethoxyphenol.sdf,/structures/3_5-dimethoxyphenol.sdf,sdf,exact_normalized_name,1.0,local_sdf_library
CMPD_C121B8FAB532,3_5-nonadiyne.sdf,/structures/3_5-nonadiyne.sdf,sdf,exact_normalized_name,1.0,local_sdf_library
CMPD_0734D77FBBD3,3_5-O-caffeoylquinic_acid.sdf,/structures/3_5-O-caffeoylquinic_acid.sdf,sdf,fuzzy_normalized_name,0.976,local_sdf_library
CMPD_20A96FB8ADA9,3_5-O-dicaffeoylquinic_acid.sdf,/structures/3_5-O-dicaffeoylquinic_acid.sdf,sdf,exact_normalized_name,1.0,local_sdf_library
CMPD_54D957365E6D,3_5-octadien-2-one.sdf,/structures/3_5-octadien-2-one.sdf,sdf,exact_normalized_name,1.0,local_sdf_library
CMPD_C75163019C2E,3_7-Dimethyl-1-octanol.sdf,/structures/3_7-Dimethyl-1-octanol.sdf,sdf,exact_normalized_name,1.0,local_sdf_library
CMPD_9124A1F6F146,3_7-dimethyl-octa-1_6-diene.sdf,/structures/3_7-dimethyl-octa-1_6-diene.sdf,sdf,exact_normalized_name,1.0,local_sdf_library
CMPD_9124A1F6F146,3_7-dimethylocta-1_6-diene.sdf,/structures/3_7-dimethylocta-1_6-diene.sdf,sdf,exact_normalized_name,1.0,local_sdf_library
CMPD_F208F40C64D1,3_7_11_15-tetramethyl-2-hexadecen-1-ol.sdf,/structures/3_7_11_15-tetramethyl-2-hexadecen-1-ol.sdf,sdf,exact_normalized_name,1.0,local_sdf_library
CMPD_01F7F26FB330,3__5-diallyl-_1_1_-biphenyl_-2_4_-diol.sdf,/structures/3__5-diallyl-_1_1_-biphenyl_-2_4_-diol.sdf,sdf,exact_normalized_name,1.0,local_sdf_library
CMPD_C4851DCF8141,3__9_-di-epi-Samarcandin.sdf,/structures/3__9_-di-epi-Samarcandin.sdf,sdf,exact_normalized_name,1.0,local_sdf_library
CMPD_6532A73CB90E,3a-hydroxy-3_3a_7_7a-tetrahydrobenzofuran-2_6-dione.sdf,/structures/3a-hydroxy-3_3a_7_7a-tetrahydrobenzofuran-2_6-dione.sdf,sdf,exact_normalized_name,1.0,local_sdf_library
CMPD_CF1E3AD1E72F,3beta_20-dihydroxylupane-28-oic_acid.sdf,/structures/3beta_20-dihydroxylupane-28-oic_acid.sdf,sdf,exact_normalized_name,1.0,local_sdf_library
CMPD_9C25F5299E0A,3H-pyrrolo_3_2-f_quinoline.sdf,/structures/3H-pyrrolo_3_2-f_quinoline.sdf,sdf,exact_normalized_name,1.0,local_sdf_library
CMPD_3B54E4B81A95,4-5-O-dicaffeoylquinic_acid.sdf,/structures/4-5-O-dicaffeoylquinic_acid.sdf,sdf,exact_normalized_name,1.0,local_sdf_library
CMPD_BE0CF2466817,4-_beta-D-glucopyranosyloxy_benzoic_acid.sdf,/structures/4-_beta-D-glucopyranosyloxy_benzoic_acid.sdf,sdf,fuzzy_normalized_name,0.986,local_sdf_library
CMPD_9552E7BE593B,4-caffeoylquinic_acid.sdf,/structures/4-caffeoylquinic_acid.sdf,sdf,fuzzy_normalized_name,0.973,local_sdf_library
CMPD_4ED273F2A2DE,4-Coumaric_acid.sdf,/structures/4-Coumaric_acid.sdf,sdf,exact_normalized_name,1.0,local_sdf_library
CMPD_003F6EA7728C,4-CQA.sdf,/structures/4-CQA.sdf,sdf,fuzzy_normalized_name,0.889,local_sdf_library
CMPD_8401BC0876A6,4-ethoxy-6-_hydroxymethyl_-2H-pyran-2-one.sdf,/structures/4-ethoxy-6-_hydroxymethyl_-2H-pyran-2-one.sdf,sdf,fuzzy_normalized_name,0.885,local_sdf_library
CMPD_8401BC0876A6,4-ethoxy-6-_hydroxymethyl_pyran-2-one.sdf,/structures/4-ethoxy-6-_hydroxymethyl_pyran-2-one.sdf,sdf,fuzzy_normalized_name,0.915,local_sdf_library
CMPD_428CE1244B7B,4-ethyl_guaiacol.sdf,/structures/4-ethyl_guaiacol.sdf,sdf,exact_normalized_name,1.0,local_sdf_library
CMPD_B839CCA7F7A2,4-hydroxy-2_2_6-trimethyl-9-oxabicyclonon-1-en-7-one.sdf,/structures/4-hydroxy-2_2_6-trimethyl-9-oxabicyclonon-1-en-7-one.sdf,sdf,fuzzy_normalized_name,0.965,local_sdf_library
CMPD_A72CCE2BF823,4-hydroxy-3-methylbut-2-enoic_acid.sdf,/structures/4-hydroxy-3-methylbut-2-enoic_acid.sdf,sdf,exact_normalized_name,1.0,local_sdf_library
CMPD_E4A2492FFB2C,4-hydroxy-benzoic_acid_methyl_ester.sdf,/structures/4-hydroxy-benzoic_acid_methyl_ester.sdf,sdf,exact_normalized_name,1.0,local_sdf_library
CMPD_3924EB1C5D51,4-hydroxy-cinnamic_acid_ester.sdf,/structures/4-hydroxy-cinnamic_acid_ester.sdf,sdf,exact_normalized_name,1.0,local_sdf_library
CMPD_124DA79422A7,4-Hydroxy_benzoic_acid.sdf,/structures/4-Hydroxy_benzoic_acid.sdf,sdf,exact_normalized_name,1.0,local_sdf_library
CMPD_5D03B3490923,4-hydroxy_cinnamic_acid.sdf,/structures/4-hydroxy_cinnamic_acid.sdf,sdf,exact_normalized_name,1.0,local_sdf_library
CMPD_0A124DE25387,4-hydroxyacetophenone.sdf,/structures/4-hydroxyacetophenone.sdf,sdf,fuzzy_normalized_name,0.95,local_sdf_library
CMPD_114D4EEFDE1D,4-hydroxybenzaldehyde.sdf,/structures/4-hydroxybenzaldehyde.sdf,sdf,exact_normalized_name,1.0,local_sdf_library
CMPD_124DA79422A7,4-hydroxybenzoic_acid.sdf,/structures/4-hydroxybenzoic_acid.sdf,sdf,exact_normalized_name,1.0,local_sdf_library
CMPD_5D03B3490923,4-hydroxycinnamic_acid.sdf,/structures/4-hydroxycinnamic_acid.sdf,sdf,exact_normalized_name,1.0,local_sdf_library
CMPD_D3EF176817C5,4-Hydroxycoumarin.sdf,/structures/4-Hydroxycoumarin.sdf,sdf,fuzzy_normalized_name,0.938,local_sdf_library
CMPD_936BFD8188B4,4-Hydroxyglucobrassicin.sdf,/structures/4-Hydroxyglucobrassicin.sdf,sdf,exact_normalized_name,1.0,local_sdf_library
CMPD_B2EA70CFB63D,4-hydroxyphenylacetaldehyde.sdf,/structures/4-hydroxyphenylacetaldehyde.sdf,sdf,exact_normalized_name,1.0,local_sdf_library
CMPD_9EED48436BF6,4-ketopinoresinol.sdf,/structures/4-ketopinoresinol.sdf,sdf,exact_normalized_name,1.0,local_sdf_library
CMPD_0F74A7F1A7B2,4-methoxy-1-methyl-2-1H-quinolinone.sdf,/structures/4-methoxy-1-methyl-2-1H-quinolinone.sdf,sdf,exact_normalized_name,1.0,local_sdf_library
CMPD_0F6051523D11,4-methyl-2_6-naphthyridine.sdf,/structures/4-methyl-2_6-naphthyridine.sdf,sdf,exact_normalized_name,1.0,local_sdf_library
CMPD_C379B5FF46AC,4-methylthiobutyl_isothiocyanate.sdf,/structures/4-methylthiobutyl_isothiocyanate.sdf,sdf,exact_normalized_name,1.0,local_sdf_library
CMPD_930DB383E21B,4-O-caffeoylquinic_acid.sdf,/structures/4-O-caffeoylquinic_acid.sdf,sdf,fuzzy_normalized_name,0.974,local_sdf_library
CMPD_54CC2CF5A152,4-O-caffeoylquinic_acid_methyl_ester.sdf,/structures/4-O-caffeoylquinic_acid_methyl_ester.sdf,sdf,exact_normalized_name,1.0,local_sdf_library
CMPD_3E118D14A0B2,4-O-feruloylquinic_acid.sdf,/structures/4-O-feruloylquinic_acid.sdf,sdf,exact_normalized_name,1.0,local_sdf_library
CMPD_B41CECAC952C,4-O-feruloylquinic_acid_methyl_ester.sdf,/structures/4-O-feruloylquinic_acid_methyl_ester.sdf,sdf,fuzzy_normalized_name,0.968,local_sdf_library
CMPD_2549BC227FAE,4-O-methyl_guaiacylglycerol_9-O-beta-glucopyranoside.sdf,/structures/4-O-methyl_guaiacylglycerol_9-O-beta-glucopyranoside.sdf,sdf,exact_normalized_name,1.0,local_sdf_library
CMPD_80E51C05D46D,4-O-methylmannose.sdf,/structures/4-O-methylmannose.sdf,sdf,exact_normalized_name,1.0,local_sdf_library
CMPD_4E42960B22D6,4-OH-benzoic_acid.sdf,/structures/4-OH-benzoic_acid.sdf,sdf,exact_normalized_name,1.0,local_sdf_library
CMPD_FD8B0FBB8B08,4-p-coumaroylquinic_acid.sdf,/structures/4-p-coumaroylquinic_acid.sdf,sdf,exact_normalized_name,1.0,local_sdf_library
CMPD_572F691FDAD0,4-Phenyl-2-butanone.sdf,/structures/4-Phenyl-2-butanone.sdf,sdf,exact_normalized_name,1.0,local_sdf_library
CMPD_86FD1815C2AD,4-pyrimidinecarboxylic_acid.sdf,/structures/4-pyrimidinecarboxylic_acid.sdf,sdf,exact_normalized_name,1.0,local_sdf_library
CMPD_AF7036191906,4-terpineol.sdf,/structures/4-terpineol.sdf,sdf,exact_normalized_name,1.0,local_sdf_library
CMPD_375BE99F65AA,4-vinyl-2-methoxy-phenol.sdf,/structures/4-vinyl-2-methoxy-phenol.sdf,sdf,exact_normalized_name,1.0,local_sdf_library
CMPD_03A8D883C528,4-vinyl_guaiacol.sdf,/structures/4-vinyl_guaiacol.sdf,sdf,exact_normalized_name,1.0,local_sdf_library
CMPD_03A8D883C528,4-vinylguaiacol.sdf,/structures/4-vinylguaiacol.sdf,sdf,exact_normalized_name,1.0,local_sdf_library
CMPD_13DA4A518809,40298.sdf,/structures/40298.sdf,sdf,pubchem_cid_filename,1.0,local_sdf_library
CMPD_3BE4032E551B,40486293.sdf,/structures/40486293.sdf,sdf,pubchem_cid_filename,1.0,local_sdf_library
CMPD_C3FA6E3BCBF1,439148.sdf,/structures/439148.sdf,sdf,pubchem_cid_filename,1.0,local_sdf_library
CMPD_D61D75EC2B9D,439507.sdf,/structures/439507.sdf,sdf,pubchem_cid_filename,1.0,local_sdf_library
CMPD_219198F229E5,439514.sdf,/structures/439514.sdf,sdf,pubchem_cid_filename,1.0,local_sdf_library
CMPD_F89C5BB0301A,439531.sdf,/structures/439531.sdf,sdf,pubchem_cid_filename,1.0,local_sdf_library
CMPD_501D11C24EFB,439533.sdf,/structures/439533.sdf,sdf,pubchem_cid_filename,1.0,local_sdf_library
CMPD_1A6C0480D056,439564.sdf,/structures/439564.sdf,sdf,pubchem_cid_filename,1.0,local_sdf_library
CMPD_56C076264468,439622.sdf,/structures/439622.sdf,sdf,pubchem_cid_filename,1.0,local_sdf_library
CMPD_39F965B47ADC,440582.sdf,/structures/440582.sdf,sdf,pubchem_cid_filename,1.0,local_sdf_library
CMPD_23358CD566F8,440735.sdf,/structures/440735.sdf,sdf,pubchem_cid_filename,1.0,local_sdf_library
CMPD_6D196C6331B2,441381.sdf,/structures/441381.sdf,sdf,pubchem_cid_filename,1.0,local_sdf_library
CMPD_77FC9B0476D7,441828.sdf,/structures/441828.sdf,sdf,pubchem_cid_filename,1.0,local_sdf_library
CMPD_1737C60A9B99,441865.sdf,/structures/441865.sdf,sdf,pubchem_cid_filename,1.0,local_sdf_library
CMPD_12FC784B07D2,442220.sdf,/structures/442220.sdf,sdf,pubchem_cid_filename,1.0,local_sdf_library
CMPD_F17D241FE31E,442221.sdf,/structures/442221.sdf,sdf,pubchem_cid_filename,1.0,local_sdf_library
CMPD_9892CA24029F,44234789.sdf,/structures/44234789.sdf,sdf,pubchem_cid_filename,1.0,local_sdf_library
CMPD_06B4CA277791,442418.sdf,/structures/442418.sdf,sdf,pubchem_cid_filename,1.0,local_sdf_library
CMPD_4E037C03BB1D,442428.sdf,/structures/442428.sdf,sdf,pubchem_cid_filename,1.0,local_sdf_library
CMPD_9FB10C3317D4,442463.sdf,/structures/442463.sdf,sdf,pubchem_cid_filename,1.0,local_sdf_library
CMPD_810689A4485F,442473.sdf,/structures/442473.sdf,sdf,pubchem_cid_filename,1.0,local_sdf_library
CMPD_FB6DD49B5C00,44256961.sdf,/structures/44256961.sdf,sdf,pubchem_cid_filename,1.0,local_sdf_library
CMPD_87B402BC88C8,44257121.sdf,/structures/44257121.sdf,sdf,pubchem_cid_filename,1.0,local_sdf_library
CMPD_B95A15CF4DAB,44257802.sdf,/structures/44257802.sdf,sdf,pubchem_cid_filename,1.0,local_sdf_library
CMPD_D29115278EB4,44257826.sdf,/structures/44257826.sdf,sdf,pubchem_cid_filename,1.0,local_sdf_library
CMPD_8E797D8E60D7,44257887.sdf,/structures/44257887.sdf,sdf,pubchem_cid_filename,1.0,local_sdf_library
CMPD_7B76F3E5F214,44257896.sdf,/structures/44257896.sdf,sdf,pubchem_cid_filename,1.0,local_sdf_library
CMPD_43589B52EBD4,44258065.sdf,/structures/44258065.sdf,sdf,pubchem_cid_filename,1.0,local_sdf_library
CMPD_A015E86E9C93,44258316.sdf,/structures/44258316.sdf,sdf,pubchem_cid_filename,1.0,local_sdf_library
CMPD_347F102EA00A,44259136.sdf,/structures/44259136.sdf,sdf,pubchem_cid_filename,1.0,local_sdf_library
CMPD_24950F493431,44259243.sdf,/structures/44259243.sdf,sdf,pubchem_cid_filename,1.0,local_sdf_library
CMPD_3B96E0D820DA,44259385.sdf,/structures/44259385.sdf,sdf,pubchem_cid_filename,1.0,local_sdf_library
CMPD_FC276BE187DC,44259428.sdf,/structures/44259428.sdf,sdf,pubchem_cid_filename,1.0,local_sdf_library
CMPD_CFA0D6122E32,44259439.sdf,/structures/44259439.sdf,sdf,pubchem_cid_filename,1.0,local_sdf_library
CMPD_F2EE9F4FF7A1,44259451.sdf,/structures/44259451.sdf,sdf,pubchem_cid_filename,1.0,local_sdf_library
CMPD_C2096F053416,44259586.sdf,/structures/44259586.sdf,sdf,pubchem_cid_filename,1.0,local_sdf_library
CMPD_33D3ACF9BD42,442664.sdf,/structures/442664.sdf,sdf,pubchem_cid_filename,1.0,local_sdf_library
CMPD_A6B67C51B8B5,442682.sdf,/structures/442682.sdf,sdf,pubchem_cid_filename,1.0,local_sdf_library
CMPD_3A4989DFEB9D,442950.sdf,/structures/442950.sdf,sdf,pubchem_cid_filename,1.0,local_sdf_library
CMPD_36604C39F05C,443023.sdf,/structures/443023.sdf,sdf,pubchem_cid_filename,1.0,local_sdf_library
CMPD_721F56FF9EE3,443028.sdf,/structures/443028.sdf,sdf,pubchem_cid_filename,1.0,local_sdf_library
CMPD_2938C3113055,443143.sdf,/structures/443143.sdf,sdf,pubchem_cid_filename,1.0,local_sdf_library
CMPD_9949E59C79EF,443651.sdf,/structures/443651.sdf,sdf,pubchem_cid_filename,1.0,local_sdf_library
CMPD_4F76F80E7E7F,444539.sdf,/structures/444539.sdf,sdf,pubchem_cid_filename,1.0,local_sdf_library
CMPD_61D67D47889A,44562997.sdf,/structures/44562997.sdf,sdf,pubchem_cid_filename,1.0,local_sdf_library
CMPD_83DF21E34C70,44587062.sdf,/structures/44587062.sdf,sdf,pubchem_cid_filename,1.0,local_sdf_library
CMPD_C43CC305FBEB,44590821.sdf,/structures/44590821.sdf,sdf,pubchem_cid_filename,1.0,local_sdf_library
CMPD_C2A3C0B5657B,471119.sdf,/structures/471119.sdf,sdf,pubchem_cid_filename,1.0,local_sdf_library
CMPD_19C30B5C3E8C,4_-hydroxy-3__5_7-trimethoxyflavone.sdf,/structures/4_-hydroxy-3__5_7-trimethoxyflavone.sdf,sdf,exact_normalized_name,1.0,local_sdf_library
CMPD_BB652D85C904,4_-hydroxywogonin.sdf,/structures/4_-hydroxywogonin.sdf,sdf,exact_normalized_name,1.0,local_sdf_library
CMPD_C7082EF64768,4_10_14_-Cadinadiene.sdf,/structures/4_10_14_-Cadinadiene.sdf,sdf,exact_normalized_name,1.0,local_sdf_library
CMPD_A73513B813F8,4_20-Dideoxy-4-alpha-phorbol-12-acetate-13-isobutyrate.sdf,/structures/4_20-Dideoxy-4-alpha-phorbol-12-acetate-13-isobutyrate.sdf,sdf,fuzzy_normalized_name,0.941,local_sdf_library
CMPD_026B684CFDAB,4_4-dihydroxybenzophenone.sdf,/structures/4_4-dihydroxybenzophenone.sdf,sdf,exact_normalized_name,1.0,local_sdf_library
CMPD_026B684CFDAB,4_4_-Dihydroxybenzophenone.sdf,/structures/4_4_-Dihydroxybenzophenone.sdf,sdf,exact_normalized_name,1.0,local_sdf_library
CMPD_1CEEFF95C819,4_5-DCQA.sdf,/structures/4_5-DCQA.sdf,sdf,exact_normalized_name,1.0,local_sdf_library
CMPD_EED259B93293,4_5-di-O-caffeoylquinic_acid.sdf,/structures/4_5-di-O-caffeoylquinic_acid.sdf,sdf,exact_normalized_name,1.0,local_sdf_library
CMPD_77BB1B7D787E,4_5-dicaffeoylquinic_acid.sdf,/structures/4_5-dicaffeoylquinic_acid.sdf,sdf,exact_normalized_name,1.0,local_sdf_library
CMPD_C0AC2C8216C4,4_5-dihydroblumenol_A.sdf,/structures/4_5-dihydroblumenol_A.sdf,sdf,exact_normalized_name,1.0,local_sdf_library
CMPD_97522F9A0898,4_5_7-trihydroxyflavanone.sdf,/structures/4_5_7-trihydroxyflavanone.sdf,sdf,exact_normalized_name,1.0,local_sdf_library
CMPD_2FD7609CF3B2,4_6-dimethyltetrahydro-1_3-oxazine-2-thione.sdf,/structures/4_6-dimethyltetrahydro-1_3-oxazine-2-thione.sdf,sdf,exact_normalized_name,1.0,local_sdf_library
CMPD_EF266C755110,4_6_3__4_-Tetrahydroxyaurone.sdf,/structures/4_6_3__4_-Tetrahydroxyaurone.sdf,sdf,fuzzy_normalized_name,0.955,local_sdf_library
CMPD_D4B2EA88D092,4_6_9-trimethyldec-8-en-3_5-dione.sdf,/structures/4_6_9-trimethyldec-8-en-3_5-dione.sdf,sdf,exact_normalized_name,1.0,local_sdf_library
CMPD_72FBBB703E90,4__5-dihydroxy-7-methoxyisoflavone.sdf,/structures/4__5-dihydroxy-7-methoxyisoflavone.sdf,sdf,exact_normalized_name,1.0,local_sdf_library
CMPD_3EEF0C58B2F1,4___-O-Acetylvitexin_2__-O-rhamnoside.sdf,/structures/4___-O-Acetylvitexin_2__-O-rhamnoside.sdf,sdf,exact_normalized_name,1.0,local_sdf_library
CMPD_124DA79422A7,4_hydroxybenzoic_acid.sdf,/structures/4_hydroxybenzoic_acid.sdf,sdf,exact_normalized_name,1.0,local_sdf_library
CMPD_399FF67B721C,4H-pyran-4-one.sdf,/structures/4H-pyran-4-one.sdf,sdf,fuzzy_normalized_name,0.9,local_sdf_library
CMPD_52D3EF15FE39,5-_3-Buten-1-ynyl_-2_2_-bithiophene.sdf,/structures/5-_3-Buten-1-ynyl_-2_2_-bithiophene.sdf,sdf,fuzzy_normalized_name,0.96,local_sdf_library
CMPD_52D3EF15FE39,5-_but-3-en-1-ynyl_-2_2_-bithiophene.sdf,/structures/5-_but-3-en-1-ynyl_-2_2_-bithiophene.sdf,sdf,exact_normalized_name,1.0,local_sdf_library
CMPD_0734D77FBBD3,5-caffeoylquinic_acid.sdf,/structures/5-caffeoylquinic_acid.sdf,sdf,fuzzy_normalized_name,0.974,local_sdf_library
CMPD_07D077986C6A,5-geranyloxypsoralen.sdf,/structures/5-geranyloxypsoralen.sdf,sdf,exact_normalized_name,1.0,local_sdf_library
CMPD_1EF7944FAFE7,5-hydroxy-1-methyl-2-phenyl-4-quinolone.sdf,/structures/5-hydroxy-1-methyl-2-phenyl-4-quinolone.sdf,sdf,exact_normalized_name,1.0,local_sdf_library
CMPD_F8B30C181147,5-Hydroxy-1H-indole.sdf,/structures/5-Hydroxy-1H-indole.sdf,sdf,exact_normalized_name,1.0,local_sdf_library
CMPD_CF61E50F1381,5-hydroxy-2-methoxy-1-methylindole-3-carboxaldehyde.sdf,/structures/5-hydroxy-2-methoxy-1-methylindole-3-carboxaldehyde.sdf,sdf,exact_normalized_name,1.0,local_sdf_library
CMPD_92D4E1199B9F,5-hydroxy-3__4__7-trimethoxyflavone.sdf,/structures/5-hydroxy-3__4__7-trimethoxyflavone.sdf,sdf,exact_normalized_name,1.0,local_sdf_library
CMPD_F0EA987F8621,5-hydroxy-6_7_8_4_-tetramethoxyflavone.sdf,/structures/5-hydroxy-6_7_8_4_-tetramethoxyflavone.sdf,sdf,exact_normalized_name,1.0,local_sdf_library
CMPD_6BB89BBF0AD9,5-hydroxy-7-methoxy-2-phenyl-2_3-dihydrochromen-4-one.sdf,/structures/5-hydroxy-7-methoxy-2-phenyl-2_3-dihydrochromen-4-one.sdf,sdf,exact_normalized_name,1.0,local_sdf_library
CMPD_0C546DFA5490,5-hydroxy-7_2__3__4__5_-pentamethoxyflavone.sdf,/structures/5-hydroxy-7_2__3__4__5_-pentamethoxyflavone.sdf,sdf,exact_normalized_name,1.0,local_sdf_library
CMPD_EB5EE6E3628A,5-hydroxy-7_3__4_-trimethoxyflavone.sdf,/structures/5-hydroxy-7_3__4_-trimethoxyflavone.sdf,sdf,exact_normalized_name,1.0,local_sdf_library
CMPD_FBBDB7BCE0AE,5-Hydroxyaiphanol.sdf,/structures/5-Hydroxyaiphanol.sdf,sdf,exact_normalized_name,1.0,local_sdf_library
CMPD_7982D932C872,5-Hydroxyindole-3-carboxaldehyde.sdf,/structures/5-Hydroxyindole-3-carboxaldehyde.sdf,sdf,fuzzy_normalized_name,0.931,local_sdf_library
CMPD_A5029F1EC297,5-Hydroxymethfurfural.sdf,/structures/5-Hydroxymethfurfural.sdf,sdf,fuzzy_normalized_name,0.952,local_sdf_library
CMPD_144F2B853510,5-hydroxymethyl-2-furancarboxaldehyde.sdf,/structures/5-hydroxymethyl-2-furancarboxaldehyde.sdf,sdf,exact_normalized_name,1.0,local_sdf_library
CMPD_A5029F1EC297,5-hydroxymethylfurfural.sdf,/structures/5-hydroxymethylfurfural.sdf,sdf,exact_normalized_name,1.0,local_sdf_library
CMPD_7320828C9153,5-hydroxytryptophan__5-HTP_.sdf,/structures/5-hydroxytryptophan__5-HTP_.sdf,sdf,exact_normalized_name,1.0,local_sdf_library
CMPD_97CD8AF438BB,5-methoxy-6-hydroxyflavone.sdf,/structures/5-methoxy-6-hydroxyflavone.sdf,sdf,exact_normalized_name,1.0,local_sdf_library
CMPD_3B1368EFA370,5-methoxypodophyllotoxin.sdf,/structures/5-methoxypodophyllotoxin.sdf,sdf,exact_normalized_name,1.0,local_sdf_library
CMPD_0734D77FBBD3,5-O-caffeoylquinic_acid.sdf,/structures/5-O-caffeoylquinic_acid.sdf,sdf,exact_normalized_name,1.0,local_sdf_library
CMPD_3E118D14A0B2,5-O-Feruloylquinic_acid.sdf,/structures/5-O-Feruloylquinic_acid.sdf,sdf,fuzzy_normalized_name,0.95,local_sdf_library
CMPD_B41CECAC952C,5-O-feruloylquinic_acid_methyl_ester.sdf,/structures/5-O-feruloylquinic_acid_methyl_ester.sdf,sdf,exact_normalized_name,1.0,local_sdf_library
CMPD_B748BC70EA64,5-O-p-coumaroylquinic_acid.sdf,/structures/5-O-p-coumaroylquinic_acid.sdf,sdf,exact_normalized_name,1.0,local_sdf_library
CMPD_64D0FE20A921,513197.sdf,/structures/513197.sdf,sdf,pubchem_cid_filename,1.0,local_sdf_library
CMPD_3AE6BE160088,51361447.sdf,/structures/51361447.sdf,sdf,pubchem_cid_filename,1.0,local_sdf_library
CMPD_73526FD08692,5192.sdf,/structures/5192.sdf,sdf,pubchem_cid_filename,1.0,local_sdf_library
CMPD_3EA3D4DC2482,520332.sdf,/structures/520332.sdf,sdf,pubchem_cid_filename,1.0,local_sdf_library
CMPD_24E27BD4491E,520395.sdf,/structures/520395.sdf,sdf,pubchem_cid_filename,1.0,local_sdf_library
CMPD_B9A56F112ABB,521710.sdf,/structures/521710.sdf,sdf,pubchem_cid_filename,1.0,local_sdf_library
CMPD_34BEDEE83C90,5273566.sdf,/structures/5273566.sdf,sdf,pubchem_cid_filename,1.0,local_sdf_library
CMPD_0C20E0400621,5274558.sdf,/structures/5274558.sdf,sdf,pubchem_cid_filename,1.0,local_sdf_library
CMPD_09C3B85D9EFF,5274571.sdf,/structures/5274571.sdf,sdf,pubchem_cid_filename,1.0,local_sdf_library
CMPD_61A0BCFE41AA,5274585.sdf,/structures/5274585.sdf,sdf,pubchem_cid_filename,1.0,local_sdf_library
CMPD_6CCACF3173C1,5280362.sdf,/structures/5280362.sdf,sdf,pubchem_cid_filename,1.0,local_sdf_library
CMPD_6510359CC631,5280435.sdf,/structures/5280435.sdf,sdf,pubchem_cid_filename,1.0,local_sdf_library
CMPD_7E1582125700,5280444.sdf,/structures/5280444.sdf,sdf,pubchem_cid_filename,1.0,local_sdf_library
CMPD_2637971B434B,5280450.sdf,/structures/5280450.sdf,sdf,pubchem_cid_filename,1.0,local_sdf_library
CMPD_261807A0AF19,5280459.sdf,/structures/5280459.sdf,sdf,pubchem_cid_filename,1.0,local_sdf_library
CMPD_4144DA3BD858,5280460.sdf,/structures/5280460.sdf,sdf,pubchem_cid_filename,1.0,local_sdf_library
CMPD_24BC30961430,5280536.sdf,/structures/5280536.sdf,sdf,pubchem_cid_filename,1.0,local_sdf_library
CMPD_7BC584AEC00F,5280601.sdf,/structures/5280601.sdf,sdf,pubchem_cid_filename,1.0,local_sdf_library
CMPD_2B0176003AD5,5280635.sdf,/structures/5280635.sdf,sdf,pubchem_cid_filename,1.0,local_sdf_library
CMPD_BEC0A104A07E,5280641.sdf,/structures/5280641.sdf,sdf,pubchem_cid_filename,1.0,local_sdf_library
CMPD_B27074734CC6,5280666.sdf,/structures/5280666.sdf,sdf,pubchem_cid_filename,1.0,local_sdf_library
CMPD_7EDEA9E19CA6,5280703.sdf,/structures/5280703.sdf,sdf,pubchem_cid_filename,1.0,local_sdf_library
CMPD_7E3C35E3FD7F,5280704.sdf,/structures/5280704.sdf,sdf,pubchem_cid_filename,1.0,local_sdf_library
CMPD_7EDEA9E19CA6,5280746.sdf,/structures/5280746.sdf,sdf,pubchem_cid_filename,1.0,local_sdf_library
CMPD_C86C25059B2D,5280804.sdf,/structures/5280804.sdf,sdf,pubchem_cid_filename,1.0,local_sdf_library
CMPD_E41DBAEFEC3A,5280805.sdf,/structures/5280805.sdf,sdf,pubchem_cid_filename,1.0,local_sdf_library
CMPD_FCE31CA8A80E,5280863.sdf,/structures/5280863.sdf,sdf,pubchem_cid_filename,1.0,local_sdf_library
CMPD_D98165EA803F,5280934.sdf,/structures/5280934.sdf,sdf,pubchem_cid_filename,1.0,local_sdf_library
CMPD_65F26AFFEC7C,5280961.sdf,/structures/5280961.sdf,sdf,pubchem_cid_filename,1.0,local_sdf_library
CMPD_8435B9825AFF,5280970.sdf,/structures/5280970.sdf,sdf,pubchem_cid_filename,1.0,local_sdf_library
CMPD_21901917DC89,5281255.sdf,/structures/5281255.sdf,sdf,pubchem_cid_filename,1.0,local_sdf_library
CMPD_1F014680F872,5281331.sdf,/structures/5281331.sdf,sdf,pubchem_cid_filename,1.0,local_sdf_library
CMPD_857FE817BD27,5281343.sdf,/structures/5281343.sdf,sdf,pubchem_cid_filename,1.0,local_sdf_library
CMPD_07CB36D87691,5281416.sdf,/structures/5281416.sdf,sdf,pubchem_cid_filename,1.0,local_sdf_library
CMPD_A553CB07450E,5281515.sdf,/structures/5281515.sdf,sdf,pubchem_cid_filename,1.0,local_sdf_library
CMPD_17F99904272F,5281516.sdf,/structures/5281516.sdf,sdf,pubchem_cid_filename,1.0,local_sdf_library
CMPD_70C16DDA1618,5281520.sdf,/structures/5281520.sdf,sdf,pubchem_cid_filename,1.0,local_sdf_library
CMPD_3FCE840581C4,5281521.sdf,/structures/5281521.sdf,sdf,pubchem_cid_filename,1.0,local_sdf_library
CMPD_3FCE840581C4,5281522.sdf,/structures/5281522.sdf,sdf,pubchem_cid_filename,1.0,local_sdf_library
CMPD_83F48918F1AA,5281601.sdf,/structures/5281601.sdf,sdf,pubchem_cid_filename,1.0,local_sdf_library
CMPD_295394BA235C,5281617.sdf,/structures/5281617.sdf,sdf,pubchem_cid_filename,1.0,local_sdf_library
CMPD_6C01323C6621,5281622.sdf,/structures/5281622.sdf,sdf,pubchem_cid_filename,1.0,local_sdf_library
CMPD_B3234927BF7A,5281635.sdf,/structures/5281635.sdf,sdf,pubchem_cid_filename,1.0,local_sdf_library
CMPD_AACAF29D005B,5281640.sdf,/structures/5281640.sdf,sdf,pubchem_cid_filename,1.0,local_sdf_library
CMPD_B6D57135EE52,5281643.sdf,/structures/5281643.sdf,sdf,pubchem_cid_filename,1.0,local_sdf_library
CMPD_2712C5467120,5281654.sdf,/structures/5281654.sdf,sdf,pubchem_cid_filename,1.0,local_sdf_library
CMPD_27F49D47F905,5281663.sdf,/structures/5281663.sdf,sdf,pubchem_cid_filename,1.0,local_sdf_library
CMPD_1DFC64E70C2E,5281666.sdf,/structures/5281666.sdf,sdf,pubchem_cid_filename,1.0,local_sdf_library
CMPD_12643C74C59E,5281672.sdf,/structures/5281672.sdf,sdf,pubchem_cid_filename,1.0,local_sdf_library
CMPD_CBFC9402C5FA,5281673.sdf,/structures/5281673.sdf,sdf,pubchem_cid_filename,1.0,local_sdf_library
CMPD_DAF82608A651,5281697.sdf,/structures/5281697.sdf,sdf,pubchem_cid_filename,1.0,local_sdf_library
CMPD_EBE089B260C8,5281707.sdf,/structures/5281707.sdf,sdf,pubchem_cid_filename,1.0,local_sdf_library
CMPD_81F2D8051414,5281745.sdf,/structures/5281745.sdf,sdf,pubchem_cid_filename,1.0,local_sdf_library
CMPD_B41CECAC952C,5281775.sdf,/structures/5281775.sdf,sdf,pubchem_cid_filename,1.0,local_sdf_library
CMPD_DAC566D38D08,5281780.sdf,/structures/5281780.sdf,sdf,pubchem_cid_filename,1.0,local_sdf_library
CMPD_58DC51E776E3,5281781.sdf,/structures/5281781.sdf,sdf,pubchem_cid_filename,1.0,local_sdf_library
CMPD_0D5F4BE6FF77,5281788.sdf,/structures/5281788.sdf,sdf,pubchem_cid_filename,1.0,local_sdf_library
CMPD_CE027F20EBE0,5281855.sdf,/structures/5281855.sdf,sdf,pubchem_cid_filename,1.0,local_sdf_library
CMPD_82BFF8B91244,5281858.sdf,/structures/5281858.sdf,sdf,pubchem_cid_filename,1.0,local_sdf_library
CMPD_4F4CCFA46C84,5281860.sdf,/structures/5281860.sdf,sdf,pubchem_cid_filename,1.0,local_sdf_library
CMPD_12FA07B01960,5282035.sdf,/structures/5282035.sdf,sdf,pubchem_cid_filename,1.0,local_sdf_library
CMPD_633BAC123F4E,5282102.sdf,/structures/5282102.sdf,sdf,pubchem_cid_filename,1.0,local_sdf_library
CMPD_0EED656D9E1A,5282110.sdf,/structures/5282110.sdf,sdf,pubchem_cid_filename,1.0,local_sdf_library
CMPD_F85DE690BA9D,5282115.sdf,/structures/5282115.sdf,sdf,pubchem_cid_filename,1.0,local_sdf_library
CMPD_A8C927D9E815,5282140.sdf,/structures/5282140.sdf,sdf,pubchem_cid_filename,1.0,local_sdf_library
CMPD_5B818E0E5982,5282150.sdf,/structures/5282150.sdf,sdf,pubchem_cid_filename,1.0,local_sdf_library
CMPD_DBAAF6BEFBF7,5282151.sdf,/structures/5282151.sdf,sdf,pubchem_cid_filename,1.0,local_sdf_library
CMPD_53A6BB92782E,5284507.sdf,/structures/5284507.sdf,sdf,pubchem_cid_filename,1.0,local_sdf_library
CMPD_213829CA5DDA,5316492.sdf,/structures/5316492.sdf,sdf,pubchem_cid_filename,1.0,local_sdf_library
CMPD_48BF01480A78,5316493.sdf,/structures/5316493.sdf,sdf,pubchem_cid_filename,1.0,local_sdf_library
CMPD_1AF3E3829F07,5316673.sdf,/structures/5316673.sdf,sdf,pubchem_cid_filename,1.0,local_sdf_library
CMPD_BDC61C0A4821,5317320.sdf,/structures/5317320.sdf,sdf,pubchem_cid_filename,1.0,local_sdf_library
CMPD_86AE366E19D0,5317377.sdf,/structures/5317377.sdf,sdf,pubchem_cid_filename,1.0,local_sdf_library
CMPD_0559D1FAF847,5317570.sdf,/structures/5317570.sdf,sdf,pubchem_cid_filename,1.0,local_sdf_library
CMPD_44F392CA1A58,5318042.sdf,/structures/5318042.sdf,sdf,pubchem_cid_filename,1.0,local_sdf_library
CMPD_255DD9656F7B,5318355.sdf,/structures/5318355.sdf,sdf,pubchem_cid_filename,1.0,local_sdf_library
CMPD_9C324356805D,5318530.sdf,/structures/5318530.sdf,sdf,pubchem_cid_filename,1.0,local_sdf_library
CMPD_C0782896E20E,5318536.sdf,/structures/5318536.sdf,sdf,pubchem_cid_filename,1.0,local_sdf_library
CMPD_DE0834EE40A0,5318569.sdf,/structures/5318569.sdf,sdf,pubchem_cid_filename,1.0,local_sdf_library
CMPD_EFE098D61964,5318606.sdf,/structures/5318606.sdf,sdf,pubchem_cid_filename,1.0,local_sdf_library
CMPD_F8BA0E7E16A5,5318645.sdf,/structures/5318645.sdf,sdf,pubchem_cid_filename,1.0,local_sdf_library
CMPD_0C20E0400621,5318759.sdf,/structures/5318759.sdf,sdf,pubchem_cid_filename,1.0,local_sdf_library
CMPD_044FC9F07165,5318767.sdf,/structures/5318767.sdf,sdf,pubchem_cid_filename,1.0,local_sdf_library
CMPD_2149C7348616,5319306.sdf,/structures/5319306.sdf,sdf,pubchem_cid_filename,1.0,local_sdf_library
CMPD_1AE16D8790CC,5319349.sdf,/structures/5319349.sdf,sdf,pubchem_cid_filename,1.0,local_sdf_library
CMPD_2AFB507170A1,5319484.sdf,/structures/5319484.sdf,sdf,pubchem_cid_filename,1.0,local_sdf_library
CMPD_8EBCE26A0048,5320128.sdf,/structures/5320128.sdf,sdf,pubchem_cid_filename,1.0,local_sdf_library
CMPD_0667AB972380,5320293.sdf,/structures/5320293.sdf,sdf,pubchem_cid_filename,1.0,local_sdf_library
CMPD_0A50668F2146,5352460.sdf,/structures/5352460.sdf,sdf,pubchem_cid_filename,1.0,local_sdf_library
CMPD_BDA294A23208,5352484.sdf,/structures/5352484.sdf,sdf,pubchem_cid_filename,1.0,local_sdf_library
CMPD_4ECB10E02460,5352825.sdf,/structures/5352825.sdf,sdf,pubchem_cid_filename,1.0,local_sdf_library
CMPD_E7632E0B021C,5353000.sdf,/structures/5353000.sdf,sdf,pubchem_cid_filename,1.0,local_sdf_library
CMPD_CEA04EF1D070,5353110.sdf,/structures/5353110.sdf,sdf,pubchem_cid_filename,1.0,local_sdf_library
CMPD_FF89235D1D8F,5356787.sdf,/structures/5356787.sdf,sdf,pubchem_cid_filename,1.0,local_sdf_library
CMPD_5A78C2FF4231,5358363.sdf,/structures/5358363.sdf,sdf,pubchem_cid_filename,1.0,local_sdf_library
CMPD_2368CCBC4226,5363388.sdf,/structures/5363388.sdf,sdf,pubchem_cid_filename,1.0,local_sdf_library
CMPD_A8CE643148B8,5363426.sdf,/structures/5363426.sdf,sdf,pubchem_cid_filename,1.0,local_sdf_library
CMPD_88624C32DCBE,5364942.sdf,/structures/5364942.sdf,sdf,pubchem_cid_filename,1.0,local_sdf_library
CMPD_5C89E8363035,5366479.sdf,/structures/5366479.sdf,sdf,pubchem_cid_filename,1.0,local_sdf_library
CMPD_4D13E59B4BAA,5367500.sdf,/structures/5367500.sdf,sdf,pubchem_cid_filename,1.0,local_sdf_library
CMPD_B187AAF21F83,5370217.sdf,/structures/5370217.sdf,sdf,pubchem_cid_filename,1.0,local_sdf_library
CMPD_7854FF4167C8,5371138.sdf,/structures/5371138.sdf,sdf,pubchem_cid_filename,1.0,local_sdf_library
CMPD_59AAB946F512,537233.sdf,/structures/537233.sdf,sdf,pubchem_cid_filename,1.0,local_sdf_library
CMPD_47251455C055,537551.sdf,/structures/537551.sdf,sdf,pubchem_cid_filename,1.0,local_sdf_library
CMPD_C24C048568E6,5378823.sdf,/structures/5378823.sdf,sdf,pubchem_cid_filename,1.0,local_sdf_library
CMPD_1A1DBE69262E,5380905.sdf,/structures/5380905.sdf,sdf,pubchem_cid_filename,1.0,local_sdf_library
CMPD_2BFEDA677457,541571.sdf,/structures/541571.sdf,sdf,pubchem_cid_filename,1.0,local_sdf_library
CMPD_5EBA56C19483,5464132.sdf,/structures/5464132.sdf,sdf,pubchem_cid_filename,1.0,local_sdf_library
CMPD_433789BDC39A,5481224.sdf,/structures/5481224.sdf,sdf,pubchem_cid_filename,1.0,local_sdf_library
CMPD_57681DF12F1C,5481882.sdf,/structures/5481882.sdf,sdf,pubchem_cid_filename,1.0,local_sdf_library
CMPD_1911F3BB54DC,5484006.sdf,/structures/5484006.sdf,sdf,pubchem_cid_filename,1.0,local_sdf_library
CMPD_33AE83196600,5484066.sdf,/structures/5484066.sdf,sdf,pubchem_cid_filename,1.0,local_sdf_library
CMPD_27F49D47F905,5486199.sdf,/structures/5486199.sdf,sdf,pubchem_cid_filename,1.0,local_sdf_library
CMPD_0DB66ED0DAB5,5487413.sdf,/structures/5487413.sdf,sdf,pubchem_cid_filename,1.0,local_sdf_library
CMPD_472D6B54EFE6,5490064.sdf,/structures/5490064.sdf,sdf,pubchem_cid_filename,1.0,local_sdf_library
CMPD_1AD2ACD98358,5490092.sdf,/structures/5490092.sdf,sdf,pubchem_cid_filename,1.0,local_sdf_library
CMPD_37836C053026,5491684.sdf,/structures/5491684.sdf,sdf,pubchem_cid_filename,1.0,local_sdf_library
CMPD_F73028A3F49B,5491814.sdf,/structures/5491814.sdf,sdf,pubchem_cid_filename,1.0,local_sdf_library
CMPD_B899C4313285,56675512.sdf,/structures/56675512.sdf,sdf,pubchem_cid_filename,1.0,local_sdf_library
CMPD_FCFF7EBDFFA2,56683358.sdf,/structures/56683358.sdf,sdf,pubchem_cid_filename,1.0,local_sdf_library
CMPD_15E3FEE13E74,5742590.sdf,/structures/5742590.sdf,sdf,pubchem_cid_filename,1.0,local_sdf_library
CMPD_3E0A71DB0A66,5743.sdf,/structures/5743.sdf,sdf,pubchem_cid_filename,1.0,local_sdf_library
CMPD_7A422879511B,5780.sdf,/structures/5780.sdf,sdf,pubchem_cid_filename,1.0,local_sdf_library
CMPD_D681E550C5F1,5951.sdf,/structures/5951.sdf,sdf,pubchem_cid_filename,1.0,local_sdf_library
CMPD_1E4D73A03E79,5_3_-dihydroxy-3_6_7_4__5_-pentamethoxyflavone.sdf,/structures/5_3_-dihydroxy-3_6_7_4__5_-pentamethoxyflavone.sdf,sdf,fuzzy_normalized_name,0.971,local_sdf_library
CMPD_84631C3AC05E,5_3_-dihydroxyflavone.sdf,/structures/5_3_-dihydroxyflavone.sdf,sdf,exact_normalized_name,1.0,local_sdf_library
CMPD_EE782BCBFD0F,5_4_-dihydroxy-3_6_7_8_3_-pentamethoxyflavone.sdf,/structures/5_4_-dihydroxy-3_6_7_8_3_-pentamethoxyflavone.sdf,sdf,fuzzy_normalized_name,0.925,local_sdf_library
CMPD_1BAFB29CCCD9,5_4_-dihydroxy-7_2__3__5_-tetramethoxyflavone.sdf,/structures/5_4_-dihydroxy-7_2__3__5_-tetramethoxyflavone.sdf,sdf,exact_normalized_name,1.0,local_sdf_library
CMPD_7628AFDA1579,5_4__5_-trihydroxy-3_7_3_-trimethoxyflavone.sdf,/structures/5_4__5_-trihydroxy-3_7_3_-trimethoxyflavone.sdf,sdf,fuzzy_normalized_name,0.909,local_sdf_library
CMPD_B899C4313285,5_5_-diallyl-2_-methoxybiphenyl-2-ol.sdf,/structures/5_5_-diallyl-2_-methoxybiphenyl-2-ol.sdf,sdf,fuzzy_normalized_name,0.966,local_sdf_library
CMPD_64CE9563253B,5_5_-diallyl-_1_1_-biphenyl_-2_2_-diol.sdf,/structures/5_5_-diallyl-_1_1_-biphenyl_-2_2_-diol.sdf,sdf,exact_normalized_name,1.0,local_sdf_library
CMPD_9FF4C2759166,5_6-dehydroarachidonic_acid.sdf,/structures/5_6-dehydroarachidonic_acid.sdf,sdf,exact_normalized_name,1.0,local_sdf_library
CMPD_860A7AE85DCF,5_7-dihydroxy-2__3__4__5_-tetramethoxyflavone.sdf,/structures/5_7-dihydroxy-2__3__4__5_-tetramethoxyflavone.sdf,sdf,exact_normalized_name,1.0,local_sdf_library
CMPD_3218199971DC,5_7-dihydroxy-2__4__5_-trimethoxyisoflavanone.sdf,/structures/5_7-dihydroxy-2__4__5_-trimethoxyisoflavanone.sdf,sdf,exact_normalized_name,1.0,local_sdf_library
CMPD_FCFF7EBDFFA2,5_7-Dihydroxy-6-methoxychromone.sdf,/structures/5_7-Dihydroxy-6-methoxychromone.sdf,sdf,exact_normalized_name,1.0,local_sdf_library
CMPD_857FE817BD27,5_7-dihydroxychromone.sdf,/structures/5_7-dihydroxychromone.sdf,sdf,exact_normalized_name,1.0,local_sdf_library
CMPD_1A8CB38B8511,5_7-Dimethoxyflavone.sdf,/structures/5_7-Dimethoxyflavone.sdf,sdf,fuzzy_normalized_name,0.971,local_sdf_library
CMPD_0B165ABA7A05,5_7-Dodecadiyne-1_12-diol.sdf,/structures/5_7-Dodecadiyne-1_12-diol.sdf,sdf,fuzzy_normalized_name,0.974,local_sdf_library
CMPD_98B0E87B5D95,5_7_3_-trihydroxy-2__4__5_-trimethoxyflavone.sdf,/structures/5_7_3_-trihydroxy-2__4__5_-trimethoxyflavone.sdf,sdf,exact_normalized_name,1.0,local_sdf_library
CMPD_5603431E3B20,5_7_3_-trihydroxy-4__5__6-trimethoxyflavone.sdf,/structures/5_7_3_-trihydroxy-4__5__6-trimethoxyflavone.sdf,sdf,exact_normalized_name,1.0,local_sdf_library
CMPD_7628AFDA1579,5_7_4_-trihydroxy-2__3__5_-trimethoxyflavone.sdf,/structures/5_7_4_-trihydroxy-2__3__5_-trimethoxyflavone.sdf,sdf,exact_normalized_name,1.0,local_sdf_library
CMPD_6FCE2FDAFD54,5_7_4_-trihydroxy-3__8-dimethoxyflavanone.sdf,/structures/5_7_4_-trihydroxy-3__8-dimethoxyflavanone.sdf,sdf,exact_normalized_name,1.0,local_sdf_library
CMPD_B176AADFAEB9,5_7_4_-trihydroxy-6-methoxyflavanone.sdf,/structures/5_7_4_-trihydroxy-6-methoxyflavanone.sdf,sdf,exact_normalized_name,1.0,local_sdf_library
CMPD_446CF0E84F01,5_7_4_-trimethoxyflavone.sdf,/structures/5_7_4_-trimethoxyflavone.sdf,sdf,fuzzy_normalized_name,0.974,local_sdf_library
CMPD_A981559DF265,5_8-DiHODE.sdf,/structures/5_8-DiHODE.sdf,sdf,exact_normalized_name,1.0,local_sdf_library
CMPD_CEE83D3AC9D9,5_8-dimethoxy_psoralen.sdf,/structures/5_8-dimethoxy_psoralen.sdf,sdf,exact_normalized_name,1.0,local_sdf_library
CMPD_F26836A7DE0F,5_9-tetradecadiyne.sdf,/structures/5_9-tetradecadiyne.sdf,sdf,exact_normalized_name,1.0,local_sdf_library
CMPD_300533C70229,6-Acetylmarrubenol.sdf,/structures/6-Acetylmarrubenol.sdf,sdf,exact_normalized_name,1.0,local_sdf_library
CMPD_2F8F1925F409,6-carbomethoxy-trans-1-oxaspiro_4.5_decane-2_8-dione.sdf,/structures/6-carbomethoxy-trans-1-oxaspiro_4.5_decane-2_8-dione.sdf,sdf,fuzzy_normalized_name,0.988,local_sdf_library
CMPD_8668BA63FA9C,6-hydroxycyclonerolidol.sdf,/structures/6-hydroxycyclonerolidol.sdf,sdf,exact_normalized_name,1.0,local_sdf_library
CMPD_AF242F73A7AF,6-Hydroxykaempferol.sdf,/structures/6-Hydroxykaempferol.sdf,sdf,exact_normalized_name,1.0,local_sdf_library
CMPD_916067D5F546,6-hydroxykaempferol_3-O-glucoside.sdf,/structures/6-hydroxykaempferol_3-O-glucoside.sdf,sdf,exact_normalized_name,1.0,local_sdf_library
CMPD_E95970233982,6-hydroxykaempferol_3_7-dimethyl_ether.sdf,/structures/6-hydroxykaempferol_3_7-dimethyl_ether.sdf,sdf,exact_normalized_name,1.0,local_sdf_library
CMPD_B75052A082CC,6-hydroxykaempferol_7-O-glucoside.sdf,/structures/6-hydroxykaempferol_7-O-glucoside.sdf,sdf,exact_normalized_name,1.0,local_sdf_library
CMPD_6C01323C6621,6-Hydroxyluteolin.sdf,/structures/6-Hydroxyluteolin.sdf,sdf,exact_normalized_name,1.0,local_sdf_library
CMPD_729000463985,6-hydroxysalvinolone.sdf,/structures/6-hydroxysalvinolone.sdf,sdf,exact_normalized_name,1.0,local_sdf_library
CMPD_AACAF29D005B,6-Methoxykaempferol.sdf,/structures/6-Methoxykaempferol.sdf,sdf,exact_normalized_name,1.0,local_sdf_library
CMPD_FFAC6687F5ED,6-methylhept-5-en-2-one.sdf,/structures/6-methylhept-5-en-2-one.sdf,sdf,exact_normalized_name,1.0,local_sdf_library
CMPD_43500805D65B,6-Methylquinoline.sdf,/structures/6-Methylquinoline.sdf,sdf,exact_normalized_name,1.0,local_sdf_library
CMPD_48AC45739F2F,6-oxo-6a_12a-dehydrodeguelin.sdf,/structures/6-oxo-6a_12a-dehydrodeguelin.sdf,sdf,exact_normalized_name,1.0,local_sdf_library
CMPD_51005FDAE142,6-oxocyclonerolidol.sdf,/structures/6-oxocyclonerolidol.sdf,sdf,exact_normalized_name,1.0,local_sdf_library
CMPD_8B4FEA94AC2D,62009.sdf,/structures/62009.sdf,sdf,pubchem_cid_filename,1.0,local_sdf_library
CMPD_42845ABEE19F,6326181.sdf,/structures/6326181.sdf,sdf,pubchem_cid_filename,1.0,local_sdf_library
CMPD_206AB4F7CEE4,637195.sdf,/structures/637195.sdf,sdf,pubchem_cid_filename,1.0,local_sdf_library
CMPD_B6337A627F18,637542.sdf,/structures/637542.sdf,sdf,pubchem_cid_filename,1.0,local_sdf_library
CMPD_5B6B66A41751,638062.sdf,/structures/638062.sdf,sdf,pubchem_cid_filename,1.0,local_sdf_library
CMPD_64987E9BA438,6427789.sdf,/structures/6427789.sdf,sdf,pubchem_cid_filename,1.0,local_sdf_library
CMPD_30F3FB9C00C9,6428019.sdf,/structures/6428019.sdf,sdf,pubchem_cid_filename,1.0,local_sdf_library
CMPD_B187AAF21F83,6429131.sdf,/structures/6429131.sdf,sdf,pubchem_cid_filename,1.0,local_sdf_library
CMPD_5F099C45C895,6431022.sdf,/structures/6431022.sdf,sdf,pubchem_cid_filename,1.0,local_sdf_library
CMPD_2A0B1CE76C9D,6432025.sdf,/structures/6432025.sdf,sdf,pubchem_cid_filename,1.0,local_sdf_library
CMPD_5816D4A14015,6439941.sdf,/structures/6439941.sdf,sdf,pubchem_cid_filename,1.0,local_sdf_library
CMPD_7D6DAE8C8C8F,6474309.sdf,/structures/6474309.sdf,sdf,pubchem_cid_filename,1.0,local_sdf_library
CMPD_2728064E9169,6476773.sdf,/structures/6476773.sdf,sdf,pubchem_cid_filename,1.0,local_sdf_library
CMPD_132E051B8770,6479298.sdf,/structures/6479298.sdf,sdf,pubchem_cid_filename,1.0,local_sdf_library
CMPD_79381E2830EB,64971.sdf,/structures/64971.sdf,sdf,pubchem_cid_filename,1.0,local_sdf_library
CMPD_1A5A9969560F,6508.sdf,/structures/6508.sdf,sdf,pubchem_cid_filename,1.0,local_sdf_library
CMPD_1957D1BF06CA,65084.sdf,/structures/65084.sdf,sdf,pubchem_cid_filename,1.0,local_sdf_library
CMPD_10DED70E083F,65373.sdf,/structures/65373.sdf,sdf,pubchem_cid_filename,1.0,local_sdf_library
CMPD_F652B334FA5F,6549.sdf,/structures/6549.sdf,sdf,pubchem_cid_filename,1.0,local_sdf_library
CMPD_E9E8AFCF481D,68077.sdf,/structures/68077.sdf,sdf,pubchem_cid_filename,1.0,local_sdf_library
CMPD_9CF8E1276F63,688802.sdf,/structures/688802.sdf,sdf,pubchem_cid_filename,1.0,local_sdf_library
CMPD_1C7ACD168262,689043.sdf,/structures/689043.sdf,sdf,pubchem_cid_filename,1.0,local_sdf_library
CMPD_02DF994A58AC,6989.sdf,/structures/6989.sdf,sdf,pubchem_cid_filename,1.0,local_sdf_library
CMPD_708055C09F09,6_-O-Cinnamoylantirrinoside.sdf,/structures/6_-O-Cinnamoylantirrinoside.sdf,sdf,exact_normalized_name,1.0,local_sdf_library
CMPD_24A4598EB063,6_10-Dimethyl-2-undecanone.sdf,/structures/6_10-Dimethyl-2-undecanone.sdf,sdf,fuzzy_normalized_name,0.955,local_sdf_library
CMPD_24A4598EB063,6_10-dimethyl-undecan-2-one.sdf,/structures/6_10-dimethyl-undecan-2-one.sdf,sdf,exact_normalized_name,1.0,local_sdf_library
CMPD_4DA0E41DB6F4,6_10_14-trimethyl-2-pentadecanone.sdf,/structures/6_10_14-trimethyl-2-pentadecanone.sdf,sdf,fuzzy_normalized_name,0.964,local_sdf_library
CMPD_4DA0E41DB6F4,6_10_14-trimethyl-pentadecan-2-one.sdf,/structures/6_10_14-trimethyl-pentadecan-2-one.sdf,sdf,exact_normalized_name,1.0,local_sdf_library
CMPD_4DA0E41DB6F4,6_10_14-Trimethylpentadecan-2-one.sdf,/structures/6_10_14-Trimethylpentadecan-2-one.sdf,sdf,exact_normalized_name,1.0,local_sdf_library
CMPD_F443C39D5CE1,6_7-dihydroxycoumarin.sdf,/structures/6_7-dihydroxycoumarin.sdf,sdf,exact_normalized_name,1.0,local_sdf_library
CMPD_7389F97F6087,6_7-Dimethoxycoumarin.sdf,/structures/6_7-Dimethoxycoumarin.sdf,sdf,exact_normalized_name,1.0,local_sdf_library
CMPD_C277ABDEA838,6_8-di-C-methylkaempferol_3-methyl_ether.sdf,/structures/6_8-di-C-methylkaempferol_3-methyl_ether.sdf,sdf,exact_normalized_name,1.0,local_sdf_library
CMPD_C4F373E50B29,6__-O-Malonylisoorientin.sdf,/structures/6__-O-Malonylisoorientin.sdf,sdf,exact_normalized_name,1.0,local_sdf_library
CMPD_91A564C0C182,6beta-Hydroxylupanine.sdf,/structures/6beta-Hydroxylupanine.sdf,sdf,exact_normalized_name,1.0,local_sdf_library
CMPD_6B5F9E371027,6Z-farnesol.sdf,/structures/6Z-farnesol.sdf,sdf,exact_normalized_name,1.0,local_sdf_library
CMPD_362733FEBC11,7-Acetyllasiocarpine_N-oxide.sdf,/structures/7-Acetyllasiocarpine_N-oxide.sdf,sdf,fuzzy_normalized_name,0.98,local_sdf_library
CMPD_22885B504728,7-angeloylheliotridine.sdf,/structures/7-angeloylheliotridine.sdf,sdf,exact_normalized_name,1.0,local_sdf_library
CMPD_14CB9786DC55,7-hydroxycadalene.sdf,/structures/7-hydroxycadalene.sdf,sdf,exact_normalized_name,1.0,local_sdf_library
CMPD_D3EF176817C5,7-hydroxycoumarin.sdf,/structures/7-hydroxycoumarin.sdf,sdf,exact_normalized_name,1.0,local_sdf_library
CMPD_334A803E94A8,7-hydroxymatairesinol.sdf,/structures/7-hydroxymatairesinol.sdf,sdf,exact_normalized_name,1.0,local_sdf_library
CMPD_E28D01C81715,7-hydroxyoctanoic_acid.sdf,/structures/7-hydroxyoctanoic_acid.sdf,sdf,exact_normalized_name,1.0,local_sdf_library
CMPD_519C08B7D729,7-methoxycoumarin.sdf,/structures/7-methoxycoumarin.sdf,sdf,exact_normalized_name,1.0,local_sdf_library
CMPD_957C03ADA1C0,7-methyl-Z-tetradecen-1-ol_acetate.sdf,/structures/7-methyl-Z-tetradecen-1-ol_acetate.sdf,sdf,exact_normalized_name,1.0,local_sdf_library
CMPD_611E8AFCEFA1,7-O-Angeloyllycopsamine_N-oxide.sdf,/structures/7-O-Angeloyllycopsamine_N-oxide.sdf,sdf,exact_normalized_name,1.0,local_sdf_library
CMPD_6BE33789F6F7,7-O-Angeloylretronecine.sdf,/structures/7-O-Angeloylretronecine.sdf,sdf,exact_normalized_name,1.0,local_sdf_library
CMPD_0DE37831E810,7-O-methylaromadendrin.sdf,/structures/7-O-methylaromadendrin.sdf,sdf,exact_normalized_name,1.0,local_sdf_library
CMPD_076F07182628,7-oxo-15-hydroxydehydroabietic_acid.sdf,/structures/7-oxo-15-hydroxydehydroabietic_acid.sdf,sdf,exact_normalized_name,1.0,local_sdf_library
CMPD_E58BAB6D940C,7-oxomatairesinol.sdf,/structures/7-oxomatairesinol.sdf,sdf,exact_normalized_name,1.0,local_sdf_library
CMPD_A12D4011447F,7-phloroeckol.sdf,/structures/7-phloroeckol.sdf,sdf,exact_normalized_name,1.0,local_sdf_library
CMPD_CF400A407F5D,7028.sdf,/structures/7028.sdf,sdf,pubchem_cid_filename,1.0,local_sdf_library
CMPD_3ECB764CAC8F,7043.sdf,/structures/7043.sdf,sdf,pubchem_cid_filename,1.0,local_sdf_library
CMPD_7560B1804044,70697812.sdf,/structures/70697812.sdf,sdf,pubchem_cid_filename,1.0,local_sdf_library
CMPD_8DF64901930F,70699351.sdf,/structures/70699351.sdf,sdf,pubchem_cid_filename,1.0,local_sdf_library
CMPD_F089BC59E4D4,70759.sdf,/structures/70759.sdf,sdf,pubchem_cid_filename,1.0,local_sdf_library
CMPD_CAEBF4AF28BB,7127.sdf,/structures/7127.sdf,sdf,pubchem_cid_filename,1.0,local_sdf_library
CMPD_1EDCF06D5113,71587098.sdf,/structures/71587098.sdf,sdf,pubchem_cid_filename,1.0,local_sdf_library
CMPD_1CDCD95CA9E5,72188972.sdf,/structures/72188972.sdf,sdf,pubchem_cid_filename,1.0,local_sdf_library
CMPD_5900F8522CFA,72193646.sdf,/structures/72193646.sdf,sdf,pubchem_cid_filename,1.0,local_sdf_library
CMPD_77CCF5EB620C,72277.sdf,/structures/72277.sdf,sdf,pubchem_cid_filename,1.0,local_sdf_library
CMPD_8A787A67D712,72281.sdf,/structures/72281.sdf,sdf,pubchem_cid_filename,1.0,local_sdf_library
CMPD_E6BE0BC653D7,72724.sdf,/structures/72724.sdf,sdf,pubchem_cid_filename,1.0,local_sdf_library
CMPD_A5A145A6DDA6,73102629.sdf,/structures/73102629.sdf,sdf,pubchem_cid_filename,1.0,local_sdf_library
CMPD_3A892CE2F7AC,73352321.sdf,/structures/73352321.sdf,sdf,pubchem_cid_filename,1.0,local_sdf_library
CMPD_B43DB3300EE1,73404.sdf,/structures/73404.sdf,sdf,pubchem_cid_filename,1.0,local_sdf_library
CMPD_3B3796126638,73441.sdf,/structures/73441.sdf,sdf,pubchem_cid_filename,1.0,local_sdf_library
CMPD_68425041D6C8,73981563.sdf,/structures/73981563.sdf,sdf,pubchem_cid_filename,1.0,local_sdf_library
CMPD_5FADFE12DE56,7461.sdf,/structures/7461.sdf,sdf,pubchem_cid_filename,1.0,local_sdf_library
CMPD_8F07336D0049,74709.sdf,/structures/74709.sdf,sdf,pubchem_cid_filename,1.0,local_sdf_library
CMPD_6871D57F8B4C,7505.sdf,/structures/7505.sdf,sdf,pubchem_cid_filename,1.0,local_sdf_library
CMPD_4F4CCFA46C84,75253873.sdf,/structures/75253873.sdf,sdf,pubchem_cid_filename,1.0,local_sdf_library
CMPD_D45DED614341,75438.sdf,/structures/75438.sdf,sdf,pubchem_cid_filename,1.0,local_sdf_library
CMPD_C8218ECA699F,76242.sdf,/structures/76242.sdf,sdf,pubchem_cid_filename,1.0,local_sdf_library
CMPD_F3D842B35120,76573.sdf,/structures/76573.sdf,sdf,pubchem_cid_filename,1.0,local_sdf_library
CMPD_CFEBD4C4ACED,76922.sdf,/structures/76922.sdf,sdf,pubchem_cid_filename,1.0,local_sdf_library
CMPD_81F2D8051414,796857.sdf,/structures/796857.sdf,sdf,pubchem_cid_filename,1.0,local_sdf_library
CMPD_F73566513FE6,8-Chlorocatechin.sdf,/structures/8-Chlorocatechin.sdf,sdf,exact_normalized_name,1.0,local_sdf_library
CMPD_68614055EAD6,8-Deoxylactucin.sdf,/structures/8-Deoxylactucin.sdf,sdf,fuzzy_normalized_name,0.966,local_sdf_library
CMPD_320F4D9BB2AD,8-Epiatractylenolide_III.sdf,/structures/8-Epiatractylenolide_III.sdf,sdf,exact_normalized_name,1.0,local_sdf_library
CMPD_065D07776CAD,8-epiloganic_acid.sdf,/structures/8-epiloganic_acid.sdf,sdf,exact_normalized_name,1.0,local_sdf_library
CMPD_6EF6B2991480,8-epiloganin.sdf,/structures/8-epiloganin.sdf,sdf,exact_normalized_name,1.0,local_sdf_library
CMPD_E1655297417C,8-Formyl-7-hydroxy-5-isopropyl-2-methoxy-3-methyl-1_4-naphthoquinone.sdf,/structures/8-Formyl-7-hydroxy-5-isopropyl-2-methoxy-3-methyl-1_4-naphthoquinone.sdf,sdf,exact_normalized_name,1.0,local_sdf_library
CMPD_6B5FB7624F0C,8-geranyloxypsoralen.sdf,/structures/8-geranyloxypsoralen.sdf,sdf,exact_normalized_name,1.0,local_sdf_library
CMPD_09FF51B0BBAC,8-heptadecene.sdf,/structures/8-heptadecene.sdf,sdf,exact_normalized_name,1.0,local_sdf_library
CMPD_4A7BCDF221F5,8-hydroxy-5-methoxypsoralen.sdf,/structures/8-hydroxy-5-methoxypsoralen.sdf,sdf,exact_normalized_name,1.0,local_sdf_library
CMPD_36CE5123A20C,8-hydroxylinalool.sdf,/structures/8-hydroxylinalool.sdf,sdf,exact_normalized_name,1.0,local_sdf_library
CMPD_28CD6E1CF085,8-methoxyeriodictyol.sdf,/structures/8-methoxyeriodictyol.sdf,sdf,exact_normalized_name,1.0,local_sdf_library
CMPD_A10791F5EC52,8-Methoxykaempferol_3-O-glucoside.sdf,/structures/8-Methoxykaempferol_3-O-glucoside.sdf,sdf,exact_normalized_name,1.0,local_sdf_library
CMPD_BF0FC60E2EBF,8-Methoxypsoralen.sdf,/structures/8-Methoxypsoralen.sdf,sdf,exact_normalized_name,1.0,local_sdf_library
CMPD_0D06456BE3E4,8-methyldecanal.sdf,/structures/8-methyldecanal.sdf,sdf,exact_normalized_name,1.0,local_sdf_library
CMPD_2A0B1CE76C9D,81585.sdf,/structures/81585.sdf,sdf,pubchem_cid_filename,1.0,local_sdf_library
CMPD_3C51386F937C,85788.sdf,/structures/85788.sdf,sdf,pubchem_cid_filename,1.0,local_sdf_library
CMPD_158F4A17E760,87252445.sdf,/structures/87252445.sdf,sdf,pubchem_cid_filename,1.0,local_sdf_library
CMPD_48300207C520,89385.sdf,/structures/89385.sdf,sdf,pubchem_cid_filename,1.0,local_sdf_library
CMPD_97A1C8060A48,89640.sdf,/structures/89640.sdf,sdf,pubchem_cid_filename,1.0,local_sdf_library
CMPD_C2E884C7F9CC,8_9-epoxyparthenolide.sdf,/structures/8_9-epoxyparthenolide.sdf,sdf,exact_normalized_name,1.0,local_sdf_library
CMPD_23354F9B8AC6,9-_2_3-dihydroxypropoxy_-9-oxononanoic_acid.sdf,/structures/9-_2_3-dihydroxypropoxy_-9-oxononanoic_acid.sdf,sdf,exact_normalized_name,1.0,local_sdf_library
CMPD_2572FB4C78BB,9-Eicosene.sdf,/structures/9-Eicosene.sdf,sdf,exact_normalized_name,1.0,local_sdf_library
CMPD_CA9E2B8A166C,9-hexadecenoic_acid.sdf,/structures/9-hexadecenoic_acid.sdf,sdf,exact_normalized_name,1.0,local_sdf_library
CMPD_9252C910A17D,9-hydroxydecanoic_acid.sdf,/structures/9-hydroxydecanoic_acid.sdf,sdf,exact_normalized_name,1.0,local_sdf_library
CMPD_62A9D84009AB,9-hydroxylinalyl_glucoside.sdf,/structures/9-hydroxylinalyl_glucoside.sdf,sdf,fuzzy_normalized_name,0.98,local_sdf_library
CMPD_332F6C1659B6,9-octadecen-1-ol.sdf,/structures/9-octadecen-1-ol.sdf,sdf,exact_normalized_name,1.0,local_sdf_library
CMPD_DD619F2DDA63,9-octadecen-12-ynoic_acid.sdf,/structures/9-octadecen-12-ynoic_acid.sdf,sdf,exact_normalized_name,1.0,local_sdf_library
CMPD_AB71032B4641,9-Octadecenedioic_acid.sdf,/structures/9-Octadecenedioic_acid.sdf,sdf,fuzzy_normalized_name,0.95,local_sdf_library
CMPD_922CA476D854,9-oxabicyclononane.sdf,/structures/9-oxabicyclononane.sdf,sdf,exact_normalized_name,1.0,local_sdf_library
CMPD_E6EF77687341,9-oxodecanoic_acid.sdf,/structures/9-oxodecanoic_acid.sdf,sdf,exact_normalized_name,1.0,local_sdf_library
CMPD_CEA92657F22A,90116889.sdf,/structures/90116889.sdf,sdf,pubchem_cid_filename,1.0,local_sdf_library
CMPD_2C04C1F0F86E,90470732.sdf,/structures/90470732.sdf,sdf,pubchem_cid_filename,1.0,local_sdf_library
CMPD_409A7E3661DE,9064.sdf,/structures/9064.sdf,sdf,pubchem_cid_filename,1.0,local_sdf_library
CMPD_2714B834C1A8,91459.sdf,/structures/91459.sdf,sdf,pubchem_cid_filename,1.0,local_sdf_library
CMPD_2714B834C1A8,91520.sdf,/structures/91520.sdf,sdf,pubchem_cid_filename,1.0,local_sdf_library
CMPD_AE97DFEF8EED,91666318.sdf,/structures/91666318.sdf,sdf,pubchem_cid_filename,1.0,local_sdf_library
CMPD_CC0D56AC6BAD,91746712.sdf,/structures/91746712.sdf,sdf,pubchem_cid_filename,1.0,local_sdf_library
CMPD_02D2A423E8B9,92105.sdf,/structures/92105.sdf,sdf,pubchem_cid_filename,1.0,local_sdf_library
CMPD_9995A64E3D1C,92131.sdf,/structures/92131.sdf,sdf,pubchem_cid_filename,1.0,local_sdf_library
CMPD_0AFAD346A17D,92203.sdf,/structures/92203.sdf,sdf,pubchem_cid_filename,1.0,local_sdf_library
CMPD_D4FCCA6017D9,92982622.sdf,/structures/92982622.sdf,sdf,pubchem_cid_filename,1.0,local_sdf_library
CMPD_F87708FFB32B,92987.sdf,/structures/92987.sdf,sdf,pubchem_cid_filename,1.0,local_sdf_library
CMPD_FA5B1F74572D,93231.sdf,/structures/93231.sdf,sdf,pubchem_cid_filename,1.0,local_sdf_library
CMPD_040D246AC420,938.sdf,/structures/938.sdf,sdf,pubchem_cid_filename,1.0,local_sdf_library
CMPD_7C40321746ED,9548714.sdf,/structures/9548714.sdf,sdf,pubchem_cid_filename,1.0,local_sdf_library
CMPD_5FCA66FAF234,9601115.sdf,/structures/9601115.sdf,sdf,pubchem_cid_filename,1.0,local_sdf_library
CMPD_003F6EA7728C,9798666.sdf,/structures/9798666.sdf,sdf,pubchem_cid_filename,1.0,local_sdf_library
CMPD_FE10E0187248,9799386.sdf,/structures/9799386.sdf,sdf,pubchem_cid_filename,1.0,local_sdf_library
CMPD_D9C3D8889ED5,9825442.sdf,/structures/9825442.sdf,sdf,pubchem_cid_filename,1.0,local_sdf_library
CMPD_7A9B4F722009,985.sdf,/structures/985.sdf,sdf,pubchem_cid_filename,1.0,local_sdf_library
CMPD_A50D1DC825A4,9872976.sdf,/structures/9872976.sdf,sdf,pubchem_cid_filename,1.0,local_sdf_library
CMPD_D9F24887616A,9917980.sdf,/structures/9917980.sdf,sdf,pubchem_cid_filename,1.0,local_sdf_library
CMPD_D4FCCA6017D9,99904.sdf,/structures/99904.sdf,sdf,pubchem_cid_filename,1.0,local_sdf_library
CMPD_27C2C6EFDC5E,9_12-octadecadienoic_acid_methyl_ester.sdf,/structures/9_12-octadecadienoic_acid_methyl_ester.sdf,sdf,exact_normalized_name,1.0,local_sdf_library
CMPD_158F4A17E760,9_12_13-Trihydroxyoctadeca-10-enoic_acid.sdf,/structures/9_12_13-Trihydroxyoctadeca-10-enoic_acid.sdf,sdf,fuzzy_normalized_name,0.925,local_sdf_library
CMPD_64980D181718,9_12_15-Octadecatrien-1-ol.sdf,/structures/9_12_15-Octadecatrien-1-ol.sdf,sdf,exact_normalized_name,1.0,local_sdf_library
CMPD_64980D181718,9_12_15-octadecatrien-1-ol_Z_Z_Z.sdf,/structures/9_12_15-octadecatrien-1-ol_Z_Z_Z.sdf,sdf,fuzzy_normalized_name,0.933,local_sdf_library
CMPD_301377D6F915,9_12_15-octadecatrienoic_acid.sdf,/structures/9_12_15-octadecatrienoic_acid.sdf,sdf,exact_normalized_name,1.0,local_sdf_library
CMPD_587814A9C711,9_12_15-octadecatrienoic_acid_ethyl_ester.sdf,/structures/9_12_15-octadecatrienoic_acid_ethyl_ester.sdf,sdf,exact_normalized_name,1.0,local_sdf_library
CMPD_8CF1DFB83473,9_12_15-octadecatrienoic_acid_methyl_ester.sdf,/structures/9_12_15-octadecatrienoic_acid_methyl_ester.sdf,sdf,exact_normalized_name,1.0,local_sdf_library
CMPD_2FA50A2284D8,9_19-cyclolanost-23E-ene-3_25-diol.sdf,/structures/9_19-cyclolanost-23E-ene-3_25-diol.sdf,sdf,exact_normalized_name,1.0,local_sdf_library
CMPD_200B872FE88D,9_9-dimethoxybicyclo_3.3.1_nona-2_4-dione.sdf,/structures/9_9-dimethoxybicyclo_3.3.1_nona-2_4-dione.sdf,sdf,exact_normalized_name,1.0,local_sdf_library
CMPD_42B62C069EFB,9alpha-Hydroxyatractylenolide.sdf,/structures/9alpha-Hydroxyatractylenolide.sdf,sdf,fuzzy_normalized_name,0.902,local_sdf_library
CMPD_5FF5BE0DDA43,9Z_12Z-octadecadienoic_acid.sdf,/structures/9Z_12Z-octadecadienoic_acid.sdf,sdf,exact_normalized_name,1.0,local_sdf_library
CMPD_5622D5AD9DAD,_-_-Drimenin.sdf,/structures/_-_-Drimenin.sdf,sdf,exact_normalized_name,1.0,local_sdf_library
CMPD_45159847FD2C,_-_-lyoniresinol.sdf,/structures/_-_-lyoniresinol.sdf,sdf,exact_normalized_name,1.0,local_sdf_library
CMPD_7F6A56AADED7,_-_-neoechinulin_A.sdf,/structures/_-_-neoechinulin_A.sdf,sdf,exact_normalized_name,1.0,local_sdf_library
CMPD_6736584FF35F,_1_2_4_triazolo_1_5-a_pyrimidin-7-ol.sdf,/structures/_1_2_4_triazolo_1_5-a_pyrimidin-7-ol.sdf,sdf,exact_normalized_name,1.0,local_sdf_library
CMPD_B9F2EB28442B,_1_2_5_Thiadiazolo_3_4-d_pyrimidin-7-amine.sdf,/structures/_1_2_5_Thiadiazolo_3_4-d_pyrimidin-7-amine.sdf,sdf,exact_normalized_name,1.0,local_sdf_library
CMPD_9DE775FC20A6,_1S_2R_-2_8_8-trimethyl-2-vinyl-1_2_3_4_5_6_7_8-octahydrophenanthrene-1_9_10-triol.sdf,/structures/_1S_2R_-2_8_8-trimethyl-2-vinyl-1_2_3_4_5_6_7_8-octahydrophenanthrene-1_9_10-triol.sdf,sdf,exact_normalized_name,1.0,local_sdf_library
CMPD_B995F049DA9B,_2E_4E_-N-Tyramide.sdf,/structures/_2E_4E_-N-Tyramide.sdf,sdf,exact_normalized_name,1.0,local_sdf_library
CMPD_17B4475039EE,_2E_6E_-farnesol.sdf,/structures/_2E_6E_-farnesol.sdf,sdf,exact_normalized_name,1.0,local_sdf_library
CMPD_515A58D2C564,_2E_6E_-Farnesyl_acetate.sdf,/structures/_2E_6E_-Farnesyl_acetate.sdf,sdf,exact_normalized_name,1.0,local_sdf_library
CMPD_474DF4F20EEC,_2S_-5_3__4_-trihydroxy-7-methoxyflavanone.sdf,/structures/_2S_-5_3__4_-trihydroxy-7-methoxyflavanone.sdf,sdf,exact_normalized_name,1.0,local_sdf_library
CMPD_753465EBF238,_2Z_6E_-farnesol.sdf,/structures/_2Z_6E_-farnesol.sdf,sdf,exact_normalized_name,1.0,local_sdf_library
CMPD_AB51A3031EC6,_3E_13E_-octadeca-3_13-dien-1-ol.sdf,/structures/_3E_13E_-octadeca-3_13-dien-1-ol.sdf,sdf,exact_normalized_name,1.0,local_sdf_library
CMPD_64987E9BA438,_3E_5Z_-octa-3_5-dien-2-one.sdf,/structures/_3E_5Z_-octa-3_5-dien-2-one.sdf,sdf,exact_normalized_name,1.0,local_sdf_library
CMPD_6632CCAE0F95,_3Z_-hex-3-en-1-ol.sdf,/structures/_3Z_-hex-3-en-1-ol.sdf,sdf,exact_normalized_name,1.0,local_sdf_library
CMPD_5F099C45C895,_4aS_7S_7aS_-4_7-dimethyl-5_6_7_7a-tetrahydrocyclopenta_c_pyran-1-one.sdf,/structures/_4aS_7S_7aS_-4_7-dimethyl-5_6_7_7a-tetrahydrocyclopenta_c_pyran-1-one.sdf,sdf,fuzzy_normalized_name,0.954,local_sdf_library
CMPD_F1A102F106FA,_6E_-Farnesyl_acetone.sdf,/structures/_6E_-Farnesyl_acetone.sdf,sdf,exact_normalized_name,1.0,local_sdf_library
CMPD_A3D96D715921,_6S_9R_-roseoside.sdf,/structures/_6S_9R_-roseoside.sdf,sdf,exact_normalized_name,1.0,local_sdf_library
CMPD_ECEF2D75C938,_6Z_-Farnesal.sdf,/structures/_6Z_-Farnesal.sdf,sdf,exact_normalized_name,1.0,local_sdf_library
CMPD_51F70286217B,_9Z_-Farnesyl_acetone.sdf,/structures/_9Z_-Farnesyl_acetone.sdf,sdf,exact_normalized_name,1.0,local_sdf_library
CMPD_372775AD45BF,___-Aromadendrin.sdf,/structures/___-Aromadendrin.sdf,sdf,exact_normalized_name,1.0,local_sdf_library
CMPD_409A7E3661DE,___-catechin.sdf,/structures/___-catechin.sdf,sdf,exact_normalized_name,1.0,local_sdf_library
CMPD_027D4F2DEFD1,___-isolariciresinol.sdf,/structures/___-isolariciresinol.sdf,sdf,exact_normalized_name,1.0,local_sdf_library
CMPD_0CE312340904,___-Sesamin.sdf,/structures/___-Sesamin.sdf,sdf,exact_normalized_name,1.0,local_sdf_library
CMPD_CC84D1A1FE7C,___-Syringaresinol-4_-O-beta-D-glucoside.sdf,/structures/___-Syringaresinol-4_-O-beta-D-glucoside.sdf,sdf,exact_normalized_name,1.0,local_sdf_library
CMPD_7729BCC80DE3,___-Taxifolin.sdf,/structures/___-Taxifolin.sdf,sdf,exact_normalized_name,1.0,local_sdf_library
CMPD_CEA04EF1D070,_E_-2-Decen-1-ol.sdf,/structures/_E_-2-Decen-1-ol.sdf,sdf,exact_normalized_name,1.0,local_sdf_library
CMPD_3F45347CC6BB,_E_-2-Heptenoic_acid.sdf,/structures/_E_-2-Heptenoic_acid.sdf,sdf,exact_normalized_name,1.0,local_sdf_library
CMPD_F1C9FAB68072,_E_-2-hexenyl_acetate.sdf,/structures/_E_-2-hexenyl_acetate.sdf,sdf,fuzzy_normalized_name,0.938,local_sdf_library
CMPD_DC61805681C8,_E_-4-Hydroxycinnamic_acid.sdf,/structures/_E_-4-Hydroxycinnamic_acid.sdf,sdf,exact_normalized_name,1.0,local_sdf_library
CMPD_8C7C0F8C35C9,_E_-ajoene.sdf,/structures/_E_-ajoene.sdf,sdf,exact_normalized_name,1.0,local_sdf_library
CMPD_3A31D0AA35FB,_E_-alpha-Bergamotene.sdf,/structures/_E_-alpha-Bergamotene.sdf,sdf,fuzzy_normalized_name,0.97,local_sdf_library
CMPD_4E2496CFF9F5,_E_-alpha-Bergamotol.sdf,/structures/_E_-alpha-Bergamotol.sdf,sdf,exact_normalized_name,1.0,local_sdf_library
CMPD_0D085F023C36,_E_-anethol.sdf,/structures/_E_-anethol.sdf,sdf,exact_normalized_name,1.0,local_sdf_library
CMPD_DEC645972947,_E_-beta-Bergamotene.sdf,/structures/_E_-beta-Bergamotene.sdf,sdf,exact_normalized_name,1.0,local_sdf_library
CMPD_05F7F2B1BF01,_E_-beta-farnesene.sdf,/structures/_E_-beta-farnesene.sdf,sdf,exact_normalized_name,1.0,local_sdf_library
CMPD_4786077AA1D5,_E_-beta-ocimene.sdf,/structures/_E_-beta-ocimene.sdf,sdf,exact_normalized_name,1.0,local_sdf_library
CMPD_326FD40FA813,_E_-caryophyllene.sdf,/structures/_E_-caryophyllene.sdf,sdf,exact_normalized_name,1.0,local_sdf_library
CMPD_24EF4B2143A4,_E_-gamma-Bisabolene.sdf,/structures/_E_-gamma-Bisabolene.sdf,sdf,exact_normalized_name,1.0,local_sdf_library
CMPD_92EA482C29B8,_E_-geranyl_geraniol.sdf,/structures/_E_-geranyl_geraniol.sdf,sdf,exact_normalized_name,1.0,local_sdf_library
CMPD_0B88A287FF2F,_E_-nerolidol.sdf,/structures/_E_-nerolidol.sdf,sdf,exact_normalized_name,1.0,local_sdf_library
CMPD_6510359CC631,_E_-Phytol.sdf,/structures/_E_-Phytol.sdf,sdf,exact_normalized_name,1.0,local_sdf_library
CMPD_C9914BCD5DBE,_E_-tagetenone.sdf,/structures/_E_-tagetenone.sdf,sdf,exact_normalized_name,1.0,local_sdf_library
CMPD_05F7F2B1BF01,_E_-β_farnesene.sdf,/structures/_E_-β_farnesene.sdf,sdf,exact_normalized_name,1.0,local_sdf_library
CMPD_6A678BDC8270,_E_E_-farnesol.sdf,/structures/_E_E_-farnesol.sdf,sdf,exact_normalized_name,1.0,local_sdf_library
CMPD_5199266BD7C4,_R_-Limonene.sdf,/structures/_R_-Limonene.sdf,sdf,fuzzy_normalized_name,0.941,local_sdf_library
CMPD_B39E988156A7,_S_-Menthiafolic_acid.sdf,/structures/_S_-Menthiafolic_acid.sdf,sdf,exact_normalized_name,1.0,local_sdf_library
CMPD_2FA09F58AA59,_S_-Sakuranetin.sdf,/structures/_S_-Sakuranetin.sdf,sdf,fuzzy_normalized_name,0.957,local_sdf_library
CMPD_1BCFD1541A86,_Z_-3-hexenol.sdf,/structures/_Z_-3-hexenol.sdf,sdf,exact_normalized_name,1.0,local_sdf_library
CMPD_5398233C53CC,_Z_-3-hexenyl_formate.sdf,/structures/_Z_-3-hexenyl_formate.sdf,sdf,exact_normalized_name,1.0,local_sdf_library
CMPD_2DC0722F7F29,_Z_-6-pentadecen-2-one.sdf,/structures/_Z_-6-pentadecen-2-one.sdf,sdf,exact_normalized_name,1.0,local_sdf_library
CMPD_1C2239EF71DE,_Z_-ajoene.sdf,/structures/_Z_-ajoene.sdf,sdf,exact_normalized_name,1.0,local_sdf_library
CMPD_435B2ED158D2,_Z_-alpha-trans-Bergamotol.sdf,/structures/_Z_-alpha-trans-Bergamotol.sdf,sdf,fuzzy_normalized_name,0.976,local_sdf_library
CMPD_7F4EDD425551,_Z_-beta-Farnesene.sdf,/structures/_Z_-beta-Farnesene.sdf,sdf,exact_normalized_name,1.0,local_sdf_library
CMPD_3FCE840581C4,_Z_-Caryophyllene.sdf,/structures/_Z_-Caryophyllene.sdf,sdf,exact_normalized_name,1.0,local_sdf_library
CMPD_8252EE60F4E0,_Z_-Chrysanthenyl_acetate.sdf,/structures/_Z_-Chrysanthenyl_acetate.sdf,sdf,exact_normalized_name,1.0,local_sdf_library
CMPD_900796DC2A34,_Z_-Falcarinol.sdf,/structures/_Z_-Falcarinol.sdf,sdf,exact_normalized_name,1.0,local_sdf_library
CMPD_1BCFD1541A86,_Z_-hex-3-en-1-ol.sdf,/structures/_Z_-hex-3-en-1-ol.sdf,sdf,exact_normalized_name,1.0,local_sdf_library
CMPD_A83ECB9A2E3A,_Z_-Phytol.sdf,/structures/_Z_-Phytol.sdf,sdf,exact_normalized_name,1.0,local_sdf_library
CMPD_5DA8936CB451,_Z_-Propanethial_S-oxide.sdf,/structures/_Z_-Propanethial_S-oxide.sdf,sdf,fuzzy_normalized_name,0.973,local_sdf_library
CMPD_FA7DAFCCF83E,_Z_-tagetenone.sdf,/structures/_Z_-tagetenone.sdf,sdf,exact_normalized_name,1.0,local_sdf_library
CMPD_461AA3B9E3DE,_Z_-Tagetone.sdf,/structures/_Z_-Tagetone.sdf,sdf,exact_normalized_name,1.0,local_sdf_library
CMPD_47DA86549F71,_Z_-trans-alpha-Bergamotol.sdf,/structures/_Z_-trans-alpha-Bergamotol.sdf,sdf,exact_normalized_name,1.0,local_sdf_library
CMPD_AAE58A1799AC,_Z_Z_-alpha-Farnesene.sdf,/structures/_Z_Z_-alpha-Farnesene.sdf,sdf,exact_normalized_name,1.0,local_sdf_library
CMPD_24E4CECC2935,_Z_Z_-Farnesol.sdf,/structures/_Z_Z_-Farnesol.sdf,sdf,fuzzy_normalized_name,0.9,local_sdf_library
CMPD_0D642355D549,_Z_Z_Z_-9_12_15-octadecatrienoic_acid.sdf,/structures/_Z_Z_Z_-9_12_15-octadecatrienoic_acid.sdf,sdf,exact_normalized_name,1.0,local_sdf_library
CMPD_16F275A42432,a-amyrin.sdf,/structures/a-amyrin.sdf,sdf,fuzzy_normalized_name,0.923,local_sdf_library
CMPD_566F99D26BB6,a-pinene.sdf,/structures/a-pinene.sdf,sdf,exact_normalized_name,1.0,local_sdf_library
CMPD_5F21CD9B2DD0,a-selinene.sdf,/structures/a-selinene.sdf,sdf,exact_normalized_name,1.0,local_sdf_library
CMPD_4F2297C6A00E,a-spinasterol.sdf,/structures/a-spinasterol.sdf,sdf,exact_normalized_name,1.0,local_sdf_library
CMPD_E06A51913FA6,Abietadiene.sdf,/structures/Abietadiene.sdf,sdf,exact_normalized_name,1.0,local_sdf_library
CMPD_06E3DA9A727B,abietatriene.sdf,/structures/abietatriene.sdf,sdf,exact_normalized_name,1.0,local_sdf_library
CMPD_54D911BA0EF2,Abietin.sdf,/structures/Abietin.sdf,sdf,exact_normalized_name,1.0,local_sdf_library
CMPD_3EA9EDAA7C01,abietol.sdf,/structures/abietol.sdf,sdf,exact_normalized_name,1.0,local_sdf_library
CMPD_14A65DF12BD0,Abyssinoflavanone_VII.sdf,/structures/Abyssinoflavanone_VII.sdf,sdf,exact_normalized_name,1.0,local_sdf_library
CMPD_79CA4B57EA10,acacetin-7-O-glucoside.sdf,/structures/acacetin-7-O-glucoside.sdf,sdf,exact_normalized_name,1.0,local_sdf_library
CMPD_74F3D10D1F07,Acacetin-7-O-rutinoside.sdf,/structures/Acacetin-7-O-rutinoside.sdf,sdf,exact_normalized_name,1.0,local_sdf_library
CMPD_0E3EB14F06F4,Acacetin.sdf,/structures/Acacetin.sdf,sdf,exact_normalized_name,1.0,local_sdf_library
CMPD_04872934D466,Acetic_acid.sdf,/structures/Acetic_acid.sdf,sdf,fuzzy_normalized_name,0.9,local_sdf_library
CMPD_0F4A2EF636D0,acetic_acid_decyl_ester.sdf,/structures/acetic_acid_decyl_ester.sdf,sdf,exact_normalized_name,1.0,local_sdf_library
CMPD_CA3B4A87BF17,Acetone.sdf,/structures/Acetone.sdf,sdf,exact_normalized_name,1.0,local_sdf_library
CMPD_711480778320,Acetophenone.sdf,/structures/Acetophenone.sdf,sdf,exact_normalized_name,1.0,local_sdf_library
CMPD_1AA1473A0FA1,Acetoxyferutinin.sdf,/structures/Acetoxyferutinin.sdf,sdf,exact_normalized_name,1.0,local_sdf_library
CMPD_C0B6EAAC8B94,acetoxypinoresinol.sdf,/structures/acetoxypinoresinol.sdf,sdf,exact_normalized_name,1.0,local_sdf_library
CMPD_2417EB11DECF,Acetyl-11-keto-beta-boswellic_acid.sdf,/structures/Acetyl-11-keto-beta-boswellic_acid.sdf,sdf,exact_normalized_name,1.0,local_sdf_library
CMPD_14C5CA668CFE,Acetyl-beta-boswellic_acid.sdf,/structures/Acetyl-beta-boswellic_acid.sdf,sdf,exact_normalized_name,1.0,local_sdf_library
CMPD_14C5CA668CFE,Acetyl_β-boswellic_acid.sdf,/structures/Acetyl_β-boswellic_acid.sdf,sdf,exact_normalized_name,1.0,local_sdf_library
CMPD_6F91F5A03912,Acetylsalicylic_acid.sdf,/structures/Acetylsalicylic_acid.sdf,sdf,exact_normalized_name,1.0,local_sdf_library
CMPD_2240E4D1EC35,Aconitic_acid.sdf,/structures/Aconitic_acid.sdf,sdf,exact_normalized_name,1.0,local_sdf_library
CMPD_DEEF5E8CDF6F,acridin-9-amine.sdf,/structures/acridin-9-amine.sdf,sdf,exact_normalized_name,1.0,local_sdf_library
CMPD_C74ABB67268C,Acroptilin.sdf,/structures/Acroptilin.sdf,sdf,fuzzy_normalized_name,0.952,local_sdf_library
CMPD_646E9D24A46B,Acteoside.sdf,/structures/Acteoside.sdf,sdf,exact_normalized_name,1.0,local_sdf_library
CMPD_2773B08D97A1,Aculebiphenyl_A.sdf,/structures/Aculebiphenyl_A.sdf,sdf,exact_normalized_name,1.0,local_sdf_library
CMPD_53FA398EC2CC,Aculebiphenyl_B.sdf,/structures/Aculebiphenyl_B.sdf,sdf,exact_normalized_name,1.0,local_sdf_library
CMPD_EFC6AE6D33AF,Acutissimin_A.sdf,/structures/Acutissimin_A.sdf,sdf,fuzzy_normalized_name,0.957,local_sdf_library
CMPD_504C7768541A,Adenosine.sdf,/structures/Adenosine.sdf,sdf,exact_normalized_name,1.0,local_sdf_library
CMPD_D98F6DE6BA3D,adigoside.sdf,/structures/adigoside.sdf,sdf,exact_normalized_name,1.0,local_sdf_library
CMPD_23889C793D16,adlumidiceine.sdf,/structures/adlumidiceine.sdf,sdf,exact_normalized_name,1.0,local_sdf_library
CMPD_7287E6FEBA23,adlumine.sdf,/structures/adlumine.sdf,sdf,exact_normalized_name,1.0,local_sdf_library
CMPD_FC1BC504E0AF,Adynerin.sdf,/structures/Adynerin.sdf,sdf,exact_normalized_name,1.0,local_sdf_library
CMPD_07CB36D87691,Aesculetin.sdf,/structures/Aesculetin.sdf,sdf,exact_normalized_name,1.0,local_sdf_library
CMPD_F01E35B4FE0B,aesculin.sdf,/structures/aesculin.sdf,sdf,exact_normalized_name,1.0,local_sdf_library
CMPD_7B80D285B345,Afrocyclamin_B.sdf,/structures/Afrocyclamin_B.sdf,sdf,exact_normalized_name,1.0,local_sdf_library
CMPD_B09E4FBFDCF3,Afrormosin.sdf,/structures/Afrormosin.sdf,sdf,exact_normalized_name,1.0,local_sdf_library
CMPD_2B2978161CD1,Afzelin.sdf,/structures/Afzelin.sdf,sdf,exact_normalized_name,1.0,local_sdf_library
CMPD_B3792AF9401E,agarospirol.sdf,/structures/agarospirol.sdf,sdf,exact_normalized_name,1.0,local_sdf_library
CMPD_AED7DCFA352B,Agatholic_acid.sdf,/structures/Agatholic_acid.sdf,sdf,exact_normalized_name,1.0,local_sdf_library
CMPD_4566D144B2CA,Agnucastoside_A.sdf,/structures/Agnucastoside_A.sdf,sdf,exact_normalized_name,1.0,local_sdf_library
CMPD_69FCC0D00F30,Aguerin_B.sdf,/structures/Aguerin_B.sdf,sdf,exact_normalized_name,1.0,local_sdf_library
CMPD_A4714D990113,Ajoene.sdf,/structures/Ajoene.sdf,sdf,exact_normalized_name,1.0,local_sdf_library
CMPD_AA718255E746,ajugol.sdf,/structures/ajugol.sdf,sdf,exact_normalized_name,1.0,local_sdf_library
CMPD_55C5CE37B75A,Akhdarenol.sdf,/structures/Akhdarenol.sdf,sdf,exact_normalized_name,1.0,local_sdf_library
CMPD_141A1AC12151,Alangionoside_E.sdf,/structures/Alangionoside_E.sdf,sdf,exact_normalized_name,1.0,local_sdf_library
CMPD_E6BE0BC653D7,Alantolactone.sdf,/structures/Alantolactone.sdf,sdf,exact_normalized_name,1.0,local_sdf_library
CMPD_7E7E20D26A0E,Alaternoside_A.sdf,/structures/Alaternoside_A.sdf,sdf,exact_normalized_name,1.0,local_sdf_library
CMPD_E8A48D724CD3,Alaternoside_B.sdf,/structures/Alaternoside_B.sdf,sdf,fuzzy_normalized_name,0.963,local_sdf_library
CMPD_21674AFC2019,alismol.sdf,/structures/alismol.sdf,sdf,exact_normalized_name,1.0,local_sdf_library
CMPD_19FE161BE7E9,Alizarin.sdf,/structures/Alizarin.sdf,sdf,exact_normalized_name,1.0,local_sdf_library
CMPD_B416EF7CA099,all-trans-beta-carotene.sdf,/structures/all-trans-beta-carotene.sdf,sdf,exact_normalized_name,1.0,local_sdf_library
CMPD_36ACBB3CF889,all-trans-zeaxanthin.sdf,/structures/all-trans-zeaxanthin.sdf,sdf,exact_normalized_name,1.0,local_sdf_library
CMPD_1CC641954099,Allantoin.sdf,/structures/Allantoin.sdf,sdf,exact_normalized_name,1.0,local_sdf_library
CMPD_8B775AA90FE2,Allicin.sdf,/structures/Allicin.sdf,sdf,exact_normalized_name,1.0,local_sdf_library
CMPD_1955AC9B7325,Alliin.sdf,/structures/Alliin.sdf,sdf,exact_normalized_name,1.0,local_sdf_library
CMPD_19FE067D9EB3,allo-aromadendrene.sdf,/structures/allo-aromadendrene.sdf,sdf,exact_normalized_name,1.0,local_sdf_library
CMPD_0FAD89B38D57,Allo-ocimene.sdf,/structures/Allo-ocimene.sdf,sdf,exact_normalized_name,1.0,local_sdf_library
CMPD_19FE067D9EB3,Alloaromadendrene.sdf,/structures/Alloaromadendrene.sdf,sdf,exact_normalized_name,1.0,local_sdf_library
CMPD_287E498189F0,Allotaraxerolide.sdf,/structures/Allotaraxerolide.sdf,sdf,exact_normalized_name,1.0,local_sdf_library
CMPD_57D8FB57F224,Allyl_isothiocyanate.sdf,/structures/Allyl_isothiocyanate.sdf,sdf,exact_normalized_name,1.0,local_sdf_library
CMPD_B39C0CFC6535,Allyl_thiocyanate.sdf,/structures/Allyl_thiocyanate.sdf,sdf,exact_normalized_name,1.0,local_sdf_library
CMPD_C4ED70BDF454,allylglucosinolate.sdf,/structures/allylglucosinolate.sdf,sdf,exact_normalized_name,1.0,local_sdf_library
CMPD_6F3148D6FE56,Aloe-emodin.sdf,/structures/Aloe-emodin.sdf,sdf,exact_normalized_name,1.0,local_sdf_library
CMPD_0BE40C16F262,Aloe-emodin_acetate.sdf,/structures/Aloe-emodin_acetate.sdf,sdf,fuzzy_normalized_name,0.97,local_sdf_library
CMPD_6F3148D6FE56,Aloe_emodin.sdf,/structures/Aloe_emodin.sdf,sdf,exact_normalized_name,1.0,local_sdf_library
CMPD_B5A5206F92D4,aloesaponarin_II.sdf,/structures/aloesaponarin_II.sdf,sdf,exact_normalized_name,1.0,local_sdf_library
CMPD_41683E7BAE24,alpha-Acorenol.sdf,/structures/alpha-Acorenol.sdf,sdf,exact_normalized_name,1.0,local_sdf_library
CMPD_0824536E3D6C,Alpha-adenosine.sdf,/structures/Alpha-adenosine.sdf,sdf,exact_normalized_name,1.0,local_sdf_library
CMPD_05BCA8B37376,Alpha-amyrin.sdf,/structures/Alpha-amyrin.sdf,sdf,exact_normalized_name,1.0,local_sdf_library
CMPD_5A49C0881273,alpha-Amyrin_acetate.sdf,/structures/alpha-Amyrin_acetate.sdf,sdf,exact_normalized_name,1.0,local_sdf_library
CMPD_9CA7B66E60CC,alpha-Asarone.sdf,/structures/alpha-Asarone.sdf,sdf,exact_normalized_name,1.0,local_sdf_library
CMPD_3A31D0AA35FB,Alpha-bergamotene.sdf,/structures/Alpha-bergamotene.sdf,sdf,exact_normalized_name,1.0,local_sdf_library
CMPD_347ECC78A5DA,alpha-Bisabolene.sdf,/structures/alpha-Bisabolene.sdf,sdf,exact_normalized_name,1.0,local_sdf_library
CMPD_6168DC172707,Alpha-bisabolol.sdf,/structures/Alpha-bisabolol.sdf,sdf,exact_normalized_name,1.0,local_sdf_library
CMPD_2CEAFE2CE6B6,alpha-bisabolol_oxide_A.sdf,/structures/alpha-bisabolol_oxide_A.sdf,sdf,exact_normalized_name,1.0,local_sdf_library
CMPD_3320D36AB626,alpha-bisabolol_oxide_B.sdf,/structures/alpha-bisabolol_oxide_B.sdf,sdf,exact_normalized_name,1.0,local_sdf_library
CMPD_9F70452D7593,alpha-bisabolone_oxide_A.sdf,/structures/alpha-bisabolone_oxide_A.sdf,sdf,exact_normalized_name,1.0,local_sdf_library
CMPD_01AC405D2702,Alpha-boswellic_acid.sdf,/structures/Alpha-boswellic_acid.sdf,sdf,exact_normalized_name,1.0,local_sdf_library
CMPD_325F2AB8C32B,Alpha-cadinol.sdf,/structures/Alpha-cadinol.sdf,sdf,exact_normalized_name,1.0,local_sdf_library
CMPD_01929B2BDC55,alpha-Campholenol.sdf,/structures/alpha-Campholenol.sdf,sdf,exact_normalized_name,1.0,local_sdf_library
CMPD_58EF83EDC81D,Alpha-carotene.sdf,/structures/Alpha-carotene.sdf,sdf,exact_normalized_name,1.0,local_sdf_library
CMPD_355EDEF63EDF,Alpha-cedrene.sdf,/structures/Alpha-cedrene.sdf,sdf,exact_normalized_name,1.0,local_sdf_library
CMPD_04ED141B70D3,alpha-Conidendrin.sdf,/structures/alpha-Conidendrin.sdf,sdf,exact_normalized_name,1.0,local_sdf_library
CMPD_32799E026D1A,alpha-Cubebene.sdf,/structures/alpha-Cubebene.sdf,sdf,exact_normalized_name,1.0,local_sdf_library
CMPD_975B555A7448,alpha-Cuprenene.sdf,/structures/alpha-Cuprenene.sdf,sdf,exact_normalized_name,1.0,local_sdf_library
CMPD_87677B32B085,alpha-curcumene.sdf,/structures/alpha-curcumene.sdf,sdf,exact_normalized_name,1.0,local_sdf_library
CMPD_3C8D1970BB31,alpha-Cyperone.sdf,/structures/alpha-Cyperone.sdf,sdf,exact_normalized_name,1.0,local_sdf_library
CMPD_F593EDAA7C55,alpha-D-Glucopyranose.sdf,/structures/alpha-D-Glucopyranose.sdf,sdf,exact_normalized_name,1.0,local_sdf_library
CMPD_8429B2A1F9C2,alpha-dimorphecolic_acid.sdf,/structures/alpha-dimorphecolic_acid.sdf,sdf,exact_normalized_name,1.0,local_sdf_library
CMPD_2582CEDDB645,alpha-elemol.sdf,/structures/alpha-elemol.sdf,sdf,exact_normalized_name,1.0,local_sdf_library
CMPD_98508FEDBEBB,alpha-Eleostearic_acid.sdf,/structures/alpha-Eleostearic_acid.sdf,sdf,exact_normalized_name,1.0,local_sdf_library
CMPD_209234EBC4BC,alpha-eudesmol.sdf,/structures/alpha-eudesmol.sdf,sdf,exact_normalized_name,1.0,local_sdf_library
CMPD_7932323E612F,alpha-farnesene.sdf,/structures/alpha-farnesene.sdf,sdf,exact_normalized_name,1.0,local_sdf_library
CMPD_2357DE6296C7,alpha-fenchene.sdf,/structures/alpha-fenchene.sdf,sdf,exact_normalized_name,1.0,local_sdf_library
CMPD_5C4EEE28E93F,alpha-gurjunene.sdf,/structures/alpha-gurjunene.sdf,sdf,exact_normalized_name,1.0,local_sdf_library
CMPD_4D896D3B8705,alpha-Hederin.sdf,/structures/alpha-Hederin.sdf,sdf,exact_normalized_name,1.0,local_sdf_library
CMPD_B83D85D68924,alpha-humulene.sdf,/structures/alpha-humulene.sdf,sdf,exact_normalized_name,1.0,local_sdf_library
CMPD_259113B0D12B,alpha-Ketoglutaric_acid.sdf,/structures/alpha-Ketoglutaric_acid.sdf,sdf,exact_normalized_name,1.0,local_sdf_library
CMPD_25FC06801E6E,alpha-linolenic_acid.sdf,/structures/alpha-linolenic_acid.sdf,sdf,exact_normalized_name,1.0,local_sdf_library
CMPD_90A8CD10E002,alpha-Longipinone.sdf,/structures/alpha-Longipinone.sdf,sdf,exact_normalized_name,1.0,local_sdf_library
CMPD_4C5BFCE79C93,alpha-Methylstyrene.sdf,/structures/alpha-Methylstyrene.sdf,sdf,fuzzy_normalized_name,0.923,local_sdf_library
CMPD_058C14766B91,alpha-muurolene.sdf,/structures/alpha-muurolene.sdf,sdf,exact_normalized_name,1.0,local_sdf_library
CMPD_B35BA01ECE5F,alpha-Muurolol.sdf,/structures/alpha-Muurolol.sdf,sdf,exact_normalized_name,1.0,local_sdf_library
CMPD_354AC5DCF16B,alpha-ocimene.sdf,/structures/alpha-ocimene.sdf,sdf,exact_normalized_name,1.0,local_sdf_library
CMPD_1F660A39662D,alpha-Phellandrene.sdf,/structures/alpha-Phellandrene.sdf,sdf,exact_normalized_name,1.0,local_sdf_library
CMPD_01C55654AE2B,alpha-Pinene.sdf,/structures/alpha-Pinene.sdf,sdf,exact_normalized_name,1.0,local_sdf_library
CMPD_670384053D97,alpha-Santalene.sdf,/structures/alpha-Santalene.sdf,sdf,exact_normalized_name,1.0,local_sdf_library
CMPD_382F61CF006D,alpha-Santonin.sdf,/structures/alpha-Santonin.sdf,sdf,exact_normalized_name,1.0,local_sdf_library
CMPD_2FE2A44EC4DD,alpha-selinene.sdf,/structures/alpha-selinene.sdf,sdf,exact_normalized_name,1.0,local_sdf_library
CMPD_35D655449AC9,alpha-Terpinene.sdf,/structures/alpha-Terpinene.sdf,sdf,exact_normalized_name,1.0,local_sdf_library
CMPD_1F50F707EFB9,alpha-Terpineol.sdf,/structures/alpha-Terpineol.sdf,sdf,exact_normalized_name,1.0,local_sdf_library
CMPD_6BBCDD1BFF47,alpha-terpinolene.sdf,/structures/alpha-terpinolene.sdf,sdf,exact_normalized_name,1.0,local_sdf_library
CMPD_759A7BE0F6C2,alpha-Terpinyl_acetate.sdf,/structures/alpha-Terpinyl_acetate.sdf,sdf,fuzzy_normalized_name,0.952,local_sdf_library
CMPD_90241C63F538,alpha-thujene.sdf,/structures/alpha-thujene.sdf,sdf,exact_normalized_name,1.0,local_sdf_library
CMPD_3B2FB71CF1A8,Alpha-thujone.sdf,/structures/Alpha-thujone.sdf,sdf,exact_normalized_name,1.0,local_sdf_library
CMPD_282083E0AFCB,Alpha-tocopherol.sdf,/structures/Alpha-tocopherol.sdf,sdf,exact_normalized_name,1.0,local_sdf_library
CMPD_435B2ED158D2,alpha-trans-bergamotol.sdf,/structures/alpha-trans-bergamotol.sdf,sdf,exact_normalized_name,1.0,local_sdf_library
CMPD_B3234927BF7A,Alpha-turmerone.sdf,/structures/Alpha-turmerone.sdf,sdf,exact_normalized_name,1.0,local_sdf_library
CMPD_496B2F2E7E26,alpha-ylangene.sdf,/structures/alpha-ylangene.sdf,sdf,exact_normalized_name,1.0,local_sdf_library
CMPD_4F508776062A,Alpha-zingiberene.sdf,/structures/Alpha-zingiberene.sdf,sdf,exact_normalized_name,1.0,local_sdf_library
CMPD_4C5BFCE79C93,alpha_p-Dimethylstyrene.sdf,/structures/alpha_p-Dimethylstyrene.sdf,sdf,exact_normalized_name,1.0,local_sdf_library
CMPD_3A367A35188C,amabiline.sdf,/structures/amabiline.sdf,sdf,exact_normalized_name,1.0,local_sdf_library
CMPD_71B1C04593B6,Amberin.sdf,/structures/Amberin.sdf,sdf,exact_normalized_name,1.0,local_sdf_library
CMPD_65B3E6A07E89,ambrettolide.sdf,/structures/ambrettolide.sdf,sdf,exact_normalized_name,1.0,local_sdf_library
CMPD_E792D24C306C,amentoflavone.sdf,/structures/amentoflavone.sdf,sdf,exact_normalized_name,1.0,local_sdf_library
CMPD_DE533CBB3C22,ammodendrine.sdf,/structures/ammodendrine.sdf,sdf,exact_normalized_name,1.0,local_sdf_library
CMPD_AD9987D179DC,amorfrutin_2.sdf,/structures/amorfrutin_2.sdf,sdf,fuzzy_normalized_name,0.957,local_sdf_library
CMPD_4FBFB296D781,Amorfrutin_3.sdf,/structures/Amorfrutin_3.sdf,sdf,fuzzy_normalized_name,0.957,local_sdf_library
CMPD_0E412F1882EF,amorfrutin_A.sdf,/structures/amorfrutin_A.sdf,sdf,exact_normalized_name,1.0,local_sdf_library
CMPD_73FC70C94F70,Amorfrutin_C.sdf,/structures/Amorfrutin_C.sdf,sdf,fuzzy_normalized_name,0.957,local_sdf_library
CMPD_110E32C28BDC,Amorfrutin_I.sdf,/structures/Amorfrutin_I.sdf,sdf,exact_normalized_name,1.0,local_sdf_library
CMPD_1E9DB331AE5A,Amorfrutin_J.sdf,/structures/Amorfrutin_J.sdf,sdf,exact_normalized_name,1.0,local_sdf_library
CMPD_D59E32302E24,Amorfrutin_K.sdf,/structures/Amorfrutin_K.sdf,sdf,exact_normalized_name,1.0,local_sdf_library
CMPD_B77D2D30AC57,Amorfrutin_L.sdf,/structures/Amorfrutin_L.sdf,sdf,exact_normalized_name,1.0,local_sdf_library
CMPD_2E0BD59192A2,Amorfrutin_M.sdf,/structures/Amorfrutin_M.sdf,sdf,exact_normalized_name,1.0,local_sdf_library
CMPD_ECC6A172244C,amorphane.sdf,/structures/amorphane.sdf,sdf,exact_normalized_name,1.0,local_sdf_library
CMPD_83FF206955D6,Amygdalin.sdf,/structures/Amygdalin.sdf,sdf,exact_normalized_name,1.0,local_sdf_library
CMPD_C86E353D798C,Amyl_furan.sdf,/structures/Amyl_furan.sdf,sdf,exact_normalized_name,1.0,local_sdf_library
CMPD_00A9D6FD1F2B,Amyl_isobutyrate.sdf,/structures/Amyl_isobutyrate.sdf,sdf,fuzzy_normalized_name,0.968,local_sdf_library
CMPD_CD41AA874F90,Amyl_valerate.sdf,/structures/Amyl_valerate.sdf,sdf,exact_normalized_name,1.0,local_sdf_library
CMPD_16F275A42432,amyrin.sdf,/structures/amyrin.sdf,sdf,exact_normalized_name,1.0,local_sdf_library
CMPD_0C23A2E68D13,Anabasamine.sdf,/structures/Anabasamine.sdf,sdf,exact_normalized_name,1.0,local_sdf_library
CMPD_64E8CB6F8A70,Anabaseine.sdf,/structures/Anabaseine.sdf,sdf,fuzzy_normalized_name,0.947,local_sdf_library
CMPD_64E8CB6F8A70,Anabasine.sdf,/structures/Anabasine.sdf,sdf,exact_normalized_name,1.0,local_sdf_library
CMPD_9E2070860FAD,Anastatin_A.sdf,/structures/Anastatin_A.sdf,sdf,fuzzy_normalized_name,0.952,local_sdf_library
CMPD_889ED0E0EDE7,Anastatin_B.sdf,/structures/Anastatin_B.sdf,sdf,fuzzy_normalized_name,0.952,local_sdf_library
CMPD_237C13F8495B,Anchusoside.sdf,/structures/Anchusoside.sdf,sdf,fuzzy_normalized_name,0.957,local_sdf_library
CMPD_0D085F023C36,Anethol.sdf,/structures/Anethol.sdf,sdf,fuzzy_normalized_name,0.933,local_sdf_library
CMPD_6525A61D03D0,Anethole.sdf,/structures/Anethole.sdf,sdf,fuzzy_normalized_name,0.941,local_sdf_library
CMPD_18C62D614264,Angelic_acid.sdf,/structures/Angelic_acid.sdf,sdf,exact_normalized_name,1.0,local_sdf_library
CMPD_ADCFDB0DC5C7,Angelicin.sdf,/structures/Angelicin.sdf,sdf,exact_normalized_name,1.0,local_sdf_library
CMPD_29FFB79320A8,Angustifolioside_A.sdf,/structures/Angustifolioside_A.sdf,sdf,exact_normalized_name,1.0,local_sdf_library
CMPD_0AA1CFFAD864,Angustifolioside_B.sdf,/structures/Angustifolioside_B.sdf,sdf,exact_normalized_name,1.0,local_sdf_library
CMPD_794CE3EE69A2,Anisaldehyde.sdf,/structures/Anisaldehyde.sdf,sdf,exact_normalized_name,1.0,local_sdf_library
CMPD_DBB8B23B986C,anisic_acid.sdf,/structures/anisic_acid.sdf,sdf,exact_normalized_name,1.0,local_sdf_library
CMPD_D821FCA587B9,Anisocoumarin_B.sdf,/structures/Anisocoumarin_B.sdf,sdf,exact_normalized_name,1.0,local_sdf_library
CMPD_DCCAD6C95598,anthocyanin.sdf,/structures/anthocyanin.sdf,sdf,exact_normalized_name,1.0,local_sdf_library
CMPD_5ADF58FF949C,anthraquinone.sdf,/structures/anthraquinone.sdf,sdf,exact_normalized_name,1.0,local_sdf_library
CMPD_548BD67DC579,Antirrhide.sdf,/structures/Antirrhide.sdf,sdf,exact_normalized_name,1.0,local_sdf_library
CMPD_06B4CA277791,antirrhinoside.sdf,/structures/antirrhinoside.sdf,sdf,exact_normalized_name,1.0,local_sdf_library
CMPD_548BD67DC579,Antirride.sdf,/structures/Antirride.sdf,sdf,fuzzy_normalized_name,0.947,local_sdf_library
CMPD_733D88CE81E3,apigenin-6-C-glucoside.sdf,/structures/apigenin-6-C-glucoside.sdf,sdf,exact_normalized_name,1.0,local_sdf_library
CMPD_43196CBF454D,Apigenin-6_8-di-C-glucoside.sdf,/structures/Apigenin-6_8-di-C-glucoside.sdf,sdf,exact_normalized_name,1.0,local_sdf_library
CMPD_4B25F73C67A7,apigenin-7-glucoside.sdf,/structures/apigenin-7-glucoside.sdf,sdf,exact_normalized_name,1.0,local_sdf_library
CMPD_63262F6505F7,Apigenin-7-glucuronide.sdf,/structures/Apigenin-7-glucuronide.sdf,sdf,exact_normalized_name,1.0,local_sdf_library
CMPD_6139DDD39A11,Apigenin-7-O-beta-D-glucopyranoside.sdf,/structures/Apigenin-7-O-beta-D-glucopyranoside.sdf,sdf,exact_normalized_name,1.0,local_sdf_library
CMPD_4B25F73C67A7,apigenin-7-O-glucoside.sdf,/structures/apigenin-7-O-glucoside.sdf,sdf,fuzzy_normalized_name,0.973,local_sdf_library
CMPD_2AFB507170A1,apigenin-7-O-glucuronide.sdf,/structures/apigenin-7-O-glucuronide.sdf,sdf,exact_normalized_name,1.0,local_sdf_library
CMPD_1DAD1D8DE7CE,apigenin-7-O-neohesperidoside.sdf,/structures/apigenin-7-O-neohesperidoside.sdf,sdf,exact_normalized_name,1.0,local_sdf_library
CMPD_6139DDD39A11,Apigenin-7-O-β-D-glucopyranoside.sdf,/structures/Apigenin-7-O-β-D-glucopyranoside.sdf,sdf,exact_normalized_name,1.0,local_sdf_library
CMPD_F8C6130B5226,apigenin-7-O-β-diglucoside.sdf,/structures/apigenin-7-O-β-diglucoside.sdf,sdf,exact_normalized_name,1.0,local_sdf_library
CMPD_83F48918F1AA,Apigenin-7_4_-dimethyl_ether.sdf,/structures/Apigenin-7_4_-dimethyl_ether.sdf,sdf,exact_normalized_name,1.0,local_sdf_library
CMPD_6E9FF7824FC3,apigenin-8-C-glucoside.sdf,/structures/apigenin-8-C-glucoside.sdf,sdf,exact_normalized_name,1.0,local_sdf_library
CMPD_35FC73816D92,Apigenin.sdf,/structures/Apigenin.sdf,sdf,exact_normalized_name,1.0,local_sdf_library
CMPD_8B3CEF857B50,Apigenin_7-_6__-methylglucuronide_.sdf,/structures/Apigenin_7-_6__-methylglucuronide_.sdf,sdf,exact_normalized_name,1.0,local_sdf_library
CMPD_4B25F73C67A7,Apigenin_7-glucoside.sdf,/structures/Apigenin_7-glucoside.sdf,sdf,exact_normalized_name,1.0,local_sdf_library
CMPD_0543565E765E,Apigenin_7-O-_6__-O-acetylglucoside_.sdf,/structures/Apigenin_7-O-_6__-O-acetylglucoside_.sdf,sdf,fuzzy_normalized_name,0.981,local_sdf_library
CMPD_9D8BCDA1DA50,Apigenin_7-O-beta-D-_6__-methylglucuronide_.sdf,/structures/Apigenin_7-O-beta-D-_6__-methylglucuronide_.sdf,sdf,exact_normalized_name,1.0,local_sdf_library
CMPD_83D97091973F,Apigenin_7-O-beta-D-glucoside.sdf,/structures/Apigenin_7-O-beta-D-glucoside.sdf,sdf,exact_normalized_name,1.0,local_sdf_library
CMPD_6139DDD39A11,Apigenin_7-O-beta-glucopyranoside.sdf,/structures/Apigenin_7-O-beta-glucopyranoside.sdf,sdf,fuzzy_normalized_name,0.983,local_sdf_library
CMPD_60A6BA0F783B,apigenin_7-O-glucopyranoside.sdf,/structures/apigenin_7-O-glucopyranoside.sdf,sdf,exact_normalized_name,1.0,local_sdf_library
CMPD_4B25F73C67A7,apigenin_7-O-glucoside.sdf,/structures/apigenin_7-O-glucoside.sdf,sdf,fuzzy_normalized_name,0.973,local_sdf_library
CMPD_2AFB507170A1,Apigenin_7-O-glucuronide.sdf,/structures/Apigenin_7-O-glucuronide.sdf,sdf,exact_normalized_name,1.0,local_sdf_library
CMPD_83D97091973F,apigenin_7-O-β-glucoside.sdf,/structures/apigenin_7-O-β-glucoside.sdf,sdf,fuzzy_normalized_name,0.979,local_sdf_library
CMPD_8FDFA31D1D4A,Apigenin_glucoside.sdf,/structures/Apigenin_glucoside.sdf,sdf,exact_normalized_name,1.0,local_sdf_library
CMPD_54DF578AA28B,apigetrin.sdf,/structures/apigetrin.sdf,sdf,exact_normalized_name,1.0,local_sdf_library
CMPD_7EDEA9E19CA6,Apiin.sdf,/structures/Apiin.sdf,sdf,exact_normalized_name,1.0,local_sdf_library
CMPD_AA8D479D2058,apiol.sdf,/structures/apiol.sdf,sdf,fuzzy_normalized_name,0.909,local_sdf_library
CMPD_AA8D479D2058,Apiole.sdf,/structures/Apiole.sdf,sdf,exact_normalized_name,1.0,local_sdf_library
CMPD_2D4D604F05E2,Apocynin.sdf,/structures/Apocynin.sdf,sdf,exact_normalized_name,1.0,local_sdf_library
CMPD_9E19031E7306,Apotropic_acid.sdf,/structures/Apotropic_acid.sdf,sdf,exact_normalized_name,1.0,local_sdf_library
CMPD_1D346ED3F219,ar-abietatriene.sdf,/structures/ar-abietatriene.sdf,sdf,exact_normalized_name,1.0,local_sdf_library
CMPD_55A75F561FB8,Ar-curcumene.sdf,/structures/Ar-curcumene.sdf,sdf,exact_normalized_name,1.0,local_sdf_library
CMPD_30DDA4D34ADE,Ar-tumerone.sdf,/structures/Ar-tumerone.sdf,sdf,exact_normalized_name,1.0,local_sdf_library
CMPD_30DDA4D34ADE,Ar-turmerone.sdf,/structures/Ar-turmerone.sdf,sdf,fuzzy_normalized_name,0.952,local_sdf_library
CMPD_1F7032DF5902,Arabinitol.sdf,/structures/Arabinitol.sdf,sdf,exact_normalized_name,1.0,local_sdf_library
CMPD_7BDEBC03FEF7,arabinose.sdf,/structures/arabinose.sdf,sdf,exact_normalized_name,1.0,local_sdf_library
CMPD_1F7032DF5902,arabitol.sdf,/structures/arabitol.sdf,sdf,fuzzy_normalized_name,0.889,local_sdf_library
CMPD_7A5B2E281A02,Arachidonic_acid.sdf,/structures/Arachidonic_acid.sdf,sdf,exact_normalized_name,1.0,local_sdf_library
CMPD_43C92F508149,Arborescin.sdf,/structures/Arborescin.sdf,sdf,exact_normalized_name,1.0,local_sdf_library
CMPD_CD07EFA9D99F,Arcapillin.sdf,/structures/Arcapillin.sdf,sdf,exact_normalized_name,1.0,local_sdf_library
CMPD_A19B3D1E8699,arctigenin.sdf,/structures/arctigenin.sdf,sdf,exact_normalized_name,1.0,local_sdf_library
CMPD_7D54E9E9F8E6,arctiin.sdf,/structures/arctiin.sdf,sdf,exact_normalized_name,1.0,local_sdf_library
CMPD_C4C57FF2CEDF,Arganine_A.sdf,/structures/Arganine_A.sdf,sdf,exact_normalized_name,1.0,local_sdf_library
CMPD_24E1A45B1A89,Argelin.sdf,/structures/Argelin.sdf,sdf,exact_normalized_name,1.0,local_sdf_library
CMPD_A526A756217A,Argeloside.sdf,/structures/Argeloside.sdf,sdf,fuzzy_normalized_name,0.947,local_sdf_library
CMPD_B397E97CB65D,Argeloside_I.sdf,/structures/Argeloside_I.sdf,sdf,fuzzy_normalized_name,0.957,local_sdf_library
CMPD_AC695AF76A65,Arginine.sdf,/structures/Arginine.sdf,sdf,exact_normalized_name,1.0,local_sdf_library
CMPD_E0A0475C2CC6,aristolene.sdf,/structures/aristolene.sdf,sdf,exact_normalized_name,1.0,local_sdf_library
CMPD_17C5D4F361DD,Aritasone.sdf,/structures/Aritasone.sdf,sdf,exact_normalized_name,1.0,local_sdf_library
CMPD_037DAE96714E,arjunglucoside_I.sdf,/structures/arjunglucoside_I.sdf,sdf,exact_normalized_name,1.0,local_sdf_library
CMPD_184B8A2357F9,arjunolic_acid.sdf,/structures/arjunolic_acid.sdf,sdf,exact_normalized_name,1.0,local_sdf_library
CMPD_490022A7757B,Armeroside_B.sdf,/structures/Armeroside_B.sdf,sdf,exact_normalized_name,1.0,local_sdf_library
CMPD_F33CEC818793,Armeroside_E.sdf,/structures/Armeroside_E.sdf,sdf,exact_normalized_name,1.0,local_sdf_library
CMPD_31F0539AEE1D,Armeroside_F.sdf,/structures/Armeroside_F.sdf,sdf,exact_normalized_name,1.0,local_sdf_library
CMPD_31F0539AEE1D,Armeroside_G.sdf,/structures/Armeroside_G.sdf,sdf,fuzzy_normalized_name,0.909,local_sdf_library
CMPD_604E364D1819,Arnidiol.sdf,/structures/Arnidiol.sdf,sdf,exact_normalized_name,1.0,local_sdf_library
CMPD_C91242308419,aromadendrene.sdf,/structures/aromadendrene.sdf,sdf,exact_normalized_name,1.0,local_sdf_library
CMPD_86394322AC1C,Aromadendrene_oxide.sdf,/structures/Aromadendrene_oxide.sdf,sdf,exact_normalized_name,1.0,local_sdf_library
CMPD_372775AD45BF,Aromadendrin.sdf,/structures/Aromadendrin.sdf,sdf,exact_normalized_name,1.0,local_sdf_library
CMPD_A9B2EA9AAA8C,Arteanoflavone.sdf,/structures/Arteanoflavone.sdf,sdf,exact_normalized_name,1.0,local_sdf_library
CMPD_7F46B9B24A72,Artemisia_ketone.sdf,/structures/Artemisia_ketone.sdf,sdf,exact_normalized_name,1.0,local_sdf_library
CMPD_DACCAFE66884,Artemisia_triene.sdf,/structures/Artemisia_triene.sdf,sdf,exact_normalized_name,1.0,local_sdf_library
CMPD_89D0ED5C8636,artemisinic_acid.sdf,/structures/artemisinic_acid.sdf,sdf,exact_normalized_name,1.0,local_sdf_library
CMPD_1765113B6267,artemisyl_acetate.sdf,/structures/artemisyl_acetate.sdf,sdf,exact_normalized_name,1.0,local_sdf_library
CMPD_A08BF4179746,artemitin.sdf,/structures/artemitin.sdf,sdf,exact_normalized_name,1.0,local_sdf_library
CMPD_781BC4AA5AC2,Asarone.sdf,/structures/Asarone.sdf,sdf,exact_normalized_name,1.0,local_sdf_library
CMPD_FEA654B5639D,Ascaridole.sdf,/structures/Ascaridole.sdf,sdf,exact_normalized_name,1.0,local_sdf_library
CMPD_AF3E91C5FA35,Ascaridole_glycol.sdf,/structures/Ascaridole_glycol.sdf,sdf,exact_normalized_name,1.0,local_sdf_library
CMPD_A98E02C11074,Ascorbic_acid.sdf,/structures/Ascorbic_acid.sdf,sdf,fuzzy_normalized_name,0.96,local_sdf_library
CMPD_B35156EDC47A,ascueletin.sdf,/structures/ascueletin.sdf,sdf,fuzzy_normalized_name,0.947,local_sdf_library
CMPD_A5ADC46DD66D,asiatic_acid.sdf,/structures/asiatic_acid.sdf,sdf,exact_normalized_name,1.0,local_sdf_library
CMPD_C40580227D53,asparagine.sdf,/structures/asparagine.sdf,sdf,exact_normalized_name,1.0,local_sdf_library
CMPD_5F6FCF64D162,Aspartic_acid.sdf,/structures/Aspartic_acid.sdf,sdf,exact_normalized_name,1.0,local_sdf_library
CMPD_153EA105FE32,aspidofractinine.sdf,/structures/aspidofractinine.sdf,sdf,exact_normalized_name,1.0,local_sdf_library
CMPD_A99988B1362D,Astragalin.sdf,/structures/Astragalin.sdf,sdf,exact_normalized_name,1.0,local_sdf_library
CMPD_85D12498DF57,Astragaloside.sdf,/structures/Astragaloside.sdf,sdf,exact_normalized_name,1.0,local_sdf_library
CMPD_28F9DFCCC0C2,Astragaloside_II.sdf,/structures/Astragaloside_II.sdf,sdf,exact_normalized_name,1.0,local_sdf_library
CMPD_5661B088E623,Astrarmatuside.sdf,/structures/Astrarmatuside.sdf,sdf,exact_normalized_name,1.0,local_sdf_library
CMPD_4FD92A1BD4DA,atisane_diterpene.sdf,/structures/atisane_diterpene.sdf,sdf,exact_normalized_name,1.0,local_sdf_library
CMPD_24691E2318DF,Atractylenolide_I.sdf,/structures/Atractylenolide_I.sdf,sdf,exact_normalized_name,1.0,local_sdf_library
CMPD_4C5E50816294,Atractylon.sdf,/structures/Atractylon.sdf,sdf,fuzzy_normalized_name,0.952,local_sdf_library
CMPD_4C5E50816294,Atractylone.sdf,/structures/Atractylone.sdf,sdf,exact_normalized_name,1.0,local_sdf_library
CMPD_5791F33E8226,Atropurpurin_A.sdf,/structures/Atropurpurin_A.sdf,sdf,exact_normalized_name,1.0,local_sdf_library
CMPD_5791F33E8226,Atropurpurin_B.sdf,/structures/Atropurpurin_B.sdf,sdf,fuzzy_normalized_name,0.923,local_sdf_library
CMPD_D777BBCA78CD,Aucubin.sdf,/structures/Aucubin.sdf,sdf,exact_normalized_name,1.0,local_sdf_library
CMPD_12AD62832301,aucuboside.sdf,/structures/aucuboside.sdf,sdf,exact_normalized_name,1.0,local_sdf_library
CMPD_A7A1C1C73310,Augustine.sdf,/structures/Augustine.sdf,sdf,exact_normalized_name,1.0,local_sdf_library
CMPD_389A2A0DA7BB,aurantiamide_acetate.sdf,/structures/aurantiamide_acetate.sdf,sdf,exact_normalized_name,1.0,local_sdf_library
CMPD_77D12F419CB6,Auraptene.sdf,/structures/Auraptene.sdf,sdf,exact_normalized_name,1.0,local_sdf_library
CMPD_EC717399A843,Avenasterol.sdf,/structures/Avenasterol.sdf,sdf,exact_normalized_name,1.0,local_sdf_library
CMPD_472D6B54EFE6,Avicularin.sdf,/structures/Avicularin.sdf,sdf,exact_normalized_name,1.0,local_sdf_library
CMPD_5A34C99D008F,axillarin.sdf,/structures/axillarin.sdf,sdf,exact_normalized_name,1.0,local_sdf_library
CMPD_2ABB245923A4,azelaic_acid.sdf,/structures/azelaic_acid.sdf,sdf,exact_normalized_name,1.0,local_sdf_library
CMPD_B0556DAAED6A,azulene.sdf,/structures/azulene.sdf,sdf,exact_normalized_name,1.0,local_sdf_library
CMPD_C6BD113DBF69,b-asarone.sdf,/structures/b-asarone.sdf,sdf,exact_normalized_name,1.0,local_sdf_library
CMPD_5009D76A15A1,b-bisabolene.sdf,/structures/b-bisabolene.sdf,sdf,exact_normalized_name,1.0,local_sdf_library
CMPD_B4AE4BDC3C84,B-sitosterol.sdf,/structures/B-sitosterol.sdf,sdf,exact_normalized_name,1.0,local_sdf_library
CMPD_EF48C8D0DF51,B1.sdf,/structures/B1.sdf,sdf,exact_normalized_name,1.0,local_sdf_library
CMPD_80A53678106E,baccatin_III.sdf,/structures/baccatin_III.sdf,sdf,exact_normalized_name,1.0,local_sdf_library
CMPD_1442E950C52E,Baicalein.sdf,/structures/Baicalein.sdf,sdf,exact_normalized_name,1.0,local_sdf_library
CMPD_1442E950C52E,baicalin.sdf,/structures/baicalin.sdf,sdf,fuzzy_normalized_name,0.941,local_sdf_library
CMPD_E257279C8D55,bakkenolide_A.sdf,/structures/bakkenolide_A.sdf,sdf,exact_normalized_name,1.0,local_sdf_library
CMPD_264BB7A0B3B3,balanophonin.sdf,/structures/balanophonin.sdf,sdf,exact_normalized_name,1.0,local_sdf_library
CMPD_69F996D03416,Baptifoline.sdf,/structures/Baptifoline.sdf,sdf,exact_normalized_name,1.0,local_sdf_library
CMPD_2B1DB2DFE901,Baptigenin.sdf,/structures/Baptigenin.sdf,sdf,exact_normalized_name,1.0,local_sdf_library
CMPD_AD5176B2D104,Barreliol.sdf,/structures/Barreliol.sdf,sdf,exact_normalized_name,1.0,local_sdf_library
CMPD_7BF3920AF70B,Bartsioside.sdf,/structures/Bartsioside.sdf,sdf,exact_normalized_name,1.0,local_sdf_library
CMPD_96A58BA64A98,bauerenol.sdf,/structures/bauerenol.sdf,sdf,exact_normalized_name,1.0,local_sdf_library
CMPD_C80CDCDA4D8F,Baurenyl_acetate.sdf,/structures/Baurenyl_acetate.sdf,sdf,exact_normalized_name,1.0,local_sdf_library
CMPD_10F4F97DE591,Bavachinin.sdf,/structures/Bavachinin.sdf,sdf,exact_normalized_name,1.0,local_sdf_library
CMPD_CAE91E45AED8,Benzaldehyde.sdf,/structures/Benzaldehyde.sdf,sdf,exact_normalized_name,1.0,local_sdf_library
CMPD_A0EDC4A4FE2C,benzeneacetaldehyde.sdf,/structures/benzeneacetaldehyde.sdf,sdf,exact_normalized_name,1.0,local_sdf_library
CMPD_F21D521A504A,benzofuranone.sdf,/structures/benzofuranone.sdf,sdf,exact_normalized_name,1.0,local_sdf_library
CMPD_4B227123AA62,Benzoic_acid.sdf,/structures/Benzoic_acid.sdf,sdf,fuzzy_normalized_name,0.88,local_sdf_library
CMPD_6871D57F8B4C,Benzonitrile.sdf,/structures/Benzonitrile.sdf,sdf,exact_normalized_name,1.0,local_sdf_library
CMPD_B0235850C179,benzoyl_R-___-malic_acid.sdf,/structures/benzoyl_R-___-malic_acid.sdf,sdf,exact_normalized_name,1.0,local_sdf_library
CMPD_FF92D2DC4378,Benzyl-beta-D-glucopyranoside.sdf,/structures/Benzyl-beta-D-glucopyranoside.sdf,sdf,fuzzy_normalized_name,0.923,local_sdf_library
CMPD_B3280E5E1945,benzyl_alcohol_glucoside.sdf,/structures/benzyl_alcohol_glucoside.sdf,sdf,exact_normalized_name,1.0,local_sdf_library
CMPD_D2F75E8204FE,benzyl_benzoate.sdf,/structures/benzyl_benzoate.sdf,sdf,exact_normalized_name,1.0,local_sdf_library
CMPD_FF92D2DC4378,benzyl_beta-D-glucopyranoside.sdf,/structures/benzyl_beta-D-glucopyranoside.sdf,sdf,fuzzy_normalized_name,0.923,local_sdf_library
CMPD_1F69A8E647E3,Benzyl_glucosinolate.sdf,/structures/Benzyl_glucosinolate.sdf,sdf,exact_normalized_name,1.0,local_sdf_library
CMPD_15A61A1B308D,Benzyl_isothiocyanate.sdf,/structures/Benzyl_isothiocyanate.sdf,sdf,exact_normalized_name,1.0,local_sdf_library
CMPD_A5291CA7106D,Benzyl_tiglate.sdf,/structures/Benzyl_tiglate.sdf,sdf,exact_normalized_name,1.0,local_sdf_library
CMPD_667EC5A45F21,berbamine.sdf,/structures/berbamine.sdf,sdf,exact_normalized_name,1.0,local_sdf_library
CMPD_02DCD8A9DE05,berberine.sdf,/structures/berberine.sdf,sdf,exact_normalized_name,1.0,local_sdf_library
CMPD_4B6815531B80,bergamottin.sdf,/structures/bergamottin.sdf,sdf,exact_normalized_name,1.0,local_sdf_library
CMPD_D2CC58FCE812,Bergapten.sdf,/structures/Bergapten.sdf,sdf,exact_normalized_name,1.0,local_sdf_library
CMPD_F1C111CACB3C,beta-acorenol.sdf,/structures/beta-acorenol.sdf,sdf,exact_normalized_name,1.0,local_sdf_library
CMPD_879E10494D62,beta-Amyrin_acetate.sdf,/structures/beta-Amyrin_acetate.sdf,sdf,exact_normalized_name,1.0,local_sdf_library
CMPD_A246DB52A4B9,beta-amyrone.sdf,/structures/beta-amyrone.sdf,sdf,exact_normalized_name,1.0,local_sdf_library
CMPD_3048506AD093,beta-bisabolene.sdf,/structures/beta-bisabolene.sdf,sdf,exact_normalized_name,1.0,local_sdf_library
CMPD_250D6F1E11D9,beta-Bisabolol.sdf,/structures/beta-Bisabolol.sdf,sdf,exact_normalized_name,1.0,local_sdf_library
CMPD_45CB22A4BC7C,beta-Boswellic_acid.sdf,/structures/beta-Boswellic_acid.sdf,sdf,exact_normalized_name,1.0,local_sdf_library
CMPD_2AD94585B8D7,beta-Bourbonene.sdf,/structures/beta-Bourbonene.sdf,sdf,exact_normalized_name,1.0,local_sdf_library
CMPD_8E9BC0733AEB,Beta-cadinol.sdf,/structures/Beta-cadinol.sdf,sdf,exact_normalized_name,1.0,local_sdf_library
CMPD_16DC4E2363DE,Beta-Carotene.sdf,/structures/Beta-Carotene.sdf,sdf,exact_normalized_name,1.0,local_sdf_library
CMPD_04AD8851E404,Beta-caryophyllene.sdf,/structures/Beta-caryophyllene.sdf,sdf,exact_normalized_name,1.0,local_sdf_library
CMPD_614BAB9A8580,beta-caryophyllene_oxide.sdf,/structures/beta-caryophyllene_oxide.sdf,sdf,exact_normalized_name,1.0,local_sdf_library
CMPD_E0B17E0F6D51,beta-cedrene.sdf,/structures/beta-cedrene.sdf,sdf,exact_normalized_name,1.0,local_sdf_library
CMPD_16BD88DA1085,beta-cis-ocimene.sdf,/structures/beta-cis-ocimene.sdf,sdf,exact_normalized_name,1.0,local_sdf_library
CMPD_E98F9322BB5F,beta-citral.sdf,/structures/beta-citral.sdf,sdf,exact_normalized_name,1.0,local_sdf_library
CMPD_1B0F0F2E5EB0,Beta-citronellol.sdf,/structures/Beta-citronellol.sdf,sdf,exact_normalized_name,1.0,local_sdf_library
CMPD_DDDFC99864DA,beta-costol.sdf,/structures/beta-costol.sdf,sdf,exact_normalized_name,1.0,local_sdf_library
CMPD_31523FC5E8E5,beta-Cryptoxanthin.sdf,/structures/beta-Cryptoxanthin.sdf,sdf,exact_normalized_name,1.0,local_sdf_library
CMPD_729A5BF6F40D,beta-cubebene.sdf,/structures/beta-cubebene.sdf,sdf,exact_normalized_name,1.0,local_sdf_library
CMPD_D37EF3095666,Beta-curcumene.sdf,/structures/Beta-curcumene.sdf,sdf,exact_normalized_name,1.0,local_sdf_library
CMPD_118A336E1C42,beta-cyclocitral.sdf,/structures/beta-cyclocitral.sdf,sdf,exact_normalized_name,1.0,local_sdf_library
CMPD_0DCB8140FDFF,beta-damascenone.sdf,/structures/beta-damascenone.sdf,sdf,exact_normalized_name,1.0,local_sdf_library
CMPD_1E67E1A03115,beta-daucosterol.sdf,/structures/beta-daucosterol.sdf,sdf,exact_normalized_name,1.0,local_sdf_library
CMPD_8415AE4F5063,beta-E-ocimene.sdf,/structures/beta-E-ocimene.sdf,sdf,exact_normalized_name,1.0,local_sdf_library
CMPD_3145868C98B9,beta-ecdysone.sdf,/structures/beta-ecdysone.sdf,sdf,exact_normalized_name,1.0,local_sdf_library
CMPD_368B1CE5E9F5,beta-Elemene.sdf,/structures/beta-Elemene.sdf,sdf,exact_normalized_name,1.0,local_sdf_library
CMPD_3AED6D8398BB,beta-Eudesmene.sdf,/structures/beta-Eudesmene.sdf,sdf,exact_normalized_name,1.0,local_sdf_library
CMPD_9111E050A6ED,beta-Eudesmol.sdf,/structures/beta-Eudesmol.sdf,sdf,exact_normalized_name,1.0,local_sdf_library
CMPD_A30BE755E617,beta-farnesene.sdf,/structures/beta-farnesene.sdf,sdf,exact_normalized_name,1.0,local_sdf_library
CMPD_2A525C45569D,Beta-glucan.sdf,/structures/Beta-glucan.sdf,sdf,exact_normalized_name,1.0,local_sdf_library
CMPD_51EF9E60E0E3,beta-glucogallin.sdf,/structures/beta-glucogallin.sdf,sdf,exact_normalized_name,1.0,local_sdf_library
CMPD_84586B9D9979,beta-guaiene.sdf,/structures/beta-guaiene.sdf,sdf,exact_normalized_name,1.0,local_sdf_library
CMPD_6679618D0FAA,beta-Hederin.sdf,/structures/beta-Hederin.sdf,sdf,exact_normalized_name,1.0,local_sdf_library
CMPD_3A690656C3EA,beta-himachalene.sdf,/structures/beta-himachalene.sdf,sdf,exact_normalized_name,1.0,local_sdf_library
CMPD_C2404FD92F19,Beta-hydroxypropiovanillone.sdf,/structures/Beta-hydroxypropiovanillone.sdf,sdf,exact_normalized_name,1.0,local_sdf_library
CMPD_0670A37C5488,beta-Maaliene.sdf,/structures/beta-Maaliene.sdf,sdf,exact_normalized_name,1.0,local_sdf_library
CMPD_4144DA3BD858,beta-methylesculetin.sdf,/structures/beta-methylesculetin.sdf,sdf,exact_normalized_name,1.0,local_sdf_library
CMPD_FAE08B93231C,beta-myrcene.sdf,/structures/beta-myrcene.sdf,sdf,exact_normalized_name,1.0,local_sdf_library
CMPD_125B7B539FB7,beta-ocimene.sdf,/structures/beta-ocimene.sdf,sdf,exact_normalized_name,1.0,local_sdf_library
CMPD_CB994269F937,beta-ocymene.sdf,/structures/beta-ocymene.sdf,sdf,fuzzy_normalized_name,0.952,local_sdf_library
CMPD_D6DB94FBAF19,Beta-panasinsene.sdf,/structures/Beta-panasinsene.sdf,sdf,exact_normalized_name,1.0,local_sdf_library
CMPD_998FEEF8C108,Beta-phellandrene.sdf,/structures/Beta-phellandrene.sdf,sdf,exact_normalized_name,1.0,local_sdf_library
CMPD_2DF7AFDF548B,beta-pinene.sdf,/structures/beta-pinene.sdf,sdf,exact_normalized_name,1.0,local_sdf_library
CMPD_A62B73E39601,beta-Selinene.sdf,/structures/beta-Selinene.sdf,sdf,exact_normalized_name,1.0,local_sdf_library
CMPD_5973651E7281,Beta-sesquiphellandrene.sdf,/structures/Beta-sesquiphellandrene.sdf,sdf,exact_normalized_name,1.0,local_sdf_library
CMPD_253762D11EAB,beta-Sitosterol-3-O-beta-D-glucopyranoside.sdf,/structures/beta-Sitosterol-3-O-beta-D-glucopyranoside.sdf,sdf,exact_normalized_name,1.0,local_sdf_library
CMPD_02810A06EA73,beta-sitosterol-3-O-glucoside.sdf,/structures/beta-sitosterol-3-O-glucoside.sdf,sdf,fuzzy_normalized_name,0.96,local_sdf_library
CMPD_5C49A6EAB5DA,beta-sitosterol.sdf,/structures/beta-sitosterol.sdf,sdf,exact_normalized_name,1.0,local_sdf_library
CMPD_253762D11EAB,beta-sitosterol_3-O-beta-D-glucopyranoside.sdf,/structures/beta-sitosterol_3-O-beta-D-glucopyranoside.sdf,sdf,exact_normalized_name,1.0,local_sdf_library
CMPD_57B7BD8FBE89,Beta-sitosterol_glucoside.sdf,/structures/Beta-sitosterol_glucoside.sdf,sdf,exact_normalized_name,1.0,local_sdf_library
CMPD_DCA21534EAEA,beta-Sitosterol_palmitate.sdf,/structures/beta-Sitosterol_palmitate.sdf,sdf,exact_normalized_name,1.0,local_sdf_library
CMPD_F386B8E8BF0A,beta-Springene.sdf,/structures/beta-Springene.sdf,sdf,exact_normalized_name,1.0,local_sdf_library
CMPD_4D2CC7D17F1A,beta-stigmasterol.sdf,/structures/beta-stigmasterol.sdf,sdf,exact_normalized_name,1.0,local_sdf_library
CMPD_8A3EB4E42636,Beta-thujone.sdf,/structures/Beta-thujone.sdf,sdf,fuzzy_normalized_name,0.909,local_sdf_library
CMPD_9105099B2C4A,beta-Tocopherol.sdf,/structures/beta-Tocopherol.sdf,sdf,fuzzy_normalized_name,0.897,local_sdf_library
CMPD_20E79F4A9D56,Beta-trans-bergamotene.sdf,/structures/Beta-trans-bergamotene.sdf,sdf,exact_normalized_name,1.0,local_sdf_library
CMPD_19642D22EDDA,Beta-turmerone.sdf,/structures/Beta-turmerone.sdf,sdf,exact_normalized_name,1.0,local_sdf_library
CMPD_98E15906F0C9,beta-Vatirenene.sdf,/structures/beta-Vatirenene.sdf,sdf,exact_normalized_name,1.0,local_sdf_library
CMPD_EB0A41D310B7,beta-Zeacarotene.sdf,/structures/beta-Zeacarotene.sdf,sdf,exact_normalized_name,1.0,local_sdf_library
CMPD_04AD8851E404,Beta_caryophyllene.sdf,/structures/Beta_caryophyllene.sdf,sdf,exact_normalized_name,1.0,local_sdf_library
CMPD_96A0F91FFCD7,Betacyanin.sdf,/structures/Betacyanin.sdf,sdf,exact_normalized_name,1.0,local_sdf_library
CMPD_7CB4BCB5B34F,betaine.sdf,/structures/betaine.sdf,sdf,exact_normalized_name,1.0,local_sdf_library
CMPD_B64C8E0A28E3,betanin.sdf,/structures/betanin.sdf,sdf,exact_normalized_name,1.0,local_sdf_library
CMPD_441ADED6A196,Betulin.sdf,/structures/Betulin.sdf,sdf,exact_normalized_name,1.0,local_sdf_library
CMPD_441ADED6A196,betuline.sdf,/structures/betuline.sdf,sdf,fuzzy_normalized_name,0.933,local_sdf_library
CMPD_236D494A3460,Betulinic_acid.sdf,/structures/Betulinic_acid.sdf,sdf,exact_normalized_name,1.0,local_sdf_library
CMPD_1B15D1344934,betulonic_acid.sdf,/structures/betulonic_acid.sdf,sdf,exact_normalized_name,1.0,local_sdf_library
CMPD_0B8EE56F9022,Betuloside.sdf,/structures/Betuloside.sdf,sdf,exact_normalized_name,1.0,local_sdf_library
CMPD_3449D237F547,BHA.sdf,/structures/BHA.sdf,sdf,exact_normalized_name,1.0,local_sdf_library
CMPD_A427BA324C1E,BHT.sdf,/structures/BHT.sdf,sdf,exact_normalized_name,1.0,local_sdf_library
CMPD_D390F96F218B,Biapigenin.sdf,/structures/Biapigenin.sdf,sdf,exact_normalized_name,1.0,local_sdf_library
CMPD_3ADB83E2792C,Bicoloridine.sdf,/structures/Bicoloridine.sdf,sdf,exact_normalized_name,1.0,local_sdf_library
CMPD_87B652A5F415,bicuculline.sdf,/structures/bicuculline.sdf,sdf,exact_normalized_name,1.0,local_sdf_library
CMPD_1B59B15AFDD0,bicyclogermacrene.sdf,/structures/bicyclogermacrene.sdf,sdf,exact_normalized_name,1.0,local_sdf_library
CMPD_0AD64642299F,bilobetin.sdf,/structures/bilobetin.sdf,sdf,exact_normalized_name,1.0,local_sdf_library
CMPD_6817C7516114,Biochanin_A.sdf,/structures/Biochanin_A.sdf,sdf,exact_normalized_name,1.0,local_sdf_library
CMPD_10A14F77F095,bipiperidine.sdf,/structures/bipiperidine.sdf,sdf,exact_normalized_name,1.0,local_sdf_library
CMPD_AE8E4248981D,bisabolane.sdf,/structures/bisabolane.sdf,sdf,exact_normalized_name,1.0,local_sdf_library
CMPD_7D382F03D3E2,bisabolene.sdf,/structures/bisabolene.sdf,sdf,exact_normalized_name,1.0,local_sdf_library
CMPD_12286FB4ABFC,Bisabolone_oxide.sdf,/structures/Bisabolone_oxide.sdf,sdf,exact_normalized_name,1.0,local_sdf_library
CMPD_3EDB78C58D35,Bisdemethoxycurcumin.sdf,/structures/Bisdemethoxycurcumin.sdf,sdf,exact_normalized_name,1.0,local_sdf_library
CMPD_F4F229932FC4,Bitucarpin_A.sdf,/structures/Bitucarpin_A.sdf,sdf,exact_normalized_name,1.0,local_sdf_library
CMPD_213829CA5DDA,Blumenol_A.sdf,/structures/Blumenol_A.sdf,sdf,exact_normalized_name,1.0,local_sdf_library
CMPD_4FF552D348F6,blumenol_C_glucoside.sdf,/structures/blumenol_C_glucoside.sdf,sdf,exact_normalized_name,1.0,local_sdf_library
CMPD_C8465944BF9F,bocconoline.sdf,/structures/bocconoline.sdf,sdf,exact_normalized_name,1.0,local_sdf_library
CMPD_9661ABE28E91,Bombamalin.sdf,/structures/Bombamalin.sdf,sdf,exact_normalized_name,1.0,local_sdf_library
CMPD_B4C105F83361,Bombamalone_D.sdf,/structures/Bombamalone_D.sdf,sdf,fuzzy_normalized_name,0.96,local_sdf_library
CMPD_80C18DC8E754,bombamaloside.sdf,/structures/bombamaloside.sdf,sdf,exact_normalized_name,1.0,local_sdf_library
CMPD_77A53A72F75A,bombaxquinone_B.sdf,/structures/bombaxquinone_B.sdf,sdf,exact_normalized_name,1.0,local_sdf_library
CMPD_0280481B76CB,borneol.sdf,/structures/borneol.sdf,sdf,exact_normalized_name,1.0,local_sdf_library
CMPD_B67204B10A8D,bornyl_acetate.sdf,/structures/bornyl_acetate.sdf,sdf,fuzzy_normalized_name,0.897,local_sdf_library
CMPD_BA11D664A03C,Bornyl_angelate.sdf,/structures/Bornyl_angelate.sdf,sdf,fuzzy_normalized_name,0.897,local_sdf_library
CMPD_382F3E6CC273,Boscialin.sdf,/structures/Boscialin.sdf,sdf,exact_normalized_name,1.0,local_sdf_library
CMPD_82AC7883E3B0,Bowdensine.sdf,/structures/Bowdensine.sdf,sdf,exact_normalized_name,1.0,local_sdf_library
CMPD_2A2B5FB60088,brassicasterol.sdf,/structures/brassicasterol.sdf,sdf,exact_normalized_name,1.0,local_sdf_library
CMPD_4B7966530A17,brevifolin.sdf,/structures/brevifolin.sdf,sdf,exact_normalized_name,1.0,local_sdf_library
CMPD_BA71D52315DA,buchariol.sdf,/structures/buchariol.sdf,sdf,exact_normalized_name,1.0,local_sdf_library
CMPD_41D02A7B4F92,Bulbispermine.sdf,/structures/Bulbispermine.sdf,sdf,exact_normalized_name,1.0,local_sdf_library
CMPD_634D8E3A017A,bulbocapnine.sdf,/structures/bulbocapnine.sdf,sdf,exact_normalized_name,1.0,local_sdf_library
CMPD_66C565BA3CDD,bulnesol.sdf,/structures/bulnesol.sdf,sdf,exact_normalized_name,1.0,local_sdf_library
CMPD_B491DE230547,Buphanisine.sdf,/structures/Buphanisine.sdf,sdf,exact_normalized_name,1.0,local_sdf_library
CMPD_1106A1DDA2D6,butane-2-3-diol.sdf,/structures/butane-2-3-diol.sdf,sdf,exact_normalized_name,1.0,local_sdf_library
CMPD_1106A1DDA2D6,butane-2_3-diol.sdf,/structures/butane-2_3-diol.sdf,sdf,exact_normalized_name,1.0,local_sdf_library
CMPD_682A03F4CD9E,Butanoic_acid.sdf,/structures/Butanoic_acid.sdf,sdf,exact_normalized_name,1.0,local_sdf_library
CMPD_C5A6C1F49330,Butyl_isothiocyanate.sdf,/structures/Butyl_isothiocyanate.sdf,sdf,exact_normalized_name,1.0,local_sdf_library
CMPD_B4F66519B817,Butyl_methyl_ether.sdf,/structures/Butyl_methyl_ether.sdf,sdf,exact_normalized_name,1.0,local_sdf_library
CMPD_177F3965A604,Butylhydroxyanisole.sdf,/structures/Butylhydroxyanisole.sdf,sdf,exact_normalized_name,1.0,local_sdf_library
CMPD_F2540232D3C1,butylphthalide.sdf,/structures/butylphthalide.sdf,sdf,fuzzy_normalized_name,0.966,local_sdf_library
CMPD_8D73D05C7883,butyrospermol.sdf,/structures/butyrospermol.sdf,sdf,exact_normalized_name,1.0,local_sdf_library
CMPD_DC080A2AB786,Byakangelicin.sdf,/structures/Byakangelicin.sdf,sdf,exact_normalized_name,1.0,local_sdf_library
CMPD_EA680BECA14C,Byakangelicol.sdf,/structures/Byakangelicol.sdf,sdf,exact_normalized_name,1.0,local_sdf_library
CMPD_B7B51BC46192,C22H26O7.sdf,/structures/C22H26O7.sdf,sdf,exact_normalized_name,1.0,local_sdf_library
CMPD_ED546DB69506,Cadabicine.sdf,/structures/Cadabicine.sdf,sdf,exact_normalized_name,1.0,local_sdf_library
CMPD_AA7860EBC47C,Cadiene.sdf,/structures/Cadiene.sdf,sdf,fuzzy_normalized_name,0.933,local_sdf_library
CMPD_AA7860EBC47C,cadinene.sdf,/structures/cadinene.sdf,sdf,exact_normalized_name,1.0,local_sdf_library
CMPD_4793A34322A0,cadinol.sdf,/structures/cadinol.sdf,sdf,exact_normalized_name,1.0,local_sdf_library
CMPD_1C7ACD168262,Caffeic_acid.sdf,/structures/Caffeic_acid.sdf,sdf,exact_normalized_name,1.0,local_sdf_library
CMPD_E63D86B6E7A1,Caffeic_acid_3-O-glucoside.sdf,/structures/Caffeic_acid_3-O-glucoside.sdf,sdf,exact_normalized_name,1.0,local_sdf_library
CMPD_69EE61FEABBF,Caffeic_acid_hexoside.sdf,/structures/Caffeic_acid_hexoside.sdf,sdf,exact_normalized_name,1.0,local_sdf_library
CMPD_3B22C5D98025,Caffeic_acid_methyl_ester.sdf,/structures/Caffeic_acid_methyl_ester.sdf,sdf,exact_normalized_name,1.0,local_sdf_library
CMPD_4F582819D2E9,caffeine.sdf,/structures/caffeine.sdf,sdf,exact_normalized_name,1.0,local_sdf_library
CMPD_4AF96CDF3B80,caffeinic_acid.sdf,/structures/caffeinic_acid.sdf,sdf,exact_normalized_name,1.0,local_sdf_library
CMPD_F991EFE48133,caffeoylputrescine.sdf,/structures/caffeoylputrescine.sdf,sdf,exact_normalized_name,1.0,local_sdf_library
CMPD_9552E7BE593B,caffeoylquinic_acid.sdf,/structures/caffeoylquinic_acid.sdf,sdf,exact_normalized_name,1.0,local_sdf_library
CMPD_51AB89A31DDB,caftaric_acid.sdf,/structures/caftaric_acid.sdf,sdf,exact_normalized_name,1.0,local_sdf_library
CMPD_EB42C23A557F,calacorene.sdf,/structures/calacorene.sdf,sdf,exact_normalized_name,1.0,local_sdf_library
CMPD_F5B06488AEF6,calarene.sdf,/structures/calarene.sdf,sdf,exact_normalized_name,1.0,local_sdf_library
CMPD_34BEDEE83C90,Calceolarioside_A.sdf,/structures/Calceolarioside_A.sdf,sdf,exact_normalized_name,1.0,local_sdf_library
CMPD_378044EC3C3C,Calenduladiol_3-palmitate.sdf,/structures/Calenduladiol_3-palmitate.sdf,sdf,fuzzy_normalized_name,0.979,local_sdf_library
CMPD_0C3911E1AAD2,Calendustellatoside_A.sdf,/structures/Calendustellatoside_A.sdf,sdf,exact_normalized_name,1.0,local_sdf_library
CMPD_D866408E04C8,Calendustellatoside_C.sdf,/structures/Calendustellatoside_C.sdf,sdf,exact_normalized_name,1.0,local_sdf_library
CMPD_5F0BA95E4C6C,Calendustellatoside_D.sdf,/structures/Calendustellatoside_D.sdf,sdf,exact_normalized_name,1.0,local_sdf_library
CMPD_53AC45C1B7BB,Calendustellatoside_E.sdf,/structures/Calendustellatoside_E.sdf,sdf,exact_normalized_name,1.0,local_sdf_library
CMPD_0F8E465F10AC,Calycosin-7-O-beta-D-glucoside.sdf,/structures/Calycosin-7-O-beta-D-glucoside.sdf,sdf,exact_normalized_name,1.0,local_sdf_library
CMPD_6E07D6911F35,Calycosin.sdf,/structures/Calycosin.sdf,sdf,exact_normalized_name,1.0,local_sdf_library
CMPD_D71D0F3C6289,Calystegine_B2.sdf,/structures/Calystegine_B2.sdf,sdf,fuzzy_normalized_name,0.917,local_sdf_library
CMPD_E189ED2B5B2A,Calythropsin.sdf,/structures/Calythropsin.sdf,sdf,exact_normalized_name,1.0,local_sdf_library
CMPD_103EC9BF7475,Campestanol.sdf,/structures/Campestanol.sdf,sdf,exact_normalized_name,1.0,local_sdf_library
CMPD_05F406182240,Campesterol.sdf,/structures/Campesterol.sdf,sdf,exact_normalized_name,1.0,local_sdf_library
CMPD_D9AE74657A76,camphene.sdf,/structures/camphene.sdf,sdf,exact_normalized_name,1.0,local_sdf_library
CMPD_537FBECF7A4A,camphor.sdf,/structures/camphor.sdf,sdf,exact_normalized_name,1.0,local_sdf_library
CMPD_9412A52C7CE4,candidol.sdf,/structures/candidol.sdf,sdf,exact_normalized_name,1.0,local_sdf_library
CMPD_0960B1694F10,candidone.sdf,/structures/candidone.sdf,sdf,exact_normalized_name,1.0,local_sdf_library
CMPD_04E9FCFB33DC,canellal.sdf,/structures/canellal.sdf,sdf,exact_normalized_name,1.0,local_sdf_library
CMPD_2100571E4E79,cantharidin.sdf,/structures/cantharidin.sdf,sdf,exact_normalized_name,1.0,local_sdf_library
CMPD_A7AA10C836B8,Capensin.sdf,/structures/Capensin.sdf,sdf,exact_normalized_name,1.0,local_sdf_library
CMPD_C8DC9E50AEC1,Capparisine_B.sdf,/structures/Capparisine_B.sdf,sdf,exact_normalized_name,1.0,local_sdf_library
CMPD_93FCF9630E1B,Capparispine.sdf,/structures/Capparispine.sdf,sdf,exact_normalized_name,1.0,local_sdf_library
CMPD_E7EDD13F35DE,caprylic.sdf,/structures/caprylic.sdf,sdf,exact_normalized_name,1.0,local_sdf_library
CMPD_0C672CC1EFC7,Carbaril.sdf,/structures/Carbaril.sdf,sdf,exact_normalized_name,1.0,local_sdf_library
CMPD_FE3B1D08DBDE,cardanol.sdf,/structures/cardanol.sdf,sdf,exact_normalized_name,1.0,local_sdf_library
CMPD_AA01D216AE1B,carene.sdf,/structures/carene.sdf,sdf,exact_normalized_name,1.0,local_sdf_library
CMPD_1A06F45864BE,Carissaeduloside_A.sdf,/structures/Carissaeduloside_A.sdf,sdf,exact_normalized_name,1.0,local_sdf_library
CMPD_80125E4CC274,Carissaeduloside_B.sdf,/structures/Carissaeduloside_B.sdf,sdf,exact_normalized_name,1.0,local_sdf_library
CMPD_4C8E6EC92C36,Carissaeduloside_C.sdf,/structures/Carissaeduloside_C.sdf,sdf,exact_normalized_name,1.0,local_sdf_library
CMPD_DCC0C3EF8901,Carissaeduloside_D.sdf,/structures/Carissaeduloside_D.sdf,sdf,exact_normalized_name,1.0,local_sdf_library
CMPD_1C5071F36E5E,Carissaeduloside_E.sdf,/structures/Carissaeduloside_E.sdf,sdf,exact_normalized_name,1.0,local_sdf_library
CMPD_F402F1BF0447,Carissaeduloside_F.sdf,/structures/Carissaeduloside_F.sdf,sdf,exact_normalized_name,1.0,local_sdf_library
CMPD_08F3697929A5,Carissaeduloside_H.sdf,/structures/Carissaeduloside_H.sdf,sdf,exact_normalized_name,1.0,local_sdf_library
CMPD_6588EA895F45,Carissaeduloside_I.sdf,/structures/Carissaeduloside_I.sdf,sdf,exact_normalized_name,1.0,local_sdf_library
CMPD_CCB853828FEF,Carissaeduloside_J.sdf,/structures/Carissaeduloside_J.sdf,sdf,exact_normalized_name,1.0,local_sdf_library
CMPD_4E110E3ADEE2,Carlina_oxide.sdf,/structures/Carlina_oxide.sdf,sdf,exact_normalized_name,1.0,local_sdf_library
CMPD_69D43708B2B4,Carlinoside.sdf,/structures/Carlinoside.sdf,sdf,exact_normalized_name,1.0,local_sdf_library
CMPD_559959B4AE90,Carnosic_acid.sdf,/structures/Carnosic_acid.sdf,sdf,exact_normalized_name,1.0,local_sdf_library
CMPD_06ECCC7DF363,carnosol.sdf,/structures/carnosol.sdf,sdf,exact_normalized_name,1.0,local_sdf_library
CMPD_58EF83EDC81D,Carotene.sdf,/structures/Carotene.sdf,sdf,exact_normalized_name,1.0,local_sdf_library
CMPD_5A39344321A2,carotenoid.sdf,/structures/carotenoid.sdf,sdf,exact_normalized_name,1.0,local_sdf_library
CMPD_69A49CACC893,carotol.sdf,/structures/carotol.sdf,sdf,exact_normalized_name,1.0,local_sdf_library
CMPD_A7B9FCD4BA47,Carthamidin.sdf,/structures/Carthamidin.sdf,sdf,exact_normalized_name,1.0,local_sdf_library
CMPD_80EAE732EFBD,Carvacrol.sdf,/structures/Carvacrol.sdf,sdf,exact_normalized_name,1.0,local_sdf_library
CMPD_9FA45D3225C6,Carvacrol_methyl_ether.sdf,/structures/Carvacrol_methyl_ether.sdf,sdf,exact_normalized_name,1.0,local_sdf_library
CMPD_C7F207F293EB,carvenone.sdf,/structures/carvenone.sdf,sdf,exact_normalized_name,1.0,local_sdf_library
CMPD_60D73232F62D,carvenone_oxide.sdf,/structures/carvenone_oxide.sdf,sdf,exact_normalized_name,1.0,local_sdf_library
CMPD_02C56096938D,Carvone.sdf,/structures/Carvone.sdf,sdf,exact_normalized_name,1.0,local_sdf_library
CMPD_7C79C8BF19DC,carvone_hydrate.sdf,/structures/carvone_hydrate.sdf,sdf,exact_normalized_name,1.0,local_sdf_library
CMPD_D86A3B85D200,Caryophylla-4_12__8_13_-dien-5-ol.sdf,/structures/Caryophylla-4_12__8_13_-dien-5-ol.sdf,sdf,exact_normalized_name,1.0,local_sdf_library
CMPD_9327BB904E45,Caryophylladienol_I.sdf,/structures/Caryophylladienol_I.sdf,sdf,exact_normalized_name,1.0,local_sdf_library
CMPD_1AC0CCB095F1,caryophyllane.sdf,/structures/caryophyllane.sdf,sdf,fuzzy_normalized_name,0.963,local_sdf_library
CMPD_734E75944719,caryophyllene-E.sdf,/structures/caryophyllene-E.sdf,sdf,exact_normalized_name,1.0,local_sdf_library
CMPD_1FA3D09C12F3,caryophyllene.sdf,/structures/caryophyllene.sdf,sdf,exact_normalized_name,1.0,local_sdf_library
CMPD_3F684C609E55,Caryophyllene_diepoxide.sdf,/structures/Caryophyllene_diepoxide.sdf,sdf,exact_normalized_name,1.0,local_sdf_library
CMPD_517037B2FA3F,Caryophyllene_oxide.sdf,/structures/Caryophyllene_oxide.sdf,sdf,exact_normalized_name,1.0,local_sdf_library
CMPD_7102EDBE2F59,Casimiroedin.sdf,/structures/Casimiroedin.sdf,sdf,exact_normalized_name,1.0,local_sdf_library
CMPD_0D3A5CD94957,Casimiroin.sdf,/structures/Casimiroin.sdf,sdf,exact_normalized_name,1.0,local_sdf_library
CMPD_A62F34F4B65D,castalin.sdf,/structures/castalin.sdf,sdf,fuzzy_normalized_name,0.889,local_sdf_library
CMPD_A4B63142950E,casticin.sdf,/structures/casticin.sdf,sdf,exact_normalized_name,1.0,local_sdf_library
CMPD_97D9392B7051,Casuarinin.sdf,/structures/Casuarinin.sdf,sdf,exact_normalized_name,1.0,local_sdf_library
CMPD_2714B834C1A8,catalpol.sdf,/structures/catalpol.sdf,sdf,exact_normalized_name,1.0,local_sdf_library
CMPD_0D5D64F97CB5,catalposide.sdf,/structures/catalposide.sdf,sdf,exact_normalized_name,1.0,local_sdf_library
CMPD_409A7E3661DE,Catechin.sdf,/structures/Catechin.sdf,sdf,exact_normalized_name,1.0,local_sdf_library
CMPD_0ADB90A46CA0,catechol.sdf,/structures/catechol.sdf,sdf,exact_normalized_name,1.0,local_sdf_library
CMPD_B3D5AAACB59E,catechuic_acid.sdf,/structures/catechuic_acid.sdf,sdf,exact_normalized_name,1.0,local_sdf_library
CMPD_323F57C69BEF,cedr-8_15_-en-9-ol.sdf,/structures/cedr-8_15_-en-9-ol.sdf,sdf,exact_normalized_name,1.0,local_sdf_library
CMPD_D19852E224FD,cedrane.sdf,/structures/cedrane.sdf,sdf,exact_normalized_name,1.0,local_sdf_library
CMPD_0A8515BBE0BD,Cedrelanol.sdf,/structures/Cedrelanol.sdf,sdf,exact_normalized_name,1.0,local_sdf_library
CMPD_9077CA64B817,cedrene.sdf,/structures/cedrene.sdf,sdf,exact_normalized_name,1.0,local_sdf_library
CMPD_A8167596A413,Cedrol.sdf,/structures/Cedrol.sdf,sdf,exact_normalized_name,1.0,local_sdf_library
CMPD_68EE2A1E85F1,Celtisanin.sdf,/structures/Celtisanin.sdf,sdf,exact_normalized_name,1.0,local_sdf_library
CMPD_D1378B589703,Cembrene.sdf,/structures/Cembrene.sdf,sdf,exact_normalized_name,1.0,local_sdf_library
CMPD_0BF195EE643F,Cembrene_A.sdf,/structures/Cembrene_A.sdf,sdf,exact_normalized_name,1.0,local_sdf_library
CMPD_C707D2DF4609,cembrene_C.sdf,/structures/cembrene_C.sdf,sdf,exact_normalized_name,1.0,local_sdf_library
CMPD_43450A596941,centaureidin.sdf,/structures/centaureidin.sdf,sdf,exact_normalized_name,1.0,local_sdf_library
CMPD_F17D241FE31E,Centaurolide_A.sdf,/structures/Centaurolide_A.sdf,sdf,fuzzy_normalized_name,0.923,local_sdf_library
CMPD_F17D241FE31E,Centaurolide_B.sdf,/structures/Centaurolide_B.sdf,sdf,exact_normalized_name,1.0,local_sdf_library
CMPD_6C50138300F7,Ceryl_palmitate.sdf,/structures/Ceryl_palmitate.sdf,sdf,exact_normalized_name,1.0,local_sdf_library
CMPD_482C619DED72,Chaenorrhinoside.sdf,/structures/Chaenorrhinoside.sdf,sdf,exact_normalized_name,1.0,local_sdf_library
CMPD_A25FDE1338B4,Chaihuxinoside_B.sdf,/structures/Chaihuxinoside_B.sdf,sdf,exact_normalized_name,1.0,local_sdf_library
CMPD_80F26EF0C303,Chalcone.sdf,/structures/Chalcone.sdf,sdf,exact_normalized_name,1.0,local_sdf_library
CMPD_DAA87B24BB14,Chalepensin.sdf,/structures/Chalepensin.sdf,sdf,exact_normalized_name,1.0,local_sdf_library
CMPD_8B9822C02EE3,chamazulene.sdf,/structures/chamazulene.sdf,sdf,exact_normalized_name,1.0,local_sdf_library
CMPD_B73238B85E84,Cherylline.sdf,/structures/Cherylline.sdf,sdf,exact_normalized_name,1.0,local_sdf_library
CMPD_278FA568CC5F,chicoric_acid.sdf,/structures/chicoric_acid.sdf,sdf,exact_normalized_name,1.0,local_sdf_library
CMPD_C9814133D2F9,chlorine.sdf,/structures/chlorine.sdf,sdf,exact_normalized_name,1.0,local_sdf_library
CMPD_6FD9CD3FEE6F,Chlorogenic_acid.sdf,/structures/Chlorogenic_acid.sdf,sdf,exact_normalized_name,1.0,local_sdf_library
CMPD_F6120B4B0966,cholestan-3-ol.sdf,/structures/cholestan-3-ol.sdf,sdf,exact_normalized_name,1.0,local_sdf_library
CMPD_A204C673A9A2,choline.sdf,/structures/choline.sdf,sdf,exact_normalized_name,1.0,local_sdf_library
CMPD_7A39B160DE51,Chrysanthenone.sdf,/structures/Chrysanthenone.sdf,sdf,fuzzy_normalized_name,0.963,local_sdf_library
CMPD_9FB10C3317D4,chrysanthenyl_acetate.sdf,/structures/chrysanthenyl_acetate.sdf,sdf,exact_normalized_name,1.0,local_sdf_library
CMPD_1AD2ACD98358,Chrysin-7-O-beta-D-glucopyranoside.sdf,/structures/Chrysin-7-O-beta-D-glucopyranoside.sdf,sdf,exact_normalized_name,1.0,local_sdf_library
CMPD_353A113A5377,Chrysin.sdf,/structures/Chrysin.sdf,sdf,exact_normalized_name,1.0,local_sdf_library
CMPD_87B402BC88C8,Chrysin_7-glucoside.sdf,/structures/Chrysin_7-glucoside.sdf,sdf,fuzzy_normalized_name,0.971,local_sdf_library
CMPD_87B402BC88C8,Chrysin_7-O-glucoside.sdf,/structures/Chrysin_7-O-glucoside.sdf,sdf,exact_normalized_name,1.0,local_sdf_library
CMPD_569D7F30B1A8,Chrysoeriol.sdf,/structures/Chrysoeriol.sdf,sdf,exact_normalized_name,1.0,local_sdf_library
CMPD_172046F5F183,Chrysoeriol_7-O-apiosyl-glucoside.sdf,/structures/Chrysoeriol_7-O-apiosyl-glucoside.sdf,sdf,exact_normalized_name,1.0,local_sdf_library
CMPD_224B92FF02A8,Chrysophanic_acid.sdf,/structures/Chrysophanic_acid.sdf,sdf,exact_normalized_name,1.0,local_sdf_library
CMPD_73514A9CF34E,Chrysophanol.sdf,/structures/Chrysophanol.sdf,sdf,exact_normalized_name,1.0,local_sdf_library
CMPD_AB7D0EC631F2,Chrysophanol_1-O-gentiobioside.sdf,/structures/Chrysophanol_1-O-gentiobioside.sdf,sdf,fuzzy_normalized_name,0.926,local_sdf_library
CMPD_F3D509B59280,chrysosplenetin.sdf,/structures/chrysosplenetin.sdf,sdf,exact_normalized_name,1.0,local_sdf_library
CMPD_4032D1F5B2BD,chrysosplenol_D.sdf,/structures/chrysosplenol_D.sdf,sdf,exact_normalized_name,1.0,local_sdf_library
CMPD_04D35D506FE7,cichoric_acid.sdf,/structures/cichoric_acid.sdf,sdf,exact_normalized_name,1.0,local_sdf_library
CMPD_E73300F37ED2,cichoriin.sdf,/structures/cichoriin.sdf,sdf,exact_normalized_name,1.0,local_sdf_library
CMPD_A499CE194BBC,cichorioside_C.sdf,/structures/cichorioside_C.sdf,sdf,exact_normalized_name,1.0,local_sdf_library
CMPD_1D37E10F3AC5,cinaroside.sdf,/structures/cinaroside.sdf,sdf,exact_normalized_name,1.0,local_sdf_library
CMPD_6BE7996F0EE0,cineol.sdf,/structures/cineol.sdf,sdf,fuzzy_normalized_name,0.923,local_sdf_library
CMPD_6BE7996F0EE0,cineole.sdf,/structures/cineole.sdf,sdf,exact_normalized_name,1.0,local_sdf_library
CMPD_4EED0D07F2B0,Cinnamic_acid.sdf,/structures/Cinnamic_acid.sdf,sdf,exact_normalized_name,1.0,local_sdf_library
CMPD_1BB21833E592,cinnamyl_formate.sdf,/structures/cinnamyl_formate.sdf,sdf,exact_normalized_name,1.0,local_sdf_library
CMPD_03AB945E84B2,cirsilineol.sdf,/structures/cirsilineol.sdf,sdf,exact_normalized_name,1.0,local_sdf_library
CMPD_98305B478DEF,cirsiliol.sdf,/structures/cirsiliol.sdf,sdf,exact_normalized_name,1.0,local_sdf_library
CMPD_5906FA2FA106,Cirsimaritin.sdf,/structures/Cirsimaritin.sdf,sdf,exact_normalized_name,1.0,local_sdf_library
CMPD_53C25B0CF64A,cis-aconitate.sdf,/structures/cis-aconitate.sdf,sdf,exact_normalized_name,1.0,local_sdf_library
CMPD_69A91E81CBA6,cis-Aconitic_acid.sdf,/structures/cis-Aconitic_acid.sdf,sdf,exact_normalized_name,1.0,local_sdf_library
CMPD_FEDD2F0F456D,cis-alpha-Bergamotene.sdf,/structures/cis-alpha-Bergamotene.sdf,sdf,exact_normalized_name,1.0,local_sdf_library
CMPD_BFE5003CF318,Cis-asarone.sdf,/structures/Cis-asarone.sdf,sdf,exact_normalized_name,1.0,local_sdf_library
CMPD_125B7B539FB7,cis-beta-ocimene.sdf,/structures/cis-beta-ocimene.sdf,sdf,fuzzy_normalized_name,0.88,local_sdf_library
CMPD_9C4031A87354,cis-beta-Terpineol.sdf,/structures/cis-beta-Terpineol.sdf,sdf,exact_normalized_name,1.0,local_sdf_library
CMPD_A28F1256FF27,cis-calamenene.sdf,/structures/cis-calamenene.sdf,sdf,exact_normalized_name,1.0,local_sdf_library
CMPD_2D6171E44880,cis-Carvyl_propionate.sdf,/structures/cis-Carvyl_propionate.sdf,sdf,fuzzy_normalized_name,0.895,local_sdf_library
CMPD_BCF8B8548737,cis-Chrysanthenyl_acetate.sdf,/structures/cis-Chrysanthenyl_acetate.sdf,sdf,fuzzy_normalized_name,0.978,local_sdf_library
CMPD_9E2A4D4514F3,cis-coumaroylquinic_acid.sdf,/structures/cis-coumaroylquinic_acid.sdf,sdf,exact_normalized_name,1.0,local_sdf_library
CMPD_7EFFD5474397,cis-dihydrocarvone.sdf,/structures/cis-dihydrocarvone.sdf,sdf,exact_normalized_name,1.0,local_sdf_library
CMPD_B3AD60B08D0A,cis-epoxyconiferyl_alcohol.sdf,/structures/cis-epoxyconiferyl_alcohol.sdf,sdf,exact_normalized_name,1.0,local_sdf_library
CMPD_3B4D9EDEA046,cis-Farnesol.sdf,/structures/cis-Farnesol.sdf,sdf,fuzzy_normalized_name,0.909,local_sdf_library
CMPD_D0FBBAF4D58C,cis-ferruginol.sdf,/structures/cis-ferruginol.sdf,sdf,exact_normalized_name,1.0,local_sdf_library
CMPD_F3E871E366DF,cis-geranylacetone.sdf,/structures/cis-geranylacetone.sdf,sdf,exact_normalized_name,1.0,local_sdf_library
CMPD_E62AFA19A546,cis-Linalool_oxide__furanoid_.sdf,/structures/cis-Linalool_oxide__furanoid_.sdf,sdf,exact_normalized_name,1.0,local_sdf_library
CMPD_DB7DC96A978D,cis-martynoside.sdf,/structures/cis-martynoside.sdf,sdf,exact_normalized_name,1.0,local_sdf_library
CMPD_8EBCE26A0048,cis-nerolidol.sdf,/structures/cis-nerolidol.sdf,sdf,fuzzy_normalized_name,0.96,local_sdf_library
CMPD_B1F8FFCE48DA,cis-p-Mentha-2_8-dien-1-ol.sdf,/structures/cis-p-Mentha-2_8-dien-1-ol.sdf,sdf,fuzzy_normalized_name,0.923,local_sdf_library
CMPD_E96F04A9BE01,cis-pinocarveol.sdf,/structures/cis-pinocarveol.sdf,sdf,exact_normalized_name,1.0,local_sdf_library
CMPD_4671B0F23355,Cis-Piperitol.sdf,/structures/Cis-Piperitol.sdf,sdf,exact_normalized_name,1.0,local_sdf_library
CMPD_6DAF297098DF,cis-sabinene.sdf,/structures/cis-sabinene.sdf,sdf,exact_normalized_name,1.0,local_sdf_library
CMPD_3C5BFE18BC86,cis-Sabinene_hydrate.sdf,/structures/cis-Sabinene_hydrate.sdf,sdf,exact_normalized_name,1.0,local_sdf_library
CMPD_5B01E9B01DC2,cis-sesquisabinene_hydrate.sdf,/structures/cis-sesquisabinene_hydrate.sdf,sdf,exact_normalized_name,1.0,local_sdf_library
CMPD_8F4B41D2A03A,Cis-Thujone.sdf,/structures/Cis-Thujone.sdf,sdf,exact_normalized_name,1.0,local_sdf_library
CMPD_05D4F4905DBD,cis-Thujopsenic_acid.sdf,/structures/cis-Thujopsenic_acid.sdf,sdf,exact_normalized_name,1.0,local_sdf_library
CMPD_1210B2D03385,cis-totarol.sdf,/structures/cis-totarol.sdf,sdf,exact_normalized_name,1.0,local_sdf_library
CMPD_5C5D87257392,Cis-Vaccenic_acid.sdf,/structures/Cis-Vaccenic_acid.sdf,sdf,exact_normalized_name,1.0,local_sdf_library
CMPD_0A415B8FCF5D,cis-verbenol.sdf,/structures/cis-verbenol.sdf,sdf,exact_normalized_name,1.0,local_sdf_library
CMPD_7A38055C46EF,cis-verbenone.sdf,/structures/cis-verbenone.sdf,sdf,exact_normalized_name,1.0,local_sdf_library
CMPD_D624E342898D,cis-zeatin-O-glucoside.sdf,/structures/cis-zeatin-O-glucoside.sdf,sdf,exact_normalized_name,1.0,local_sdf_library
CMPD_A30BE755E617,cis-β-farnesene.sdf,/structures/cis-β-farnesene.sdf,sdf,fuzzy_normalized_name,0.897,local_sdf_library
CMPD_B4588FD32064,cis_ferulic_acid.sdf,/structures/cis_ferulic_acid.sdf,sdf,exact_normalized_name,1.0,local_sdf_library
CMPD_3C5BFE18BC86,cis_sabinene_hydrate.sdf,/structures/cis_sabinene_hydrate.sdf,sdf,exact_normalized_name,1.0,local_sdf_library
CMPD_295EDC1685A5,Cistanoside_C.sdf,/structures/Cistanoside_C.sdf,sdf,exact_normalized_name,1.0,local_sdf_library
CMPD_49B45600D02D,citral.sdf,/structures/citral.sdf,sdf,exact_normalized_name,1.0,local_sdf_library
CMPD_7ACDC16395F7,citreorosein.sdf,/structures/citreorosein.sdf,sdf,exact_normalized_name,1.0,local_sdf_library
CMPD_1F5069EF4578,Citric_acid.sdf,/structures/Citric_acid.sdf,sdf,exact_normalized_name,1.0,local_sdf_library
CMPD_7691F1E30DAA,citronellyl_acetate.sdf,/structures/citronellyl_acetate.sdf,sdf,exact_normalized_name,1.0,local_sdf_library
CMPD_FE10A700B765,citronellyl_butyrate.sdf,/structures/citronellyl_butyrate.sdf,sdf,exact_normalized_name,1.0,local_sdf_library
CMPD_91D905175042,citronellyl_formate.sdf,/structures/citronellyl_formate.sdf,sdf,exact_normalized_name,1.0,local_sdf_library
CMPD_D3DEF96920F3,citronellyl_propionate.sdf,/structures/citronellyl_propionate.sdf,sdf,exact_normalized_name,1.0,local_sdf_library
CMPD_3E40127981E4,citrostadienol.sdf,/structures/citrostadienol.sdf,sdf,exact_normalized_name,1.0,local_sdf_library
CMPD_770B97D6CF6A,citrusin_E.sdf,/structures/citrusin_E.sdf,sdf,exact_normalized_name,1.0,local_sdf_library
CMPD_8637A6B3C9E5,Ciwujiatone.sdf,/structures/Ciwujiatone.sdf,sdf,exact_normalized_name,1.0,local_sdf_library
CMPD_4C410FF34185,Clausanitin.sdf,/structures/Clausanitin.sdf,sdf,exact_normalized_name,1.0,local_sdf_library
CMPD_B5A5D182AEB9,Clausemarin.sdf,/structures/Clausemarin.sdf,sdf,exact_normalized_name,1.0,local_sdf_library
CMPD_B5A5D182AEB9,Clausenarin.sdf,/structures/Clausenarin.sdf,sdf,fuzzy_normalized_name,0.909,local_sdf_library
CMPD_02DA1B0FC187,clausenine.sdf,/structures/clausenine.sdf,sdf,exact_normalized_name,1.0,local_sdf_library
CMPD_896389C7884A,clausenol.sdf,/structures/clausenol.sdf,sdf,exact_normalized_name,1.0,local_sdf_library
CMPD_8DD14A4C9BB2,clausenolide-1-ethyl_ether.sdf,/structures/clausenolide-1-ethyl_ether.sdf,sdf,exact_normalized_name,1.0,local_sdf_library
CMPD_2728E054F869,clausenolide.sdf,/structures/clausenolide.sdf,sdf,exact_normalized_name,1.0,local_sdf_library
CMPD_10B785D38017,clerosterol.sdf,/structures/clerosterol.sdf,sdf,exact_normalized_name,1.0,local_sdf_library
CMPD_49CD37788A95,cnicin.sdf,/structures/cnicin.sdf,sdf,exact_normalized_name,1.0,local_sdf_library
CMPD_264F9CAA16CC,cnidilin.sdf,/structures/cnidilin.sdf,sdf,exact_normalized_name,1.0,local_sdf_library
CMPD_E55B6F260EA1,coagulin_L.sdf,/structures/coagulin_L.sdf,sdf,exact_normalized_name,1.0,local_sdf_library
CMPD_70B1DB0B04E2,Cocciferin_T.sdf,/structures/Cocciferin_T.sdf,sdf,fuzzy_normalized_name,0.957,local_sdf_library
CMPD_A813A5925B53,Coccinic_acid.sdf,/structures/Coccinic_acid.sdf,sdf,exact_normalized_name,1.0,local_sdf_library
CMPD_948C9C91340F,cocolactone.sdf,/structures/cocolactone.sdf,sdf,exact_normalized_name,1.0,local_sdf_library
CMPD_43FA7F74843E,Colchifoline.sdf,/structures/Colchifoline.sdf,sdf,exact_normalized_name,1.0,local_sdf_library
CMPD_535C197806A8,columbamine.sdf,/structures/columbamine.sdf,sdf,exact_normalized_name,1.0,local_sdf_library
CMPD_42E021553570,Communic_acid.sdf,/structures/Communic_acid.sdf,sdf,exact_normalized_name,1.0,local_sdf_library
CMPD_B15C3A52BCAE,Comphene.sdf,/structures/Comphene.sdf,sdf,exact_normalized_name,1.0,local_sdf_library
CMPD_59349BC9C0E3,Conidendrin.sdf,/structures/Conidendrin.sdf,sdf,exact_normalized_name,1.0,local_sdf_library
CMPD_24BC30961430,Coniferaldehyde.sdf,/structures/Coniferaldehyde.sdf,sdf,exact_normalized_name,1.0,local_sdf_library
CMPD_A1E638715E56,Coniferyl_alcohol.sdf,/structures/Coniferyl_alcohol.sdf,sdf,exact_normalized_name,1.0,local_sdf_library
CMPD_01599A2A2C0E,Coniferyl_alcohol_4-O-sulphate.sdf,/structures/Coniferyl_alcohol_4-O-sulphate.sdf,sdf,exact_normalized_name,1.0,local_sdf_library
CMPD_6C9751631FCD,Coniferyl_aldehyde.sdf,/structures/Coniferyl_aldehyde.sdf,sdf,fuzzy_normalized_name,0.944,local_sdf_library
CMPD_6C9751631FCD,Coniferylic_aldehyde.sdf,/structures/Coniferylic_aldehyde.sdf,sdf,exact_normalized_name,1.0,local_sdf_library
CMPD_CDA75758E07C,Conoidene.sdf,/structures/Conoidene.sdf,sdf,exact_normalized_name,1.0,local_sdf_library
CMPD_26033A7E2B14,convallatoxin.sdf,/structures/convallatoxin.sdf,sdf,exact_normalized_name,1.0,local_sdf_library
CMPD_C979E5C46F21,copaene.sdf,/structures/copaene.sdf,sdf,exact_normalized_name,1.0,local_sdf_library
CMPD_EA1AAC3D3DFF,coptisine.sdf,/structures/coptisine.sdf,sdf,exact_normalized_name,1.0,local_sdf_library
CMPD_18CCA0380FD5,coreximine.sdf,/structures/coreximine.sdf,sdf,exact_normalized_name,1.0,local_sdf_library
CMPD_D31B9CDA1F0E,Coriamyrtin.sdf,/structures/Coriamyrtin.sdf,sdf,exact_normalized_name,1.0,local_sdf_library
CMPD_56213A1AB1BA,corilagin.sdf,/structures/corilagin.sdf,sdf,exact_normalized_name,1.0,local_sdf_library
CMPD_7503BC884AFE,Cornuside.sdf,/structures/Cornuside.sdf,sdf,exact_normalized_name,1.0,local_sdf_library
CMPD_C6BFAAFA3E47,coroglaucigenin.sdf,/structures/coroglaucigenin.sdf,sdf,exact_normalized_name,1.0,local_sdf_library
CMPD_BC2FBAEC0EE8,Corosolic_acid.sdf,/structures/Corosolic_acid.sdf,sdf,exact_normalized_name,1.0,local_sdf_library
CMPD_187432501614,Corticosterone.sdf,/structures/Corticosterone.sdf,sdf,exact_normalized_name,1.0,local_sdf_library
CMPD_1D1FCF7F7C4F,corylidin.sdf,/structures/corylidin.sdf,sdf,exact_normalized_name,1.0,local_sdf_library
CMPD_DA698918BFDA,Corylifol_C.sdf,/structures/Corylifol_C.sdf,sdf,exact_normalized_name,1.0,local_sdf_library
CMPD_7E3C35E3FD7F,Cosmetin.sdf,/structures/Cosmetin.sdf,sdf,exact_normalized_name,1.0,local_sdf_library
CMPD_4D44A5078B7E,Cosmoside.sdf,/structures/Cosmoside.sdf,sdf,exact_normalized_name,1.0,local_sdf_library
CMPD_86459E10B42F,Cosmosiin.sdf,/structures/Cosmosiin.sdf,sdf,exact_normalized_name,1.0,local_sdf_library
CMPD_A4D921E73EAB,costic_acid.sdf,/structures/costic_acid.sdf,sdf,exact_normalized_name,1.0,local_sdf_library
CMPD_2D15A48245FB,Costunolide.sdf,/structures/Costunolide.sdf,sdf,exact_normalized_name,1.0,local_sdf_library
CMPD_3C8128CD4D94,coulteropine.sdf,/structures/coulteropine.sdf,sdf,exact_normalized_name,1.0,local_sdf_library
CMPD_2F2D5F663707,Coumaric_acid.sdf,/structures/Coumaric_acid.sdf,sdf,exact_normalized_name,1.0,local_sdf_library
CMPD_D8C7EC0EFB72,Coumarin.sdf,/structures/Coumarin.sdf,sdf,exact_normalized_name,1.0,local_sdf_library
CMPD_1CB99F412473,coumaroyl-1-O-beta-D-glucopyranoside.sdf,/structures/coumaroyl-1-O-beta-D-glucopyranoside.sdf,sdf,exact_normalized_name,1.0,local_sdf_library
CMPD_6B503C2D329C,Crinamidine.sdf,/structures/Crinamidine.sdf,sdf,exact_normalized_name,1.0,local_sdf_library
CMPD_B38835C42451,Crinamine.sdf,/structures/Crinamine.sdf,sdf,exact_normalized_name,1.0,local_sdf_library
CMPD_3D69DAA0183F,Crinine.sdf,/structures/Crinine.sdf,sdf,exact_normalized_name,1.0,local_sdf_library
CMPD_538928C18D16,Croweacin.sdf,/structures/Croweacin.sdf,sdf,exact_normalized_name,1.0,local_sdf_library
CMPD_DC731491EF0D,Cryptanol.sdf,/structures/Cryptanol.sdf,sdf,exact_normalized_name,1.0,local_sdf_library
CMPD_A7F84DEEC32A,cryptone.sdf,/structures/cryptone.sdf,sdf,exact_normalized_name,1.0,local_sdf_library
CMPD_7C63B1EA7FB2,cryptopine.sdf,/structures/cryptopine.sdf,sdf,exact_normalized_name,1.0,local_sdf_library
CMPD_31523FC5E8E5,cryptoxanthin.sdf,/structures/cryptoxanthin.sdf,sdf,exact_normalized_name,1.0,local_sdf_library
CMPD_A850C33E4421,cubenene.sdf,/structures/cubenene.sdf,sdf,exact_normalized_name,1.0,local_sdf_library
CMPD_90859236AA6B,cubenol.sdf,/structures/cubenol.sdf,sdf,exact_normalized_name,1.0,local_sdf_library
CMPD_ACB0D34B950A,Cucurbitacin_B.sdf,/structures/Cucurbitacin_B.sdf,sdf,exact_normalized_name,1.0,local_sdf_library
CMPD_E0CF94008F1B,Cucurbitacin_D.sdf,/structures/Cucurbitacin_D.sdf,sdf,exact_normalized_name,1.0,local_sdf_library
CMPD_0C1FD1A620BF,Cucurbitacin_E.sdf,/structures/Cucurbitacin_E.sdf,sdf,exact_normalized_name,1.0,local_sdf_library
CMPD_B06CEE8F1374,Cucurbitacin_J.sdf,/structures/Cucurbitacin_J.sdf,sdf,exact_normalized_name,1.0,local_sdf_library
CMPD_B56D52ED54B4,cumene.sdf,/structures/cumene.sdf,sdf,exact_normalized_name,1.0,local_sdf_library
CMPD_5B7B704E4B79,cuminyl_alcohol.sdf,/structures/cuminyl_alcohol.sdf,sdf,exact_normalized_name,1.0,local_sdf_library
CMPD_41E7D32A2C4F,curcumene.sdf,/structures/curcumene.sdf,sdf,exact_normalized_name,1.0,local_sdf_library
CMPD_2855B020499D,Curcumin.sdf,/structures/Curcumin.sdf,sdf,exact_normalized_name,1.0,local_sdf_library
CMPD_0DED15587851,curzerene.sdf,/structures/curzerene.sdf,sdf,exact_normalized_name,1.0,local_sdf_library
CMPD_66A6C77B5F8B,Curzerenone.sdf,/structures/Curzerenone.sdf,sdf,exact_normalized_name,1.0,local_sdf_library
CMPD_323D8983D95D,Cyanidin-3-glycoside.sdf,/structures/Cyanidin-3-glycoside.sdf,sdf,fuzzy_normalized_name,0.971,local_sdf_library
CMPD_8B80EBD6FB9F,cyanidin-3-O-glucoside.sdf,/structures/cyanidin-3-O-glucoside.sdf,sdf,exact_normalized_name,1.0,local_sdf_library
CMPD_33C83577FE45,Cyanidin-3-pentoside.sdf,/structures/Cyanidin-3-pentoside.sdf,sdf,fuzzy_normalized_name,0.971,local_sdf_library
CMPD_62A9EB72FEA7,Cyanidin-3_5-diglucoside.sdf,/structures/Cyanidin-3_5-diglucoside.sdf,sdf,exact_normalized_name,1.0,local_sdf_library
CMPD_C07194683583,Cyanidin.sdf,/structures/Cyanidin.sdf,sdf,exact_normalized_name,1.0,local_sdf_library
CMPD_D5CC53909BA4,Cyanidin_3-glucoside.sdf,/structures/Cyanidin_3-glucoside.sdf,sdf,exact_normalized_name,1.0,local_sdf_library
CMPD_70A6EB10A13B,cyanidin_3-O-rutinoside.sdf,/structures/cyanidin_3-O-rutinoside.sdf,sdf,fuzzy_normalized_name,0.974,local_sdf_library
CMPD_E5CFC97904C5,Cyanidin_3-sophoroside.sdf,/structures/Cyanidin_3-sophoroside.sdf,sdf,exact_normalized_name,1.0,local_sdf_library
CMPD_162CDC2A8B56,Cyclitol.sdf,/structures/Cyclitol.sdf,sdf,exact_normalized_name,1.0,local_sdf_library
CMPD_2C0F5F48E9A1,Cycloartane-3beta_24S-diol.sdf,/structures/Cycloartane-3beta_24S-diol.sdf,sdf,exact_normalized_name,1.0,local_sdf_library
CMPD_238CE94A49AB,Cycloartanol.sdf,/structures/Cycloartanol.sdf,sdf,exact_normalized_name,1.0,local_sdf_library
CMPD_238CE94A49AB,Cycloartenol.sdf,/structures/Cycloartenol.sdf,sdf,fuzzy_normalized_name,0.917,local_sdf_library
CMPD_6084A1C8C6F1,Cycloastragenol.sdf,/structures/Cycloastragenol.sdf,sdf,exact_normalized_name,1.0,local_sdf_library
CMPD_0924D62C38ED,cyclocolorenone.sdf,/structures/cyclocolorenone.sdf,sdf,exact_normalized_name,1.0,local_sdf_library
CMPD_3AB86CF248B9,cycloeucalenol.sdf,/structures/cycloeucalenol.sdf,sdf,exact_normalized_name,1.0,local_sdf_library
CMPD_2B8ECE810B83,Cyclohexane.sdf,/structures/Cyclohexane.sdf,sdf,exact_normalized_name,1.0,local_sdf_library
CMPD_5ABC4A733955,Cyclohexanol.sdf,/structures/Cyclohexanol.sdf,sdf,fuzzy_normalized_name,0.88,local_sdf_library
CMPD_5ABC4A733955,cyclohexanone.sdf,/structures/cyclohexanone.sdf,sdf,exact_normalized_name,1.0,local_sdf_library
CMPD_51E6E50F6663,Cyclohexylamine.sdf,/structures/Cyclohexylamine.sdf,sdf,exact_normalized_name,1.0,local_sdf_library
CMPD_AEC129A6BD97,cycloolivil.sdf,/structures/cycloolivil.sdf,sdf,exact_normalized_name,1.0,local_sdf_library
CMPD_341057D7A395,cyclopentadecanolide.sdf,/structures/cyclopentadecanolide.sdf,sdf,exact_normalized_name,1.0,local_sdf_library
CMPD_49A54784C611,cyclopentanol.sdf,/structures/cyclopentanol.sdf,sdf,exact_normalized_name,1.0,local_sdf_library
CMPD_5008422579F6,Cyclosieversigenin.sdf,/structures/Cyclosieversigenin.sdf,sdf,fuzzy_normalized_name,0.944,local_sdf_library
CMPD_82B99D3FFD06,cyclotetracosane.sdf,/structures/cyclotetracosane.sdf,sdf,exact_normalized_name,1.0,local_sdf_library
CMPD_1EDEE4AD0A04,Cyclotrisiloxane.sdf,/structures/Cyclotrisiloxane.sdf,sdf,exact_normalized_name,1.0,local_sdf_library
CMPD_3A9FE89D182D,Cyllenin_A.sdf,/structures/Cyllenin_A.sdf,sdf,exact_normalized_name,1.0,local_sdf_library
CMPD_6606DD418CC1,cymen-8-ol.sdf,/structures/cymen-8-ol.sdf,sdf,fuzzy_normalized_name,0.941,local_sdf_library
CMPD_53C9673906A0,Cynarasaponin_A.sdf,/structures/Cynarasaponin_A.sdf,sdf,fuzzy_normalized_name,0.966,local_sdf_library
CMPD_C866D923B8B2,Cynarasaponin_B.sdf,/structures/Cynarasaponin_B.sdf,sdf,exact_normalized_name,1.0,local_sdf_library
CMPD_4DC6BF544AC0,Cynarasaponin_G.sdf,/structures/Cynarasaponin_G.sdf,sdf,exact_normalized_name,1.0,local_sdf_library
CMPD_627858CFB070,Cynarasaponin_H.sdf,/structures/Cynarasaponin_H.sdf,sdf,exact_normalized_name,1.0,local_sdf_library
CMPD_8710AD46794F,Cynarin.sdf,/structures/Cynarin.sdf,sdf,exact_normalized_name,1.0,local_sdf_library
CMPD_0C31C3313DDA,Cynaropicrin.sdf,/structures/Cynaropicrin.sdf,sdf,exact_normalized_name,1.0,local_sdf_library
CMPD_1D37E10F3AC5,Cynaroside.sdf,/structures/Cynaroside.sdf,sdf,fuzzy_normalized_name,0.9,local_sdf_library
CMPD_A4577F0C7CEF,Cyperene.sdf,/structures/Cyperene.sdf,sdf,exact_normalized_name,1.0,local_sdf_library
CMPD_837FBB430493,cystine.sdf,/structures/cystine.sdf,sdf,exact_normalized_name,1.0,local_sdf_library
CMPD_0A8CF805710D,Cytisine.sdf,/structures/Cytisine.sdf,sdf,exact_normalized_name,1.0,local_sdf_library
CMPD_D4B570600612,D-allitol.sdf,/structures/D-allitol.sdf,sdf,exact_normalized_name,1.0,local_sdf_library
CMPD_2A0B2D612E4A,D-Carvone.sdf,/structures/D-Carvone.sdf,sdf,exact_normalized_name,1.0,local_sdf_library
CMPD_137A54E55634,D-Fructose.sdf,/structures/D-Fructose.sdf,sdf,exact_normalized_name,1.0,local_sdf_library
CMPD_07D77B7F08CF,D-galacturonic_acid.sdf,/structures/D-galacturonic_acid.sdf,sdf,exact_normalized_name,1.0,local_sdf_library
CMPD_0559D1FAF847,D-germacrene.sdf,/structures/D-germacrene.sdf,sdf,exact_normalized_name,1.0,local_sdf_library
CMPD_6A4627EDEC46,D-limonene.sdf,/structures/D-limonene.sdf,sdf,exact_normalized_name,1.0,local_sdf_library
CMPD_54E05909DE72,D-mannitol.sdf,/structures/D-mannitol.sdf,sdf,fuzzy_normalized_name,0.941,local_sdf_library
CMPD_422CBFECD268,D-menthone.sdf,/structures/D-menthone.sdf,sdf,exact_normalized_name,1.0,local_sdf_library
CMPD_1A5A9969560F,D-quinic_acid.sdf,/structures/D-quinic_acid.sdf,sdf,exact_normalized_name,1.0,local_sdf_library
CMPD_B76A086934A3,D-tartaric_acid.sdf,/structures/D-tartaric_acid.sdf,sdf,exact_normalized_name,1.0,local_sdf_library
CMPD_67CFC0604029,D-xylose.sdf,/structures/D-xylose.sdf,sdf,exact_normalized_name,1.0,local_sdf_library
CMPD_1CE28BA6C8BE,Daidzein.sdf,/structures/Daidzein.sdf,sdf,exact_normalized_name,1.0,local_sdf_library
CMPD_2F59E4DDC56F,Daidzin.sdf,/structures/Daidzin.sdf,sdf,exact_normalized_name,1.0,local_sdf_library
CMPD_634798397303,damascenine.sdf,/structures/damascenine.sdf,sdf,exact_normalized_name,1.0,local_sdf_library
CMPD_A85A1E21A756,Dammara-20_24-diene-3-beta-ol.sdf,/structures/Dammara-20_24-diene-3-beta-ol.sdf,sdf,exact_normalized_name,1.0,local_sdf_library
CMPD_728227714F20,daphnetin.sdf,/structures/daphnetin.sdf,sdf,exact_normalized_name,1.0,local_sdf_library
CMPD_7322CC7C5224,daphnin.sdf,/structures/daphnin.sdf,sdf,exact_normalized_name,1.0,local_sdf_library
CMPD_9CBE4C3024B8,daphnodorin_B.sdf,/structures/daphnodorin_B.sdf,sdf,exact_normalized_name,1.0,local_sdf_library
CMPD_B5E0E7D388C5,daphnoretin.sdf,/structures/daphnoretin.sdf,sdf,exact_normalized_name,1.0,local_sdf_library
CMPD_FE5E4D281A5E,Daucane.sdf,/structures/Daucane.sdf,sdf,exact_normalized_name,1.0,local_sdf_library
CMPD_895558BA4048,daucene.sdf,/structures/daucene.sdf,sdf,exact_normalized_name,1.0,local_sdf_library
CMPD_4BB843EFE58A,daucol.sdf,/structures/daucol.sdf,sdf,exact_normalized_name,1.0,local_sdf_library
CMPD_15E3FEE13E74,Daucosterol.sdf,/structures/Daucosterol.sdf,sdf,exact_normalized_name,1.0,local_sdf_library
CMPD_896FD472C0C7,Daucucarotol.sdf,/structures/Daucucarotol.sdf,sdf,exact_normalized_name,1.0,local_sdf_library
CMPD_407137081DCB,davana_ether.sdf,/structures/davana_ether.sdf,sdf,exact_normalized_name,1.0,local_sdf_library
CMPD_C66EBF8E68D8,Davanone.sdf,/structures/Davanone.sdf,sdf,exact_normalized_name,1.0,local_sdf_library
CMPD_D99E3185D5CB,deacetylasperulosidic_acid.sdf,/structures/deacetylasperulosidic_acid.sdf,sdf,exact_normalized_name,1.0,local_sdf_library
CMPD_314C3EEE4B32,Deacetylbowdensine.sdf,/structures/Deacetylbowdensine.sdf,sdf,exact_normalized_name,1.0,local_sdf_library
CMPD_335BB67EB43F,Debiloside_C.sdf,/structures/Debiloside_C.sdf,sdf,exact_normalized_name,1.0,local_sdf_library
CMPD_652091890CC7,decanal.sdf,/structures/decanal.sdf,sdf,exact_normalized_name,1.0,local_sdf_library
CMPD_777527A4B4A3,Decane.sdf,/structures/Decane.sdf,sdf,exact_normalized_name,1.0,local_sdf_library
CMPD_C0B54C7E2C24,decanoic_acid.sdf,/structures/decanoic_acid.sdf,sdf,exact_normalized_name,1.0,local_sdf_library
CMPD_45447F7943AC,Decarboxyamorfrutin_A.sdf,/structures/Decarboxyamorfrutin_A.sdf,sdf,exact_normalized_name,1.0,local_sdf_library
CMPD_E13964D3F2E0,Decyl_propanoate.sdf,/structures/Decyl_propanoate.sdf,sdf,exact_normalized_name,1.0,local_sdf_library
CMPD_4B4DD2BE3037,deguelin.sdf,/structures/deguelin.sdf,sdf,exact_normalized_name,1.0,local_sdf_library
CMPD_18883CA2F897,dehydroabietol.sdf,/structures/dehydroabietol.sdf,sdf,exact_normalized_name,1.0,local_sdf_library
CMPD_E86FD5B72435,Dehydroascorbic_acid.sdf,/structures/Dehydroascorbic_acid.sdf,sdf,exact_normalized_name,1.0,local_sdf_library
CMPD_4A6C744386EA,dehydrobrachylaenolide.sdf,/structures/dehydrobrachylaenolide.sdf,sdf,exact_normalized_name,1.0,local_sdf_library
CMPD_F52D8F6A032A,Dehydrocalotropin.sdf,/structures/Dehydrocalotropin.sdf,sdf,exact_normalized_name,1.0,local_sdf_library
CMPD_AFEDC394BE02,dehydrocheilanthifoline.sdf,/structures/dehydrocheilanthifoline.sdf,sdf,exact_normalized_name,1.0,local_sdf_library
CMPD_764380FAC66C,Dehydrocostus_lactone.sdf,/structures/Dehydrocostus_lactone.sdf,sdf,exact_normalized_name,1.0,local_sdf_library
CMPD_FDF806D2248C,dehydrodeguelin.sdf,/structures/dehydrodeguelin.sdf,sdf,exact_normalized_name,1.0,local_sdf_library
CMPD_D3FB297410E2,dehydrodicatechin_A.sdf,/structures/dehydrodicatechin_A.sdf,sdf,exact_normalized_name,1.0,local_sdf_library
CMPD_C162AF4675BA,dehydroglaucine.sdf,/structures/dehydroglaucine.sdf,sdf,exact_normalized_name,1.0,local_sdf_library
CMPD_EB20B8034DAC,dehydrohyoscyamine.sdf,/structures/dehydrohyoscyamine.sdf,sdf,exact_normalized_name,1.0,local_sdf_library
CMPD_C44F347035CD,Dehydromelitensin.sdf,/structures/Dehydromelitensin.sdf,sdf,exact_normalized_name,1.0,local_sdf_library
CMPD_D9A37F6BC240,dehydrorotenone.sdf,/structures/dehydrorotenone.sdf,sdf,exact_normalized_name,1.0,local_sdf_library
CMPD_2FB86B1F9B47,Dehydrovomifoliol.sdf,/structures/Dehydrovomifoliol.sdf,sdf,exact_normalized_name,1.0,local_sdf_library
CMPD_3AA2680E11FE,Delajadine.sdf,/structures/Delajadine.sdf,sdf,exact_normalized_name,1.0,local_sdf_library
CMPD_C6AF58701BE9,Delphinidin.sdf,/structures/Delphinidin.sdf,sdf,exact_normalized_name,1.0,local_sdf_library
CMPD_AA451876F42B,Delphinidin_3-_6-p-coumaroylglucoside_.sdf,/structures/Delphinidin_3-_6-p-coumaroylglucoside_.sdf,sdf,fuzzy_normalized_name,0.984,local_sdf_library
CMPD_8EBDC56E9695,Delphinidin_3_5-diglucoside.sdf,/structures/Delphinidin_3_5-diglucoside.sdf,sdf,exact_normalized_name,1.0,local_sdf_library
CMPD_8EBDC56E9695,Delphinidin_3_5_diglucoside.sdf,/structures/Delphinidin_3_5_diglucoside.sdf,sdf,exact_normalized_name,1.0,local_sdf_library
CMPD_87667A7D21E4,Delta-3-carene.sdf,/structures/Delta-3-carene.sdf,sdf,fuzzy_normalized_name,0.957,local_sdf_library
CMPD_1085347E3C5E,delta-5-avenasterol.sdf,/structures/delta-5-avenasterol.sdf,sdf,exact_normalized_name,1.0,local_sdf_library
CMPD_4B1C0AF86BE1,Delta-7-campesterol.sdf,/structures/Delta-7-campesterol.sdf,sdf,exact_normalized_name,1.0,local_sdf_library
CMPD_0F2DBF71D488,Delta-cadinene.sdf,/structures/Delta-cadinene.sdf,sdf,exact_normalized_name,1.0,local_sdf_library
CMPD_4D625DD540C5,delta-Cadinol.sdf,/structures/delta-Cadinol.sdf,sdf,exact_normalized_name,1.0,local_sdf_library
CMPD_B75243F94FE9,delta-Carotene.sdf,/structures/delta-Carotene.sdf,sdf,exact_normalized_name,1.0,local_sdf_library
CMPD_3E577C4FFA38,delta-terpinene.sdf,/structures/delta-terpinene.sdf,sdf,exact_normalized_name,1.0,local_sdf_library
CMPD_0A9B52132C5F,delta-Thujene.sdf,/structures/delta-Thujene.sdf,sdf,exact_normalized_name,1.0,local_sdf_library
CMPD_9105099B2C4A,Delta-tocopherol.sdf,/structures/Delta-tocopherol.sdf,sdf,exact_normalized_name,1.0,local_sdf_library
CMPD_1E0541BF41A1,Delta7-Avenasterol.sdf,/structures/Delta7-Avenasterol.sdf,sdf,exact_normalized_name,1.0,local_sdf_library
CMPD_25B9E5E41550,delta_decalactone.sdf,/structures/delta_decalactone.sdf,sdf,exact_normalized_name,1.0,local_sdf_library
CMPD_D210E283B122,deltoin.sdf,/structures/deltoin.sdf,sdf,exact_normalized_name,1.0,local_sdf_library
CMPD_53606220B916,Demethoxy_Curcumin.sdf,/structures/Demethoxy_Curcumin.sdf,sdf,exact_normalized_name,1.0,local_sdf_library
CMPD_53606220B916,Demethoxycurcumin.sdf,/structures/Demethoxycurcumin.sdf,sdf,exact_normalized_name,1.0,local_sdf_library
CMPD_8AC5C4101063,Deoxyelephantopin.sdf,/structures/Deoxyelephantopin.sdf,sdf,exact_normalized_name,1.0,local_sdf_library
CMPD_9092FD21C873,deoxypodophyllotoxin.sdf,/structures/deoxypodophyllotoxin.sdf,sdf,fuzzy_normalized_name,0.974,local_sdf_library
CMPD_0FDC67411394,Desertine.sdf,/structures/Desertine.sdf,sdf,exact_normalized_name,1.0,local_sdf_library
CMPD_0C1A0AD3E382,desoxyerythrolaccin.sdf,/structures/desoxyerythrolaccin.sdf,sdf,exact_normalized_name,1.0,local_sdf_library
CMPD_15AA0906ADFC,Diadinoxanthin.sdf,/structures/Diadinoxanthin.sdf,sdf,exact_normalized_name,1.0,local_sdf_library
CMPD_63946054587F,Diallyl_disulphide.sdf,/structures/Diallyl_disulphide.sdf,sdf,exact_normalized_name,1.0,local_sdf_library
CMPD_D440EE5EE596,Diallyl_sulphide.sdf,/structures/Diallyl_sulphide.sdf,sdf,exact_normalized_name,1.0,local_sdf_library
CMPD_9E4E22B31FA4,dibuthyl_phthalate.sdf,/structures/dibuthyl_phthalate.sdf,sdf,fuzzy_normalized_name,0.97,local_sdf_library
CMPD_9E4E22B31FA4,Dibutyl_phthalate.sdf,/structures/Dibutyl_phthalate.sdf,sdf,exact_normalized_name,1.0,local_sdf_library
CMPD_3B19DB200A61,dicaffeoyl_tartaric_acid.sdf,/structures/dicaffeoyl_tartaric_acid.sdf,sdf,exact_normalized_name,1.0,local_sdf_library
CMPD_428B4C987514,Dicaffeoylquinic_acid.sdf,/structures/Dicaffeoylquinic_acid.sdf,sdf,exact_normalized_name,1.0,local_sdf_library
CMPD_314BCEE6AEF8,dicentrine.sdf,/structures/dicentrine.sdf,sdf,exact_normalized_name,1.0,local_sdf_library
CMPD_AAB1C7982BD4,dichloromethane.sdf,/structures/dichloromethane.sdf,sdf,exact_normalized_name,1.0,local_sdf_library
CMPD_1D8A4967EC68,Dictamnine.sdf,/structures/Dictamnine.sdf,sdf,exact_normalized_name,1.0,local_sdf_library
CMPD_15525B9362E5,Dictamnoside_A.sdf,/structures/Dictamnoside_A.sdf,sdf,exact_normalized_name,1.0,local_sdf_library
CMPD_A38A9AE012FB,Didehydrogeraniin.sdf,/structures/Didehydrogeraniin.sdf,sdf,exact_normalized_name,1.0,local_sdf_library
CMPD_0281176DC11D,didrovaltrate.sdf,/structures/didrovaltrate.sdf,sdf,exact_normalized_name,1.0,local_sdf_library
CMPD_434C0E3FE997,diethoxyethane.sdf,/structures/diethoxyethane.sdf,sdf,exact_normalized_name,1.0,local_sdf_library
CMPD_C9E06461DB2C,diethyl_succinate.sdf,/structures/diethyl_succinate.sdf,sdf,exact_normalized_name,1.0,local_sdf_library
CMPD_FE9ED28DF819,Digalloylglucose.sdf,/structures/Digalloylglucose.sdf,sdf,exact_normalized_name,1.0,local_sdf_library
CMPD_866BF9D9EF74,dihexyl_phthalate.sdf,/structures/dihexyl_phthalate.sdf,sdf,exact_normalized_name,1.0,local_sdf_library
CMPD_0FAE2D6F8E94,Dihydro-roseoside.sdf,/structures/Dihydro-roseoside.sdf,sdf,exact_normalized_name,1.0,local_sdf_library
CMPD_3C91242728F8,dihydro_citronellol_acetate.sdf,/structures/dihydro_citronellol_acetate.sdf,sdf,exact_normalized_name,1.0,local_sdf_library
CMPD_16B94F19E269,dihydroactinidiolide.sdf,/structures/dihydroactinidiolide.sdf,sdf,exact_normalized_name,1.0,local_sdf_library
CMPD_0325CB64B481,Dihydroagarofuran.sdf,/structures/Dihydroagarofuran.sdf,sdf,exact_normalized_name,1.0,local_sdf_library
CMPD_1062C5BDE065,Dihydroaplotaxene.sdf,/structures/Dihydroaplotaxene.sdf,sdf,exact_normalized_name,1.0,local_sdf_library
CMPD_86D3A2876526,dihydrocarvone.sdf,/structures/dihydrocarvone.sdf,sdf,exact_normalized_name,1.0,local_sdf_library
CMPD_A3CCFB62FEEA,Dihydrochalcone.sdf,/structures/Dihydrochalcone.sdf,sdf,exact_normalized_name,1.0,local_sdf_library
CMPD_FF0A642D78CC,dihydrocitronellol.sdf,/structures/dihydrocitronellol.sdf,sdf,exact_normalized_name,1.0,local_sdf_library
CMPD_2F460E56DFFE,dihydrocucurbitacin_B.sdf,/structures/dihydrocucurbitacin_B.sdf,sdf,exact_normalized_name,1.0,local_sdf_library
CMPD_4E99087DA73A,dihydrocucurbitacin_E.sdf,/structures/dihydrocucurbitacin_E.sdf,sdf,exact_normalized_name,1.0,local_sdf_library
CMPD_A959B32D270F,dihydrodehydrodiconiferyl_alcohol_kl.sdf,/structures/dihydrodehydrodiconiferyl_alcohol_kl.sdf,sdf,fuzzy_normalized_name,0.97,local_sdf_library
CMPD_5F91641CF282,dihydroedulane_II.sdf,/structures/dihydroedulane_II.sdf,sdf,exact_normalized_name,1.0,local_sdf_library
CMPD_BE6E5CAFB401,dihydroerysodine.sdf,/structures/dihydroerysodine.sdf,sdf,exact_normalized_name,1.0,local_sdf_library
CMPD_F26F0F467433,Dihydroflavonol.sdf,/structures/Dihydroflavonol.sdf,sdf,exact_normalized_name,1.0,local_sdf_library
CMPD_D0F89504E23A,dihydrofumariline.sdf,/structures/dihydrofumariline.sdf,sdf,exact_normalized_name,1.0,local_sdf_library
CMPD_E1D91F9D82DB,Dihydroinfectopyrone.sdf,/structures/Dihydroinfectopyrone.sdf,sdf,exact_normalized_name,1.0,local_sdf_library
CMPD_8301DEFABA5C,dihydrokaempferol.sdf,/structures/dihydrokaempferol.sdf,sdf,exact_normalized_name,1.0,local_sdf_library
CMPD_EA0F6BF79A7D,dihydromaesanin.sdf,/structures/dihydromaesanin.sdf,sdf,exact_normalized_name,1.0,local_sdf_library
CMPD_FF2D38C84271,Dihydromyricetin.sdf,/structures/Dihydromyricetin.sdf,sdf,exact_normalized_name,1.0,local_sdf_library
CMPD_7BA5D729D81A,Dihydrophenanthrenes.sdf,/structures/Dihydrophenanthrenes.sdf,sdf,exact_normalized_name,1.0,local_sdf_library
CMPD_4FE053957928,Dihydropulicaric_acid.sdf,/structures/Dihydropulicaric_acid.sdf,sdf,exact_normalized_name,1.0,local_sdf_library
CMPD_501D11C24EFB,dihydroquercetin.sdf,/structures/dihydroquercetin.sdf,sdf,exact_normalized_name,1.0,local_sdf_library
CMPD_36B1DF7A62CF,Dihydroridentin.sdf,/structures/Dihydroridentin.sdf,sdf,exact_normalized_name,1.0,local_sdf_library
CMPD_010B0359D8F8,dihydrosanguinarine.sdf,/structures/dihydrosanguinarine.sdf,sdf,exact_normalized_name,1.0,local_sdf_library
CMPD_6479F215625A,Dihydrosyringin.sdf,/structures/Dihydrosyringin.sdf,sdf,fuzzy_normalized_name,0.966,local_sdf_library
CMPD_007823A683D6,dihydrovallesiachotamine.sdf,/structures/dihydrovallesiachotamine.sdf,sdf,exact_normalized_name,1.0,local_sdf_library
CMPD_1CF9ADE625B5,dihydroxyacetone.sdf,/structures/dihydroxyacetone.sdf,sdf,exact_normalized_name,1.0,local_sdf_library
CMPD_AD00C023AE68,Dihydroxybenzoic_acid.sdf,/structures/Dihydroxybenzoic_acid.sdf,sdf,fuzzy_normalized_name,0.952,local_sdf_library
CMPD_693AF917FD8D,Dihydrozeatin-O-glucoside.sdf,/structures/Dihydrozeatin-O-glucoside.sdf,sdf,exact_normalized_name,1.0,local_sdf_library
CMPD_6D7084B4994A,Diisobutyl_phthalate.sdf,/structures/Diisobutyl_phthalate.sdf,sdf,exact_normalized_name,1.0,local_sdf_library
CMPD_6D7C3A24DE5E,Dill_apiole.sdf,/structures/Dill_apiole.sdf,sdf,exact_normalized_name,1.0,local_sdf_library
CMPD_6D7C3A24DE5E,Dillapiole.sdf,/structures/Dillapiole.sdf,sdf,exact_normalized_name,1.0,local_sdf_library
CMPD_00984F777B3D,dillenetin.sdf,/structures/dillenetin.sdf,sdf,exact_normalized_name,1.0,local_sdf_library
CMPD_F9BBA22D7E52,dimethoxyflavanone.sdf,/structures/dimethoxyflavanone.sdf,sdf,exact_normalized_name,1.0,local_sdf_library
CMPD_5D3007213943,Dimethyl_Sulfoxide.sdf,/structures/Dimethyl_Sulfoxide.sdf,sdf,exact_normalized_name,1.0,local_sdf_library
CMPD_2B2345376D61,Dimethylmatairesinol.sdf,/structures/Dimethylmatairesinol.sdf,sdf,exact_normalized_name,1.0,local_sdf_library
CMPD_6E1D174DFD44,diosgenin.sdf,/structures/diosgenin.sdf,sdf,exact_normalized_name,1.0,local_sdf_library
CMPD_23816D1CD2D2,diosmetin-7-O-beta-D-glucoside.sdf,/structures/diosmetin-7-O-beta-D-glucoside.sdf,sdf,exact_normalized_name,1.0,local_sdf_library
CMPD_B252AC486F6A,diosmetin-7-O-β-D-glucopyranoside.sdf,/structures/diosmetin-7-O-β-D-glucopyranoside.sdf,sdf,fuzzy_normalized_name,0.931,local_sdf_library
CMPD_3CFA97AE07EE,Diosmetin.sdf,/structures/Diosmetin.sdf,sdf,exact_normalized_name,1.0,local_sdf_library
CMPD_6C2C58341519,Diosmin.sdf,/structures/Diosmin.sdf,sdf,exact_normalized_name,1.0,local_sdf_library
CMPD_5615951B7823,Diphenyliodinium_bromide.sdf,/structures/Diphenyliodinium_bromide.sdf,sdf,exact_normalized_name,1.0,local_sdf_library
CMPD_BA147D7C5961,Diphyllin.sdf,/structures/Diphyllin.sdf,sdf,exact_normalized_name,1.0,local_sdf_library
CMPD_73259265F5D4,diplopterol.sdf,/structures/diplopterol.sdf,sdf,exact_normalized_name,1.0,local_sdf_library
CMPD_D4D49556AD7B,Dipyridodiazepinone.sdf,/structures/Dipyridodiazepinone.sdf,sdf,exact_normalized_name,1.0,local_sdf_library
CMPD_2C694AAE428D,Dithiophene.sdf,/structures/Dithiophene.sdf,sdf,exact_normalized_name,1.0,local_sdf_library
CMPD_3136C650C779,DL-tryptophan.sdf,/structures/DL-tryptophan.sdf,sdf,fuzzy_normalized_name,0.909,local_sdf_library
CMPD_C7753686C4AF,Dodecanal.sdf,/structures/Dodecanal.sdf,sdf,exact_normalized_name,1.0,local_sdf_library
CMPD_602D180AD067,dodecane.sdf,/structures/dodecane.sdf,sdf,exact_normalized_name,1.0,local_sdf_library
CMPD_B18C2111EA21,dodecyl_acrylate.sdf,/structures/dodecyl_acrylate.sdf,sdf,exact_normalized_name,1.0,local_sdf_library
CMPD_51B9D252E511,dodecyl_sulfate.sdf,/structures/dodecyl_sulfate.sdf,sdf,exact_normalized_name,1.0,local_sdf_library
CMPD_70CE4B7F5FD0,Dodoneine.sdf,/structures/Dodoneine.sdf,sdf,exact_normalized_name,1.0,local_sdf_library
CMPD_89D79A520700,dopamine.sdf,/structures/dopamine.sdf,sdf,exact_normalized_name,1.0,local_sdf_library
CMPD_0AA7BE2DCB4E,Dremenin.sdf,/structures/Dremenin.sdf,sdf,exact_normalized_name,1.0,local_sdf_library
CMPD_5622D5AD9DAD,drimenin.sdf,/structures/drimenin.sdf,sdf,exact_normalized_name,1.0,local_sdf_library
CMPD_6ED7BBDFAE07,E-11-Hexadecenoic_acid.sdf,/structures/E-11-Hexadecenoic_acid.sdf,sdf,exact_normalized_name,1.0,local_sdf_library
CMPD_F1C9FAB68072,E-3-hexenol_acetate.sdf,/structures/E-3-hexenol_acetate.sdf,sdf,exact_normalized_name,1.0,local_sdf_library
CMPD_B9C50EE32862,E-7-octadecene.sdf,/structures/E-7-octadecene.sdf,sdf,exact_normalized_name,1.0,local_sdf_library
CMPD_05F7F2B1BF01,E-beta-farnesene.sdf,/structures/E-beta-farnesene.sdf,sdf,exact_normalized_name,1.0,local_sdf_library
CMPD_453477421EAD,E-beta-ionone.sdf,/structures/E-beta-ionone.sdf,sdf,exact_normalized_name,1.0,local_sdf_library
CMPD_4786077AA1D5,E-beta-ocimene.sdf,/structures/E-beta-ocimene.sdf,sdf,exact_normalized_name,1.0,local_sdf_library
CMPD_326FD40FA813,E-caryophyllene.sdf,/structures/E-caryophyllene.sdf,sdf,exact_normalized_name,1.0,local_sdf_library
CMPD_6103B2A99753,E-ethyl_cinnamate.sdf,/structures/E-ethyl_cinnamate.sdf,sdf,exact_normalized_name,1.0,local_sdf_library
CMPD_31736F9EA81C,E-ferulic_acid.sdf,/structures/E-ferulic_acid.sdf,sdf,exact_normalized_name,1.0,local_sdf_library
CMPD_43BAFB44B579,E-ferulic_acid_methyl_ester.sdf,/structures/E-ferulic_acid_methyl_ester.sdf,sdf,exact_normalized_name,1.0,local_sdf_library
CMPD_107E4F41A42C,E-ocimenone.sdf,/structures/E-ocimenone.sdf,sdf,exact_normalized_name,1.0,local_sdf_library
CMPD_052ED543EA5C,E-octadecyl_caffeate.sdf,/structures/E-octadecyl_caffeate.sdf,sdf,exact_normalized_name,1.0,local_sdf_library
CMPD_59454970A48C,Ebulin_1.sdf,/structures/Ebulin_1.sdf,sdf,fuzzy_normalized_name,0.933,local_sdf_library
CMPD_59454970A48C,Ebulin_r1.sdf,/structures/Ebulin_r1.sdf,sdf,exact_normalized_name,1.0,local_sdf_library
CMPD_405A66C2E7C7,Ebulin_r2.sdf,/structures/Ebulin_r2.sdf,sdf,exact_normalized_name,1.0,local_sdf_library
CMPD_C6110563D346,ecdysterone.sdf,/structures/ecdysterone.sdf,sdf,exact_normalized_name,1.0,local_sdf_library
CMPD_468B6399A1EB,Echimidine.sdf,/structures/Echimidine.sdf,sdf,exact_normalized_name,1.0,local_sdf_library
CMPD_CDC1F2091BC8,Echimidine_N-oxide.sdf,/structures/Echimidine_N-oxide.sdf,sdf,exact_normalized_name,1.0,local_sdf_library
CMPD_F0725AB42F3C,Echinatine.sdf,/structures/Echinatine.sdf,sdf,exact_normalized_name,1.0,local_sdf_library
CMPD_676EE9D2C608,Echinocystic_acid.sdf,/structures/Echinocystic_acid.sdf,sdf,exact_normalized_name,1.0,local_sdf_library
CMPD_1BF88732651E,Echinopsidine.sdf,/structures/Echinopsidine.sdf,sdf,exact_normalized_name,1.0,local_sdf_library
CMPD_104E3A8D3C3D,Echinopsine.sdf,/structures/Echinopsine.sdf,sdf,exact_normalized_name,1.0,local_sdf_library
CMPD_F4848E55BA67,echinuline.sdf,/structures/echinuline.sdf,sdf,exact_normalized_name,1.0,local_sdf_library
CMPD_5BC2662DEF71,Edudiol.sdf,/structures/Edudiol.sdf,sdf,exact_normalized_name,1.0,local_sdf_library
CMPD_9688142A6663,Eicosapentaenoic_acid.sdf,/structures/Eicosapentaenoic_acid.sdf,sdf,exact_normalized_name,1.0,local_sdf_library
CMPD_89974ADF6500,eicosatrienoic_acid.sdf,/structures/eicosatrienoic_acid.sdf,sdf,exact_normalized_name,1.0,local_sdf_library
CMPD_017551258679,eicosenoic_acid.sdf,/structures/eicosenoic_acid.sdf,sdf,exact_normalized_name,1.0,local_sdf_library
CMPD_7D532204FCB5,ekeberginine.sdf,/structures/ekeberginine.sdf,sdf,exact_normalized_name,1.0,local_sdf_library
CMPD_4E04283E4585,elaidic_acid.sdf,/structures/elaidic_acid.sdf,sdf,exact_normalized_name,1.0,local_sdf_library
CMPD_986A15369D35,Elemicin.sdf,/structures/Elemicin.sdf,sdf,exact_normalized_name,1.0,local_sdf_library
CMPD_0638473C7C21,Elemol.sdf,/structures/Elemol.sdf,sdf,exact_normalized_name,1.0,local_sdf_library
CMPD_1DC79260A1A3,elenolic_acid.sdf,/structures/elenolic_acid.sdf,sdf,exact_normalized_name,1.0,local_sdf_library
CMPD_A11E23B5422F,Ellagic_acid.sdf,/structures/Ellagic_acid.sdf,sdf,exact_normalized_name,1.0,local_sdf_library
CMPD_7FD9EDF40D6F,Ellagic_acid_deoxyhexose.sdf,/structures/Ellagic_acid_deoxyhexose.sdf,sdf,exact_normalized_name,1.0,local_sdf_library
CMPD_F762719F1A52,Ellagic_acid_pentoside.sdf,/structures/Ellagic_acid_pentoside.sdf,sdf,exact_normalized_name,1.0,local_sdf_library
CMPD_3B0D94E99614,Embelin.sdf,/structures/Embelin.sdf,sdf,exact_normalized_name,1.0,local_sdf_library
CMPD_0F42EF6B282D,emetine.sdf,/structures/emetine.sdf,sdf,exact_normalized_name,1.0,local_sdf_library
CMPD_2340F38D2397,emiline.sdf,/structures/emiline.sdf,sdf,exact_normalized_name,1.0,local_sdf_library
CMPD_1D69E4B69096,emodic_acid.sdf,/structures/emodic_acid.sdf,sdf,exact_normalized_name,1.0,local_sdf_library
CMPD_422FD5BFA7B8,Emodin.sdf,/structures/Emodin.sdf,sdf,exact_normalized_name,1.0,local_sdf_library
CMPD_B7CF7AB911A6,Emodin_6-O-alpha-L-rhamnopyranoside.sdf,/structures/Emodin_6-O-alpha-L-rhamnopyranoside.sdf,sdf,exact_normalized_name,1.0,local_sdf_library
CMPD_1630740FD3CF,endo-borneol.sdf,/structures/endo-borneol.sdf,sdf,exact_normalized_name,1.0,local_sdf_library
CMPD_1630740FD3CF,endoborneol.sdf,/structures/endoborneol.sdf,sdf,exact_normalized_name,1.0,local_sdf_library
CMPD_8021DB409409,endobornyl_acetate.sdf,/structures/endobornyl_acetate.sdf,sdf,exact_normalized_name,1.0,local_sdf_library
CMPD_27E67A61190A,ent-Abietane.sdf,/structures/ent-Abietane.sdf,sdf,exact_normalized_name,1.0,local_sdf_library
CMPD_795310D2D2D7,ent-beyerene.sdf,/structures/ent-beyerene.sdf,sdf,exact_normalized_name,1.0,local_sdf_library
CMPD_36AF4F4EE4AA,ent-kaurane.sdf,/structures/ent-kaurane.sdf,sdf,exact_normalized_name,1.0,local_sdf_library
CMPD_F3096E33C6A1,ent-kaurene.sdf,/structures/ent-kaurene.sdf,sdf,exact_normalized_name,1.0,local_sdf_library
CMPD_A1F867EA63B1,ent-Trachyloban-17_18_19-triol.sdf,/structures/ent-Trachyloban-17_18_19-triol.sdf,sdf,exact_normalized_name,1.0,local_sdf_library
CMPD_7F569105336F,ent-trachylobane-2alpha_18_19-triol.sdf,/structures/ent-trachylobane-2alpha_18_19-triol.sdf,sdf,exact_normalized_name,1.0,local_sdf_library
CMPD_D38EC3EBC9A0,ent-trachylobane-2beta_6beta_19-triol.sdf,/structures/ent-trachylobane-2beta_6beta_19-triol.sdf,sdf,exact_normalized_name,1.0,local_sdf_library
CMPD_0D6BF1B48542,ent-trachylobane-6alpha_17_19-triol.sdf,/structures/ent-trachylobane-6alpha_17_19-triol.sdf,sdf,exact_normalized_name,1.0,local_sdf_library
CMPD_3415E1B7C60A,ent-trachylobane.sdf,/structures/ent-trachylobane.sdf,sdf,exact_normalized_name,1.0,local_sdf_library
CMPD_BA717E2281ED,Ephedrine.sdf,/structures/Ephedrine.sdf,sdf,exact_normalized_name,1.0,local_sdf_library
CMPD_807E539F3F19,epi-alpha-cadinol.sdf,/structures/epi-alpha-cadinol.sdf,sdf,exact_normalized_name,1.0,local_sdf_library
CMPD_425B7A42AE93,Epi-beta-cadinol.sdf,/structures/Epi-beta-cadinol.sdf,sdf,exact_normalized_name,1.0,local_sdf_library
CMPD_335808E07B89,epi-bicyclosesquiphellandrene.sdf,/structures/epi-bicyclosesquiphellandrene.sdf,sdf,exact_normalized_name,1.0,local_sdf_library
CMPD_E5C66BCFE15B,epi-Germanidiol.sdf,/structures/epi-Germanidiol.sdf,sdf,exact_normalized_name,1.0,local_sdf_library
CMPD_2C78FC578961,Epicatechin.sdf,/structures/Epicatechin.sdf,sdf,exact_normalized_name,1.0,local_sdf_library
CMPD_320FF31A1B45,epicatechin_gallate.sdf,/structures/epicatechin_gallate.sdf,sdf,exact_normalized_name,1.0,local_sdf_library
CMPD_C963312E1476,Epiepoformin.sdf,/structures/Epiepoformin.sdf,sdf,exact_normalized_name,1.0,local_sdf_library
CMPD_F3C2C0A1821B,epieuphoscopin_A.sdf,/structures/epieuphoscopin_A.sdf,sdf,fuzzy_normalized_name,0.938,local_sdf_library
CMPD_DBAD61EE767D,epieuphoscopin_B.sdf,/structures/epieuphoscopin_B.sdf,sdf,fuzzy_normalized_name,0.938,local_sdf_library
CMPD_6032E951947D,epigallocatechin-3-O-gallate.sdf,/structures/epigallocatechin-3-O-gallate.sdf,sdf,exact_normalized_name,1.0,local_sdf_library
CMPD_B3EA6025951F,Epigallocatechin.sdf,/structures/Epigallocatechin.sdf,sdf,exact_normalized_name,1.0,local_sdf_library
CMPD_6032E951947D,epigallocatechin_3-O-gallate.sdf,/structures/epigallocatechin_3-O-gallate.sdf,sdf,exact_normalized_name,1.0,local_sdf_library
CMPD_070C9DB92313,epigallocatechin_gallate.sdf,/structures/epigallocatechin_gallate.sdf,sdf,exact_normalized_name,1.0,local_sdf_library
CMPD_DDCC7214EF95,epiglaucamine.sdf,/structures/epiglaucamine.sdf,sdf,exact_normalized_name,1.0,local_sdf_library
CMPD_D71B064B6A94,Epilobamide_A.sdf,/structures/Epilobamide_A.sdf,sdf,exact_normalized_name,1.0,local_sdf_library
CMPD_DAA8F7F279B6,epilupinine.sdf,/structures/epilupinine.sdf,sdf,exact_normalized_name,1.0,local_sdf_library
CMPD_C587B16B14AE,epipinoresinol.sdf,/structures/epipinoresinol.sdf,sdf,exact_normalized_name,1.0,local_sdf_library
CMPD_3399B5C5CCE1,Ergosta-5_22-dien-3-ol.sdf,/structures/Ergosta-5_22-dien-3-ol.sdf,sdf,exact_normalized_name,1.0,local_sdf_library
CMPD_9F8EE395ACF0,ergostane.sdf,/structures/ergostane.sdf,sdf,exact_normalized_name,1.0,local_sdf_library
CMPD_11C9A691C686,ergosterol.sdf,/structures/ergosterol.sdf,sdf,exact_normalized_name,1.0,local_sdf_library
CMPD_16A7418F7B07,Ergovaline.sdf,/structures/Ergovaline.sdf,sdf,exact_normalized_name,1.0,local_sdf_library
CMPD_A741B5BD24A5,eriodictyol-7-O-glucoside.sdf,/structures/eriodictyol-7-O-glucoside.sdf,sdf,exact_normalized_name,1.0,local_sdf_library
CMPD_BB46E600A23D,eriodictyol-7-O-rutinoside.sdf,/structures/eriodictyol-7-O-rutinoside.sdf,sdf,exact_normalized_name,1.0,local_sdf_library
CMPD_BB46E600A23D,eriodictyol-7-rutinoside.sdf,/structures/eriodictyol-7-rutinoside.sdf,sdf,fuzzy_normalized_name,0.978,local_sdf_library
CMPD_23358CD566F8,Eriodictyol.sdf,/structures/Eriodictyol.sdf,sdf,exact_normalized_name,1.0,local_sdf_library
CMPD_A741B5BD24A5,Eriodictyol_7-O-glucoside.sdf,/structures/Eriodictyol_7-O-glucoside.sdf,sdf,exact_normalized_name,1.0,local_sdf_library
CMPD_628BC934FE10,erucin.sdf,/structures/erucin.sdf,sdf,exact_normalized_name,1.0,local_sdf_library
CMPD_3BF94772DB9F,Erybraedin_C.sdf,/structures/Erybraedin_C.sdf,sdf,exact_normalized_name,1.0,local_sdf_library
CMPD_F0830F7111DB,erythrodiol.sdf,/structures/erythrodiol.sdf,sdf,exact_normalized_name,1.0,local_sdf_library
CMPD_1C174C8F9CE9,Esculetin.sdf,/structures/Esculetin.sdf,sdf,exact_normalized_name,1.0,local_sdf_library
CMPD_0E7498F0AD6B,Esculin.sdf,/structures/Esculin.sdf,sdf,exact_normalized_name,1.0,local_sdf_library
CMPD_6868CEC73140,Eseroline.sdf,/structures/Eseroline.sdf,sdf,exact_normalized_name,1.0,local_sdf_library
CMPD_BD88DF9DB637,Estomorusside.sdf,/structures/Estomorusside.sdf,sdf,exact_normalized_name,1.0,local_sdf_library
CMPD_820E17C74AC4,Ethyl_4-sulfoxybenzoate.sdf,/structures/Ethyl_4-sulfoxybenzoate.sdf,sdf,exact_normalized_name,1.0,local_sdf_library
CMPD_6C8E731ABDF9,Ethyl__Z_-cinnamate.sdf,/structures/Ethyl__Z_-cinnamate.sdf,sdf,exact_normalized_name,1.0,local_sdf_library
CMPD_B2B9FBE90EF2,Ethyl_acetate.sdf,/structures/Ethyl_acetate.sdf,sdf,fuzzy_normalized_name,0.96,local_sdf_library
CMPD_F1E862933B25,ethyl_alpha-D-glucopyranoside.sdf,/structures/ethyl_alpha-D-glucopyranoside.sdf,sdf,exact_normalized_name,1.0,local_sdf_library
CMPD_625658A42131,Ethyl_alpha-D-lyxofuranoside.sdf,/structures/Ethyl_alpha-D-lyxofuranoside.sdf,sdf,exact_normalized_name,1.0,local_sdf_library
CMPD_CD49E6AE3F75,Ethyl_alpha-L-arabinofuranoside.sdf,/structures/Ethyl_alpha-L-arabinofuranoside.sdf,sdf,exact_normalized_name,1.0,local_sdf_library
CMPD_0E218DAF2C15,Ethyl_caffeate.sdf,/structures/Ethyl_caffeate.sdf,sdf,exact_normalized_name,1.0,local_sdf_library
CMPD_50F76459E5FE,ethyl_cinnamate.sdf,/structures/ethyl_cinnamate.sdf,sdf,exact_normalized_name,1.0,local_sdf_library
CMPD_03604D06A30F,ethyl_dodecanoate.sdf,/structures/ethyl_dodecanoate.sdf,sdf,exact_normalized_name,1.0,local_sdf_library
CMPD_7B33C3AC87FC,Ethyl_ferulate.sdf,/structures/Ethyl_ferulate.sdf,sdf,exact_normalized_name,1.0,local_sdf_library
CMPD_84C6F660687F,ethyl_gallate.sdf,/structures/ethyl_gallate.sdf,sdf,exact_normalized_name,1.0,local_sdf_library
CMPD_B764B7AE8029,ethyl_iso-allocholate.sdf,/structures/ethyl_iso-allocholate.sdf,sdf,exact_normalized_name,1.0,local_sdf_library
CMPD_E4CC57139818,ethyl_laurate.sdf,/structures/ethyl_laurate.sdf,sdf,fuzzy_normalized_name,0.96,local_sdf_library
CMPD_B4E2E19DA9B5,Ethyl_o-methylbenzoate.sdf,/structures/Ethyl_o-methylbenzoate.sdf,sdf,exact_normalized_name,1.0,local_sdf_library
CMPD_1625ADCD3413,ethyl_oxirane-2-carboxylate.sdf,/structures/ethyl_oxirane-2-carboxylate.sdf,sdf,exact_normalized_name,1.0,local_sdf_library
CMPD_1E15D21781BE,ethyl_palmitoleate.sdf,/structures/ethyl_palmitoleate.sdf,sdf,exact_normalized_name,1.0,local_sdf_library
CMPD_0F8F87DD51B2,Ethyl_rosmarinate.sdf,/structures/Ethyl_rosmarinate.sdf,sdf,exact_normalized_name,1.0,local_sdf_library
CMPD_2FBD77398DFB,ethylbenzene.sdf,/structures/ethylbenzene.sdf,sdf,exact_normalized_name,1.0,local_sdf_library
CMPD_468723F4437B,eucalyptol.sdf,/structures/eucalyptol.sdf,sdf,exact_normalized_name,1.0,local_sdf_library
CMPD_17507D78A3D6,Eucommin_A.sdf,/structures/Eucommin_A.sdf,sdf,exact_normalized_name,1.0,local_sdf_library
CMPD_B187AAF21F83,Eudesma-4_15__7-dien-1-ol.sdf,/structures/Eudesma-4_15__7-dien-1-ol.sdf,sdf,exact_normalized_name,1.0,local_sdf_library
CMPD_28B8AE27C8CB,eudesmane.sdf,/structures/eudesmane.sdf,sdf,exact_normalized_name,1.0,local_sdf_library
CMPD_BC97F1E21552,eudesmanolide.sdf,/structures/eudesmanolide.sdf,sdf,exact_normalized_name,1.0,local_sdf_library
CMPD_B2BC4A2AD877,Eugenic_acid.sdf,/structures/Eugenic_acid.sdf,sdf,exact_normalized_name,1.0,local_sdf_library
CMPD_1A0227170A68,Eugeniflorin_D.sdf,/structures/Eugeniflorin_D.sdf,sdf,exact_normalized_name,1.0,local_sdf_library
CMPD_8E2C9CB4950E,Eugenol.sdf,/structures/Eugenol.sdf,sdf,exact_normalized_name,1.0,local_sdf_library
CMPD_470079F452EF,eupafolin.sdf,/structures/eupafolin.sdf,sdf,exact_normalized_name,1.0,local_sdf_library
CMPD_B310A52FD021,Euparone.sdf,/structures/Euparone.sdf,sdf,exact_normalized_name,1.0,local_sdf_library
CMPD_212139509C92,eupatilin.sdf,/structures/eupatilin.sdf,sdf,exact_normalized_name,1.0,local_sdf_library
CMPD_067311304F82,eupatin.sdf,/structures/eupatin.sdf,sdf,exact_normalized_name,1.0,local_sdf_library
CMPD_17D03B0313D4,eupatorin.sdf,/structures/eupatorin.sdf,sdf,exact_normalized_name,1.0,local_sdf_library
CMPD_49164F0EF395,Euphelionolide_D.sdf,/structures/Euphelionolide_D.sdf,sdf,fuzzy_normalized_name,0.968,local_sdf_library
CMPD_F0ABE2215DF4,Euphelionolide_G.sdf,/structures/Euphelionolide_G.sdf,sdf,fuzzy_normalized_name,0.968,local_sdf_library
CMPD_216894E9CB25,Euphelionolide_K.sdf,/structures/Euphelionolide_K.sdf,sdf,fuzzy_normalized_name,0.968,local_sdf_library
CMPD_00B09933146F,Euphelionolide_M.sdf,/structures/Euphelionolide_M.sdf,sdf,fuzzy_normalized_name,0.968,local_sdf_library
CMPD_514802DD54BC,Euphelionolide_N.sdf,/structures/Euphelionolide_N.sdf,sdf,fuzzy_normalized_name,0.968,local_sdf_library
CMPD_A9EF89A401BF,euphohelioscopin_A.sdf,/structures/euphohelioscopin_A.sdf,sdf,exact_normalized_name,1.0,local_sdf_library
CMPD_C13226239517,euphoheliosnoid_A.sdf,/structures/euphoheliosnoid_A.sdf,sdf,exact_normalized_name,1.0,local_sdf_library
CMPD_36B3BCBC4984,euphoheliosnoid_D.sdf,/structures/euphoheliosnoid_D.sdf,sdf,exact_normalized_name,1.0,local_sdf_library
CMPD_B98FBDB4A991,Euphol.sdf,/structures/Euphol.sdf,sdf,exact_normalized_name,1.0,local_sdf_library
CMPD_2571B0378126,euphornin.sdf,/structures/euphornin.sdf,sdf,exact_normalized_name,1.0,local_sdf_library
CMPD_F5BC4610AFC3,Euphornin_C.sdf,/structures/Euphornin_C.sdf,sdf,fuzzy_normalized_name,0.952,local_sdf_library
CMPD_228F3D2E142B,euphoscopin_C.sdf,/structures/euphoscopin_C.sdf,sdf,exact_normalized_name,1.0,local_sdf_library
CMPD_56367B43E03B,Euphoscopin_F.sdf,/structures/Euphoscopin_F.sdf,sdf,exact_normalized_name,1.0,local_sdf_library
CMPD_6BC3AA468649,Euphoscopin_J.sdf,/structures/Euphoscopin_J.sdf,sdf,fuzzy_normalized_name,0.96,local_sdf_library
CMPD_A4D02DE50F4A,Euphoscopoid_A.sdf,/structures/Euphoscopoid_A.sdf,sdf,fuzzy_normalized_name,0.963,local_sdf_library
CMPD_27FECA730253,Euphoscopoid_B.sdf,/structures/Euphoscopoid_B.sdf,sdf,fuzzy_normalized_name,0.963,local_sdf_library
CMPD_03EAB49B8D39,Euphoscopoid_C.sdf,/structures/Euphoscopoid_C.sdf,sdf,fuzzy_normalized_name,0.963,local_sdf_library
CMPD_C5BC14D3437E,europine.sdf,/structures/europine.sdf,sdf,exact_normalized_name,1.0,local_sdf_library
CMPD_ACE49F6EB3E3,eustomorusside.sdf,/structures/eustomorusside.sdf,sdf,exact_normalized_name,1.0,local_sdf_library
CMPD_DA2119F8BD2E,Excoecariatoxin.sdf,/structures/Excoecariatoxin.sdf,sdf,exact_normalized_name,1.0,local_sdf_library
CMPD_F210A1F519BE,Exiguaflavanone_K.sdf,/structures/Exiguaflavanone_K.sdf,sdf,exact_normalized_name,1.0,local_sdf_library
CMPD_A54E3A0D8B05,Exiguaflavone_L.sdf,/structures/Exiguaflavone_L.sdf,sdf,exact_normalized_name,1.0,local_sdf_library
CMPD_A84ECCAB9F26,exo-2-hydroxycineole_acetate.sdf,/structures/exo-2-hydroxycineole_acetate.sdf,sdf,exact_normalized_name,1.0,local_sdf_library
CMPD_5E4308BDE1A1,Falcarindiol.sdf,/structures/Falcarindiol.sdf,sdf,exact_normalized_name,1.0,local_sdf_library
CMPD_076F8009465F,Falcarindiol_3-acetate.sdf,/structures/Falcarindiol_3-acetate.sdf,sdf,fuzzy_normalized_name,0.974,local_sdf_library
CMPD_6E09F7B1B5CE,Falcarinol.sdf,/structures/Falcarinol.sdf,sdf,exact_normalized_name,1.0,local_sdf_library
CMPD_31238A5AF7A7,falcarinone.sdf,/structures/falcarinone.sdf,sdf,exact_normalized_name,1.0,local_sdf_library
CMPD_816A1772D2B6,Faradiol.sdf,/structures/Faradiol.sdf,sdf,exact_normalized_name,1.0,local_sdf_library
CMPD_CFC77FD03987,Faradiol_3-palmitate.sdf,/structures/Faradiol_3-palmitate.sdf,sdf,fuzzy_normalized_name,0.973,local_sdf_library
CMPD_17F99904272F,Farnesene.sdf,/structures/Farnesene.sdf,sdf,exact_normalized_name,1.0,local_sdf_library
CMPD_74FDB835A3F1,farnesiferol_A.sdf,/structures/farnesiferol_A.sdf,sdf,exact_normalized_name,1.0,local_sdf_library
CMPD_17B4475039EE,farnesol.sdf,/structures/farnesol.sdf,sdf,exact_normalized_name,1.0,local_sdf_library
CMPD_A4B2BAAD4EB8,farnesyl_acetone.sdf,/structures/farnesyl_acetone.sdf,sdf,exact_normalized_name,1.0,local_sdf_library
CMPD_1DCF648E7F7B,fenchol.sdf,/structures/fenchol.sdf,sdf,exact_normalized_name,1.0,local_sdf_library
CMPD_176F4E6F47DD,fenchone.sdf,/structures/fenchone.sdf,sdf,exact_normalized_name,1.0,local_sdf_library
CMPD_E5160AA0AB01,Fenchyl_acetate.sdf,/structures/Fenchyl_acetate.sdf,sdf,exact_normalized_name,1.0,local_sdf_library
CMPD_7C00B36E82EB,Ferprenin.sdf,/structures/Ferprenin.sdf,sdf,exact_normalized_name,1.0,local_sdf_library
CMPD_50E9C44220D2,Ferruginol.sdf,/structures/Ferruginol.sdf,sdf,exact_normalized_name,1.0,local_sdf_library
CMPD_A7D5BF879CDF,ferrulic_acid.sdf,/structures/ferrulic_acid.sdf,sdf,exact_normalized_name,1.0,local_sdf_library
CMPD_60450753683E,ferulenol.sdf,/structures/ferulenol.sdf,sdf,exact_normalized_name,1.0,local_sdf_library
CMPD_8BA1CFE7E652,Ferulic_acid.sdf,/structures/Ferulic_acid.sdf,sdf,exact_normalized_name,1.0,local_sdf_library
CMPD_43BAFB44B579,ferulic_acid_methyl_ester.sdf,/structures/ferulic_acid_methyl_ester.sdf,sdf,fuzzy_normalized_name,0.978,local_sdf_library
CMPD_A000EB8A1F01,ferulol.sdf,/structures/ferulol.sdf,sdf,exact_normalized_name,1.0,local_sdf_library
CMPD_0000477491EB,feruloyltyramine.sdf,/structures/feruloyltyramine.sdf,sdf,exact_normalized_name,1.0,local_sdf_library
CMPD_D22AD00CFCE2,Ferunide.sdf,/structures/Ferunide.sdf,sdf,exact_normalized_name,1.0,local_sdf_library
CMPD_1EFA273914CF,Ferusinol.sdf,/structures/Ferusinol.sdf,sdf,exact_normalized_name,1.0,local_sdf_library
CMPD_352704735962,ferutidin.sdf,/structures/ferutidin.sdf,sdf,exact_normalized_name,1.0,local_sdf_library
CMPD_1205342BA87E,ferutinin.sdf,/structures/ferutinin.sdf,sdf,exact_normalized_name,1.0,local_sdf_library
CMPD_2144D55924AC,feselol.sdf,/structures/feselol.sdf,sdf,exact_normalized_name,1.0,local_sdf_library
CMPD_7CF12E5B8455,Ficin.sdf,/structures/Ficin.sdf,sdf,exact_normalized_name,1.0,local_sdf_library
CMPD_8EDEDD299C39,Ficuisoflavone.sdf,/structures/Ficuisoflavone.sdf,sdf,exact_normalized_name,1.0,local_sdf_library
CMPD_45354FF81A09,ficusal.sdf,/structures/ficusal.sdf,sdf,exact_normalized_name,1.0,local_sdf_library
CMPD_1EDDC92148CE,Filifolone.sdf,/structures/Filifolone.sdf,sdf,exact_normalized_name,1.0,local_sdf_library
CMPD_4B2D7FEC0170,fisetin.sdf,/structures/fisetin.sdf,sdf,exact_normalized_name,1.0,local_sdf_library
CMPD_08AB803E5DCA,Flavone.sdf,/structures/Flavone.sdf,sdf,exact_normalized_name,1.0,local_sdf_library
CMPD_B440990E70B6,fokienol.sdf,/structures/fokienol.sdf,sdf,exact_normalized_name,1.0,local_sdf_library
CMPD_153CD3CDEDF5,folate.sdf,/structures/folate.sdf,sdf,exact_normalized_name,1.0,local_sdf_library
CMPD_25B24A8D805A,Foliamenthic_acid.sdf,/structures/Foliamenthic_acid.sdf,sdf,exact_normalized_name,1.0,local_sdf_library
CMPD_A8A6B4C1B73C,foliasalacioside_B1.sdf,/structures/foliasalacioside_B1.sdf,sdf,exact_normalized_name,1.0,local_sdf_library
CMPD_A9136ADF22F7,folic_acid.sdf,/structures/folic_acid.sdf,sdf,exact_normalized_name,1.0,local_sdf_library
CMPD_3032A4BEBA0C,formate.sdf,/structures/formate.sdf,sdf,exact_normalized_name,1.0,local_sdf_library
CMPD_0564E2603F90,Formononetin.sdf,/structures/Formononetin.sdf,sdf,exact_normalized_name,1.0,local_sdf_library
CMPD_7E51DCAE3A66,fragranol.sdf,/structures/fragranol.sdf,sdf,exact_normalized_name,1.0,local_sdf_library
CMPD_60ABB4EFF9EC,fragranyl_acetate.sdf,/structures/fragranyl_acetate.sdf,sdf,exact_normalized_name,1.0,local_sdf_library
CMPD_BC81D4F06EE1,Fraxetin.sdf,/structures/Fraxetin.sdf,sdf,exact_normalized_name,1.0,local_sdf_library
CMPD_4B369AC1C3F7,fraxin.sdf,/structures/fraxin.sdf,sdf,exact_normalized_name,1.0,local_sdf_library
CMPD_9B144AEB786F,Friedel-1-en-3-one.sdf,/structures/Friedel-1-en-3-one.sdf,sdf,fuzzy_normalized_name,0.903,local_sdf_library
CMPD_0A3261E55E5B,friedelin.sdf,/structures/friedelin.sdf,sdf,exact_normalized_name,1.0,local_sdf_library
CMPD_0A3261E55E5B,Friedeline.sdf,/structures/Friedeline.sdf,sdf,fuzzy_normalized_name,0.947,local_sdf_library
CMPD_137A54E55634,fructose.sdf,/structures/fructose.sdf,sdf,fuzzy_normalized_name,0.941,local_sdf_library
CMPD_C43CC305FBEB,Fucodiphloroethol_G.sdf,/structures/Fucodiphloroethol_G.sdf,sdf,fuzzy_normalized_name,0.971,local_sdf_library
CMPD_477CD9CDB6D6,fucose.sdf,/structures/fucose.sdf,sdf,exact_normalized_name,1.0,local_sdf_library
CMPD_6AF7C17D1C65,Fucosterol.sdf,/structures/Fucosterol.sdf,sdf,exact_normalized_name,1.0,local_sdf_library
CMPD_513E0F63EBA6,fucosterol_epoxide.sdf,/structures/fucosterol_epoxide.sdf,sdf,exact_normalized_name,1.0,local_sdf_library
CMPD_BF516BF2D07A,Fucotriphloroethol.sdf,/structures/Fucotriphloroethol.sdf,sdf,exact_normalized_name,1.0,local_sdf_library
CMPD_6B2D83671494,fucoxanthin.sdf,/structures/fucoxanthin.sdf,sdf,exact_normalized_name,1.0,local_sdf_library
CMPD_2C801813040B,Fumagillin.sdf,/structures/Fumagillin.sdf,sdf,exact_normalized_name,1.0,local_sdf_library
CMPD_3B97B6A1FC75,Fumaric_acid.sdf,/structures/Fumaric_acid.sdf,sdf,exact_normalized_name,1.0,local_sdf_library
CMPD_E7192F2D898E,fumaricine.sdf,/structures/fumaricine.sdf,sdf,exact_normalized_name,1.0,local_sdf_library
CMPD_11447E1292C3,fumariline.sdf,/structures/fumariline.sdf,sdf,exact_normalized_name,1.0,local_sdf_library
CMPD_61A3B2EDD592,fumaritine.sdf,/structures/fumaritine.sdf,sdf,exact_normalized_name,1.0,local_sdf_library
CMPD_E7FCFDA1E770,fumarofine.sdf,/structures/fumarofine.sdf,sdf,exact_normalized_name,1.0,local_sdf_library
CMPD_F9AF05C6636A,fumarophycine.sdf,/structures/fumarophycine.sdf,sdf,exact_normalized_name,1.0,local_sdf_library
CMPD_1093EBE1005A,Fumigatin_oxide.sdf,/structures/Fumigatin_oxide.sdf,sdf,exact_normalized_name,1.0,local_sdf_library
CMPD_42B3018586BE,Fumiquinazoline_D.sdf,/structures/Fumiquinazoline_D.sdf,sdf,exact_normalized_name,1.0,local_sdf_library
CMPD_584BAB418496,Furanocoumarin.sdf,/structures/Furanocoumarin.sdf,sdf,exact_normalized_name,1.0,local_sdf_library
CMPD_46DC28AE9D00,furanodiene-6-one.sdf,/structures/furanodiene-6-one.sdf,sdf,exact_normalized_name,1.0,local_sdf_library
CMPD_A7A537218C95,furanodiene.sdf,/structures/furanodiene.sdf,sdf,exact_normalized_name,1.0,local_sdf_library
CMPD_3A20E979FAC7,Furanoeremophil-1-one.sdf,/structures/Furanoeremophil-1-one.sdf,sdf,exact_normalized_name,1.0,local_sdf_library
CMPD_1070ADC00CD2,furanoeudesma-1_3-diene.sdf,/structures/furanoeudesma-1_3-diene.sdf,sdf,exact_normalized_name,1.0,local_sdf_library
CMPD_2BEC0430BBBD,furanone.sdf,/structures/furanone.sdf,sdf,exact_normalized_name,1.0,local_sdf_library
CMPD_22471804EFBC,Furfuraceol_B.sdf,/structures/Furfuraceol_B.sdf,sdf,exact_normalized_name,1.0,local_sdf_library
CMPD_50E39FA1FA84,furfural.sdf,/structures/furfural.sdf,sdf,exact_normalized_name,1.0,local_sdf_library
CMPD_0490A4149EBD,g-sitosterol.sdf,/structures/g-sitosterol.sdf,sdf,exact_normalized_name,1.0,local_sdf_library
CMPD_847675784167,Gaditanone.sdf,/structures/Gaditanone.sdf,sdf,exact_normalized_name,1.0,local_sdf_library
CMPD_29AF224DBDE7,Galactitol.sdf,/structures/Galactitol.sdf,sdf,exact_normalized_name,1.0,local_sdf_library
CMPD_0798628B90A8,Galactomannan.sdf,/structures/Galactomannan.sdf,sdf,exact_normalized_name,1.0,local_sdf_library
CMPD_69977F67F818,galacturonic_acid.sdf,/structures/galacturonic_acid.sdf,sdf,exact_normalized_name,1.0,local_sdf_library
CMPD_7E9062217C6E,galangin.sdf,/structures/galangin.sdf,sdf,exact_normalized_name,1.0,local_sdf_library
CMPD_4D2F6F3B398C,galangustin.sdf,/structures/galangustin.sdf,sdf,exact_normalized_name,1.0,local_sdf_library
CMPD_92626B044482,Galanthamine.sdf,/structures/Galanthamine.sdf,sdf,exact_normalized_name,1.0,local_sdf_library
CMPD_39B6063E23E1,galbanic_acid.sdf,/structures/galbanic_acid.sdf,sdf,exact_normalized_name,1.0,local_sdf_library
CMPD_31B7B0808AF4,Gallic_acid.sdf,/structures/Gallic_acid.sdf,sdf,exact_normalized_name,1.0,local_sdf_library
CMPD_5E0DEE7E9A3F,Gallicaside_A.sdf,/structures/Gallicaside_A.sdf,sdf,exact_normalized_name,1.0,local_sdf_library
CMPD_1B7598DD5B1D,Gallicaside_B.sdf,/structures/Gallicaside_B.sdf,sdf,exact_normalized_name,1.0,local_sdf_library
CMPD_EFE6BB98046B,Gallicaside_C.sdf,/structures/Gallicaside_C.sdf,sdf,exact_normalized_name,1.0,local_sdf_library
CMPD_E510BB10E78E,Gallicaside_D.sdf,/structures/Gallicaside_D.sdf,sdf,exact_normalized_name,1.0,local_sdf_library
CMPD_0C68A5770AB8,Gallicaside_E.sdf,/structures/Gallicaside_E.sdf,sdf,exact_normalized_name,1.0,local_sdf_library
CMPD_E863CDA92FDE,Gallicaside_F.sdf,/structures/Gallicaside_F.sdf,sdf,exact_normalized_name,1.0,local_sdf_library
CMPD_69D25CE4D12E,Gallicaside_G.sdf,/structures/Gallicaside_G.sdf,sdf,fuzzy_normalized_name,0.917,local_sdf_library
CMPD_A03066F5E7D2,Gallicaside_H.sdf,/structures/Gallicaside_H.sdf,sdf,exact_normalized_name,1.0,local_sdf_library
CMPD_3E1E07860FB1,Gallicaside_I.sdf,/structures/Gallicaside_I.sdf,sdf,exact_normalized_name,1.0,local_sdf_library
CMPD_69D25CE4D12E,Gallicaside_J.sdf,/structures/Gallicaside_J.sdf,sdf,exact_normalized_name,1.0,local_sdf_library
CMPD_D00D03092837,gallocatechin.sdf,/structures/gallocatechin.sdf,sdf,exact_normalized_name,1.0,local_sdf_library
CMPD_0F9BC574EC29,gallocatechin_gallate.sdf,/structures/gallocatechin_gallate.sdf,sdf,exact_normalized_name,1.0,local_sdf_library
CMPD_FE9ED28DF819,galloylglucose.sdf,/structures/galloylglucose.sdf,sdf,fuzzy_normalized_name,0.933,local_sdf_library
CMPD_FB338DDF3474,galloylquinic_acid.sdf,/structures/galloylquinic_acid.sdf,sdf,exact_normalized_name,1.0,local_sdf_library
CMPD_76A9B4AEEA65,gamma-Aminobutyric_acid.sdf,/structures/gamma-Aminobutyric_acid.sdf,sdf,exact_normalized_name,1.0,local_sdf_library
CMPD_3B982535F060,gamma-bisabolene.sdf,/structures/gamma-bisabolene.sdf,sdf,exact_normalized_name,1.0,local_sdf_library
CMPD_2144D035AE00,gamma-cadinene.sdf,/structures/gamma-cadinene.sdf,sdf,exact_normalized_name,1.0,local_sdf_library
CMPD_84ABAD41931B,gamma-Carotene.sdf,/structures/gamma-Carotene.sdf,sdf,exact_normalized_name,1.0,local_sdf_library
CMPD_B1CC25352241,gamma-Curcumene.sdf,/structures/gamma-Curcumene.sdf,sdf,exact_normalized_name,1.0,local_sdf_library
CMPD_105F8C0081C1,gamma-eudesmol.sdf,/structures/gamma-eudesmol.sdf,sdf,exact_normalized_name,1.0,local_sdf_library
CMPD_3594BEBD6C30,Gamma-fagarine.sdf,/structures/Gamma-fagarine.sdf,sdf,exact_normalized_name,1.0,local_sdf_library
CMPD_C4665D623E06,Gamma-himachalene.sdf,/structures/Gamma-himachalene.sdf,sdf,exact_normalized_name,1.0,local_sdf_library
CMPD_AAE62B90C34A,gamma-Humulene.sdf,/structures/gamma-Humulene.sdf,sdf,exact_normalized_name,1.0,local_sdf_library
CMPD_DC03330EC139,Gamma-linolenic_acid.sdf,/structures/Gamma-linolenic_acid.sdf,sdf,exact_normalized_name,1.0,local_sdf_library
CMPD_3FA3DD46B084,gamma-Maaliene.sdf,/structures/gamma-Maaliene.sdf,sdf,exact_normalized_name,1.0,local_sdf_library
CMPD_699482D0D158,gamma-muurolene.sdf,/structures/gamma-muurolene.sdf,sdf,exact_normalized_name,1.0,local_sdf_library
CMPD_D12B3FC39ED6,gamma-Patchoulene.sdf,/structures/gamma-Patchoulene.sdf,sdf,exact_normalized_name,1.0,local_sdf_library
CMPD_762BE06C982D,gamma-sitosterol.sdf,/structures/gamma-sitosterol.sdf,sdf,exact_normalized_name,1.0,local_sdf_library
CMPD_5FADFE12DE56,gamma-Terpinene.sdf,/structures/gamma-Terpinene.sdf,sdf,exact_normalized_name,1.0,local_sdf_library
CMPD_E70E9A3A1D39,gamma-Terpineol.sdf,/structures/gamma-Terpineol.sdf,sdf,exact_normalized_name,1.0,local_sdf_library
CMPD_040D246AC420,Gamma-tocopherol.sdf,/structures/Gamma-tocopherol.sdf,sdf,exact_normalized_name,1.0,local_sdf_library
CMPD_90E896A14413,gardenin_A.sdf,/structures/gardenin_A.sdf,sdf,exact_normalized_name,1.0,local_sdf_library
CMPD_336AFC63DD0C,Gardoside_methyl_ester.sdf,/structures/Gardoside_methyl_ester.sdf,sdf,exact_normalized_name,1.0,local_sdf_library
CMPD_D41FFB7E6CC5,Gazaniolide.sdf,/structures/Gazaniolide.sdf,sdf,exact_normalized_name,1.0,local_sdf_library
CMPD_22C6CA13E3B4,Geijerene.sdf,/structures/Geijerene.sdf,sdf,exact_normalized_name,1.0,local_sdf_library
CMPD_27071D37AF18,gein.sdf,/structures/gein.sdf,sdf,exact_normalized_name,1.0,local_sdf_library
CMPD_C2A3C0B5657B,gemin_D.sdf,/structures/gemin_D.sdf,sdf,exact_normalized_name,1.0,local_sdf_library
CMPD_58F8BCAE7E2B,genipin.sdf,/structures/genipin.sdf,sdf,exact_normalized_name,1.0,local_sdf_library
CMPD_4B2B960389A4,Geniposide.sdf,/structures/Geniposide.sdf,sdf,exact_normalized_name,1.0,local_sdf_library
CMPD_5DBCE5F1CAE9,Geniposidic_acid.sdf,/structures/Geniposidic_acid.sdf,sdf,exact_normalized_name,1.0,local_sdf_library
CMPD_65F26AFFEC7C,Genistein.sdf,/structures/Genistein.sdf,sdf,exact_normalized_name,1.0,local_sdf_library
CMPD_1F0EB9037160,genistin.sdf,/structures/genistin.sdf,sdf,exact_normalized_name,1.0,local_sdf_library
CMPD_295394BA235C,Genkwanin.sdf,/structures/Genkwanin.sdf,sdf,exact_normalized_name,1.0,local_sdf_library
CMPD_C0DCEA458F61,genkwanol_A.sdf,/structures/genkwanol_A.sdf,sdf,exact_normalized_name,1.0,local_sdf_library
CMPD_2418DAC649F5,Gentiobiosyloleandrin.sdf,/structures/Gentiobiosyloleandrin.sdf,sdf,exact_normalized_name,1.0,local_sdf_library
CMPD_7E980CFAE6FC,gentiopicrin.sdf,/structures/gentiopicrin.sdf,sdf,exact_normalized_name,1.0,local_sdf_library
CMPD_ADD78F159805,gentisic_acid.sdf,/structures/gentisic_acid.sdf,sdf,exact_normalized_name,1.0,local_sdf_library
CMPD_ACDE81130FF6,Geranial.sdf,/structures/Geranial.sdf,sdf,exact_normalized_name,1.0,local_sdf_library
CMPD_0D9FCE1E8316,Geraniol.sdf,/structures/Geraniol.sdf,sdf,exact_normalized_name,1.0,local_sdf_library
CMPD_063E4988B824,Geranyl_acetate.sdf,/structures/Geranyl_acetate.sdf,sdf,exact_normalized_name,1.0,local_sdf_library
CMPD_E2427E378F88,geranyl_acetone.sdf,/structures/geranyl_acetone.sdf,sdf,exact_normalized_name,1.0,local_sdf_library
CMPD_52AF11D887FB,geranyl_formate.sdf,/structures/geranyl_formate.sdf,sdf,exact_normalized_name,1.0,local_sdf_library
CMPD_2863D09E175C,Geranyl_isovalerate.sdf,/structures/Geranyl_isovalerate.sdf,sdf,exact_normalized_name,1.0,local_sdf_library
CMPD_EC8AC514FDA6,geranyl_linalool.sdf,/structures/geranyl_linalool.sdf,sdf,exact_normalized_name,1.0,local_sdf_library
CMPD_37FC5B5EA0E8,Geranyl_propionate.sdf,/structures/Geranyl_propionate.sdf,sdf,exact_normalized_name,1.0,local_sdf_library
CMPD_58084C429544,geranyl_tiglate.sdf,/structures/geranyl_tiglate.sdf,sdf,exact_normalized_name,1.0,local_sdf_library
CMPD_8F28015EA8EF,germacranolide.sdf,/structures/germacranolide.sdf,sdf,exact_normalized_name,1.0,local_sdf_library
CMPD_D84DA91B230B,Germacrene-D.sdf,/structures/Germacrene-D.sdf,sdf,fuzzy_normalized_name,0.952,local_sdf_library
CMPD_D84DA91B230B,Germacrene.sdf,/structures/Germacrene.sdf,sdf,exact_normalized_name,1.0,local_sdf_library
CMPD_B8F5FC0A5AEE,germacrene_B.sdf,/structures/germacrene_B.sdf,sdf,exact_normalized_name,1.0,local_sdf_library
CMPD_D84DA91B230B,Germacrene_D.sdf,/structures/Germacrene_D.sdf,sdf,fuzzy_normalized_name,0.952,local_sdf_library
CMPD_AA62CE66EC34,Germacrone.sdf,/structures/Germacrone.sdf,sdf,exact_normalized_name,1.0,local_sdf_library
CMPD_DE50AEC0F25D,Germanicol.sdf,/structures/Germanicol.sdf,sdf,exact_normalized_name,1.0,local_sdf_library
CMPD_DED793E8F6F6,Germanicyl_formate.sdf,/structures/Germanicyl_formate.sdf,sdf,exact_normalized_name,1.0,local_sdf_library
CMPD_7B74B4AD395E,ghalakinoside.sdf,/structures/ghalakinoside.sdf,sdf,exact_normalized_name,1.0,local_sdf_library
CMPD_7194D65DB4AB,ginkgetin.sdf,/structures/ginkgetin.sdf,sdf,exact_normalized_name,1.0,local_sdf_library
CMPD_7E653B120ACB,girinimbine.sdf,/structures/girinimbine.sdf,sdf,exact_normalized_name,1.0,local_sdf_library
CMPD_D759E3E089B1,glabrone.sdf,/structures/glabrone.sdf,sdf,exact_normalized_name,1.0,local_sdf_library
CMPD_164253878245,glaucamine.sdf,/structures/glaucamine.sdf,sdf,exact_normalized_name,1.0,local_sdf_library
CMPD_E00256D331DC,glaucine.sdf,/structures/glaucine.sdf,sdf,exact_normalized_name,1.0,local_sdf_library
CMPD_85FB300DEA29,glaudine.sdf,/structures/glaudine.sdf,sdf,exact_normalized_name,1.0,local_sdf_library
CMPD_A9C7CFB34D00,gleenol.sdf,/structures/gleenol.sdf,sdf,exact_normalized_name,1.0,local_sdf_library
CMPD_31AB76F4D6BF,Gliotoxins.sdf,/structures/Gliotoxins.sdf,sdf,exact_normalized_name,1.0,local_sdf_library
CMPD_4976B1518B43,Globimetulin_C.sdf,/structures/Globimetulin_C.sdf,sdf,exact_normalized_name,1.0,local_sdf_library
CMPD_16493B8E682F,Globulin.sdf,/structures/Globulin.sdf,sdf,exact_normalized_name,1.0,local_sdf_library
CMPD_EDC242BCE960,globulol.sdf,/structures/globulol.sdf,sdf,exact_normalized_name,1.0,local_sdf_library
CMPD_2A9C05A1E776,Glucaric_acid.sdf,/structures/Glucaric_acid.sdf,sdf,exact_normalized_name,1.0,local_sdf_library
CMPD_2B9B0D886596,glucobarbarin.sdf,/structures/glucobarbarin.sdf,sdf,exact_normalized_name,1.0,local_sdf_library
CMPD_1AD378BA0E08,Glucobrassicin.sdf,/structures/Glucobrassicin.sdf,sdf,fuzzy_normalized_name,0.903,local_sdf_library
CMPD_3D355EC94FEA,glucocapparin.sdf,/structures/glucocapparin.sdf,sdf,exact_normalized_name,1.0,local_sdf_library
CMPD_DAA48FF5E864,Glucoconringiin.sdf,/structures/Glucoconringiin.sdf,sdf,exact_normalized_name,1.0,local_sdf_library
CMPD_103558AC181B,glucoiberin.sdf,/structures/glucoiberin.sdf,sdf,exact_normalized_name,1.0,local_sdf_library
CMPD_AA632914C9B9,Glucolepigramin.sdf,/structures/Glucolepigramin.sdf,sdf,exact_normalized_name,1.0,local_sdf_library
CMPD_2C4B7AFEF50C,gluconapin.sdf,/structures/gluconapin.sdf,sdf,exact_normalized_name,1.0,local_sdf_library
CMPD_8E34C584EEC9,Gluconasturtiin.sdf,/structures/Gluconasturtiin.sdf,sdf,exact_normalized_name,1.0,local_sdf_library
CMPD_FF6DCD64F864,Glucotropaeolin.sdf,/structures/Glucotropaeolin.sdf,sdf,exact_normalized_name,1.0,local_sdf_library
CMPD_6707F6675A47,Glucuronic_acid.sdf,/structures/Glucuronic_acid.sdf,sdf,exact_normalized_name,1.0,local_sdf_library
CMPD_57482C892F64,Glutamic_acid.sdf,/structures/Glutamic_acid.sdf,sdf,fuzzy_normalized_name,0.917,local_sdf_library
CMPD_57482C892F64,glutaric_acid.sdf,/structures/glutaric_acid.sdf,sdf,exact_normalized_name,1.0,local_sdf_library
CMPD_026B87F014A2,glyceric_acid.sdf,/structures/glyceric_acid.sdf,sdf,exact_normalized_name,1.0,local_sdf_library
CMPD_D2E1FF523639,glycerophosphorylcholine.sdf,/structures/glycerophosphorylcholine.sdf,sdf,exact_normalized_name,1.0,local_sdf_library
CMPD_A119F522573E,glycol.sdf,/structures/glycol.sdf,sdf,exact_normalized_name,1.0,local_sdf_library
CMPD_D64CE8D6017F,glycolic_acid.sdf,/structures/glycolic_acid.sdf,sdf,exact_normalized_name,1.0,local_sdf_library
CMPD_196CF0CDE52F,Goitrin.sdf,/structures/Goitrin.sdf,sdf,exact_normalized_name,1.0,local_sdf_library
CMPD_98E13247C5EF,gramine.sdf,/structures/gramine.sdf,sdf,exact_normalized_name,1.0,local_sdf_library
CMPD_8FF0AEEFE7FC,graveolone.sdf,/structures/graveolone.sdf,sdf,exact_normalized_name,1.0,local_sdf_library
CMPD_E040C8A4290A,grosheimin.sdf,/structures/grosheimin.sdf,sdf,exact_normalized_name,1.0,local_sdf_library
CMPD_AEFB9D3B4451,guaiacol.sdf,/structures/guaiacol.sdf,sdf,exact_normalized_name,1.0,local_sdf_library
CMPD_4CA750189404,guaiane.sdf,/structures/guaiane.sdf,sdf,exact_normalized_name,1.0,local_sdf_library
CMPD_433789BDC39A,Guaijaverin.sdf,/structures/Guaijaverin.sdf,sdf,exact_normalized_name,1.0,local_sdf_library
CMPD_2F6DF6955ADB,guaiol.sdf,/structures/guaiol.sdf,sdf,exact_normalized_name,1.0,local_sdf_library
CMPD_433789BDC39A,Guajaverin.sdf,/structures/Guajaverin.sdf,sdf,fuzzy_normalized_name,0.952,local_sdf_library
CMPD_ACA14EB44E48,Guyonianin_B.sdf,/structures/Guyonianin_B.sdf,sdf,exact_normalized_name,1.0,local_sdf_library
CMPD_E8507318559E,Guyonianin_C.sdf,/structures/Guyonianin_C.sdf,sdf,exact_normalized_name,1.0,local_sdf_library
CMPD_891E1EFFE465,Guyonianin_D.sdf,/structures/Guyonianin_D.sdf,sdf,exact_normalized_name,1.0,local_sdf_library
CMPD_F9FE02150914,guyonianin_E.sdf,/structures/guyonianin_E.sdf,sdf,exact_normalized_name,1.0,local_sdf_library
CMPD_43E91A150979,Halenaquinone.sdf,/structures/Halenaquinone.sdf,sdf,exact_normalized_name,1.0,local_sdf_library
CMPD_3AE342252611,halocynthiaxanthin_acetate.sdf,/structures/halocynthiaxanthin_acetate.sdf,sdf,exact_normalized_name,1.0,local_sdf_library
CMPD_51326F93EC61,Hanocokinoside.sdf,/structures/Hanocokinoside.sdf,sdf,exact_normalized_name,1.0,local_sdf_library
CMPD_4D726FA1F0C8,harpagide.sdf,/structures/harpagide.sdf,sdf,exact_normalized_name,1.0,local_sdf_library
CMPD_8FDAE11CEC72,harpagoside.sdf,/structures/harpagoside.sdf,sdf,exact_normalized_name,1.0,local_sdf_library
CMPD_5EA1C007F0AD,hastatoside.sdf,/structures/hastatoside.sdf,sdf,exact_normalized_name,1.0,local_sdf_library
CMPD_4DD96C6A49E1,HBOA.sdf,/structures/HBOA.sdf,sdf,exact_normalized_name,1.0,local_sdf_library
CMPD_2FC26CF174E6,hederagenin.sdf,/structures/hederagenin.sdf,sdf,exact_normalized_name,1.0,local_sdf_library
CMPD_937989000761,Hederasaponin_E.sdf,/structures/Hederasaponin_E.sdf,sdf,fuzzy_normalized_name,0.966,local_sdf_library
CMPD_03F8235F25E8,hedycariol.sdf,/structures/hedycariol.sdf,sdf,fuzzy_normalized_name,0.9,local_sdf_library
CMPD_03F8235F25E8,Hedycaryol.sdf,/structures/Hedycaryol.sdf,sdf,exact_normalized_name,1.0,local_sdf_library
CMPD_7696E2173348,heleurine.sdf,/structures/heleurine.sdf,sdf,exact_normalized_name,1.0,local_sdf_library
CMPD_43202E50227E,Helichrytalicine_D.sdf,/structures/Helichrytalicine_D.sdf,sdf,fuzzy_normalized_name,0.971,local_sdf_library
CMPD_438D2577DBFA,Helioscopin_A.sdf,/structures/Helioscopin_A.sdf,sdf,fuzzy_normalized_name,0.96,local_sdf_library
CMPD_338A6BC21834,Helioscopin_B.sdf,/structures/Helioscopin_B.sdf,sdf,fuzzy_normalized_name,0.96,local_sdf_library
CMPD_9AA1E052B685,Helioscopinin_A.sdf,/structures/Helioscopinin_A.sdf,sdf,exact_normalized_name,1.0,local_sdf_library
CMPD_02FA8C045CD0,Helioscopinin_B.sdf,/structures/Helioscopinin_B.sdf,sdf,fuzzy_normalized_name,0.966,local_sdf_library
CMPD_07C5B90A50EF,helioscopinolide_A.sdf,/structures/helioscopinolide_A.sdf,sdf,exact_normalized_name,1.0,local_sdf_library
CMPD_D2F2B7A4B91A,helioscopinolide_B.sdf,/structures/helioscopinolide_B.sdf,sdf,exact_normalized_name,1.0,local_sdf_library
CMPD_863E1D334191,Heliosupine.sdf,/structures/Heliosupine.sdf,sdf,exact_normalized_name,1.0,local_sdf_library
CMPD_96FE7F69F2E0,heliotrine.sdf,/structures/heliotrine.sdf,sdf,exact_normalized_name,1.0,local_sdf_library
CMPD_B51C18E59069,Helvolic_acid.sdf,/structures/Helvolic_acid.sdf,sdf,exact_normalized_name,1.0,local_sdf_library
CMPD_484DE8FF11AE,Hemicellulose.sdf,/structures/Hemicellulose.sdf,sdf,exact_normalized_name,1.0,local_sdf_library
CMPD_2DF0ED1FB0B9,hemistepsin.sdf,/structures/hemistepsin.sdf,sdf,exact_normalized_name,1.0,local_sdf_library
CMPD_7646B6AD3CAA,hendecane.sdf,/structures/hendecane.sdf,sdf,exact_normalized_name,1.0,local_sdf_library
CMPD_5E5922E34B93,Heneicosane.sdf,/structures/Heneicosane.sdf,sdf,fuzzy_normalized_name,0.957,local_sdf_library
CMPD_2BD8F80E14E3,heptadec-1-ene.sdf,/structures/heptadec-1-ene.sdf,sdf,exact_normalized_name,1.0,local_sdf_library
CMPD_2DF0F0CA3240,heptadecane.sdf,/structures/heptadecane.sdf,sdf,exact_normalized_name,1.0,local_sdf_library
CMPD_2C41CAB53240,heptadecanoic_acid.sdf,/structures/heptadecanoic_acid.sdf,sdf,exact_normalized_name,1.0,local_sdf_library
CMPD_4D314BAA2795,Heptanal.sdf,/structures/Heptanal.sdf,sdf,exact_normalized_name,1.0,local_sdf_library
CMPD_AA2D8EE953D8,Heptane.sdf,/structures/Heptane.sdf,sdf,exact_normalized_name,1.0,local_sdf_library
CMPD_6DC0EAF4BDBF,heptaphylline.sdf,/structures/heptaphylline.sdf,sdf,exact_normalized_name,1.0,local_sdf_library
CMPD_21F254F9C550,Heraclenin.sdf,/structures/Heraclenin.sdf,sdf,exact_normalized_name,1.0,local_sdf_library
CMPD_9D0CF8222DD2,herbacetin-8-O-beta-D-xylopyranoside.sdf,/structures/herbacetin-8-O-beta-D-xylopyranoside.sdf,sdf,exact_normalized_name,1.0,local_sdf_library
CMPD_72DEB363EAF6,Herniaria_saponin_A.sdf,/structures/Herniaria_saponin_A.sdf,sdf,exact_normalized_name,1.0,local_sdf_library
CMPD_D0A0512B152B,Herniaria_saponin_B.sdf,/structures/Herniaria_saponin_B.sdf,sdf,exact_normalized_name,1.0,local_sdf_library
CMPD_8A787A67D712,Hesperetin.sdf,/structures/Hesperetin.sdf,sdf,exact_normalized_name,1.0,local_sdf_library
CMPD_7C62E6D7D1C6,hesperidin.sdf,/structures/hesperidin.sdf,sdf,fuzzy_normalized_name,0.9,local_sdf_library
CMPD_FBBD49A64122,Hesperidoside.sdf,/structures/Hesperidoside.sdf,sdf,exact_normalized_name,1.0,local_sdf_library
CMPD_26D60DDA6C49,hesperin.sdf,/structures/hesperin.sdf,sdf,exact_normalized_name,1.0,local_sdf_library
CMPD_413429BE6ADA,Hesperitin.sdf,/structures/Hesperitin.sdf,sdf,exact_normalized_name,1.0,local_sdf_library
CMPD_7C62E6D7D1C6,Hespiridin.sdf,/structures/Hespiridin.sdf,sdf,exact_normalized_name,1.0,local_sdf_library
CMPD_27EF74FBFEB1,hex-3-en-1-ol.sdf,/structures/hex-3-en-1-ol.sdf,sdf,exact_normalized_name,1.0,local_sdf_library
CMPD_4A3669D650B1,hexadecan-1-ol.sdf,/structures/hexadecan-1-ol.sdf,sdf,exact_normalized_name,1.0,local_sdf_library
CMPD_388E77E8949D,hexadecanal.sdf,/structures/hexadecanal.sdf,sdf,exact_normalized_name,1.0,local_sdf_library
CMPD_1F2CAFD98198,hexadecanamide.sdf,/structures/hexadecanamide.sdf,sdf,exact_normalized_name,1.0,local_sdf_library
CMPD_41180740B1F1,Hexadecane.sdf,/structures/Hexadecane.sdf,sdf,exact_normalized_name,1.0,local_sdf_library
CMPD_7A9B4F722009,Hexadecanoic_acid.sdf,/structures/Hexadecanoic_acid.sdf,sdf,exact_normalized_name,1.0,local_sdf_library
CMPD_62C500D5D090,hexadecanoic_acid_methyl_ester.sdf,/structures/hexadecanoic_acid_methyl_ester.sdf,sdf,fuzzy_normalized_name,0.92,local_sdf_library
CMPD_7E9C50C60DFE,Hexadecanol.sdf,/structures/Hexadecanol.sdf,sdf,exact_normalized_name,1.0,local_sdf_library
CMPD_62ECFCD844D5,Hexadecenoic_acid.sdf,/structures/Hexadecenoic_acid.sdf,sdf,exact_normalized_name,1.0,local_sdf_library
CMPD_295CCCBECA33,hexahydrofarnesyl_acetone.sdf,/structures/hexahydrofarnesyl_acetone.sdf,sdf,exact_normalized_name,1.0,local_sdf_library
CMPD_295CCCBECA33,hexahydrofarnesylacetone.sdf,/structures/hexahydrofarnesylacetone.sdf,sdf,exact_normalized_name,1.0,local_sdf_library
CMPD_8BACE61BBE70,hexan-1-ol.sdf,/structures/hexan-1-ol.sdf,sdf,exact_normalized_name,1.0,local_sdf_library
CMPD_035190E86082,Hexanal.sdf,/structures/Hexanal.sdf,sdf,exact_normalized_name,1.0,local_sdf_library
CMPD_21B1FB759F5A,hexanoic_acid.sdf,/structures/hexanoic_acid.sdf,sdf,exact_normalized_name,1.0,local_sdf_library
CMPD_62C500D5D090,hexanoic_acid_methyl_ester.sdf,/structures/hexanoic_acid_methyl_ester.sdf,sdf,exact_normalized_name,1.0,local_sdf_library
CMPD_4EAAC6087ACE,hexanol.sdf,/structures/hexanol.sdf,sdf,exact_normalized_name,1.0,local_sdf_library
CMPD_F4C948F1557F,Hexanorcucurbitacin_D.sdf,/structures/Hexanorcucurbitacin_D.sdf,sdf,exact_normalized_name,1.0,local_sdf_library
CMPD_7E638B691BF1,hexyl_cinnamic_aldehyde.sdf,/structures/hexyl_cinnamic_aldehyde.sdf,sdf,exact_normalized_name,1.0,local_sdf_library
CMPD_22CF63343766,Hierochin_B.sdf,/structures/Hierochin_B.sdf,sdf,fuzzy_normalized_name,0.952,local_sdf_library
CMPD_1C869728ADE8,Hierochin_C.sdf,/structures/Hierochin_C.sdf,sdf,fuzzy_normalized_name,0.952,local_sdf_library
CMPD_181EC28B1F75,himachalene.sdf,/structures/himachalene.sdf,sdf,exact_normalized_name,1.0,local_sdf_library
CMPD_A39CC257B8DA,Hinesol.sdf,/structures/Hinesol.sdf,sdf,exact_normalized_name,1.0,local_sdf_library
CMPD_82AFEE107537,Hippacine.sdf,/structures/Hippacine.sdf,sdf,exact_normalized_name,1.0,local_sdf_library
CMPD_1781B87E534F,hippadine.sdf,/structures/hippadine.sdf,sdf,exact_normalized_name,1.0,local_sdf_library
CMPD_9DF2C76A885B,Hirsutin.sdf,/structures/Hirsutin.sdf,sdf,exact_normalized_name,1.0,local_sdf_library
CMPD_7D8020E344EE,hispidulin-7-O-glucoside.sdf,/structures/hispidulin-7-O-glucoside.sdf,sdf,exact_normalized_name,1.0,local_sdf_library
CMPD_1060C77A4947,Hispidulin-7-O-β-glucuronide.sdf,/structures/Hispidulin-7-O-β-glucuronide.sdf,sdf,fuzzy_normalized_name,0.92,local_sdf_library
CMPD_21C60BBBEA40,hispidulin-7-rutinoside.sdf,/structures/hispidulin-7-rutinoside.sdf,sdf,exact_normalized_name,1.0,local_sdf_library
CMPD_20CF7158D155,hispidulin.sdf,/structures/hispidulin.sdf,sdf,exact_normalized_name,1.0,local_sdf_library
CMPD_1060C77A4947,Hispidulin_7-glucuronide.sdf,/structures/Hispidulin_7-glucuronide.sdf,sdf,fuzzy_normalized_name,0.978,local_sdf_library
CMPD_26DD81979513,histidine.sdf,/structures/histidine.sdf,sdf,exact_normalized_name,1.0,local_sdf_library
CMPD_56BAF105EFEA,Homoeriodictyol.sdf,/structures/Homoeriodictyol.sdf,sdf,exact_normalized_name,1.0,local_sdf_library
CMPD_6AAEE2D9ECFB,homoorientin.sdf,/structures/homoorientin.sdf,sdf,exact_normalized_name,1.0,local_sdf_library
CMPD_2D314667ABF6,Hordenine.sdf,/structures/Hordenine.sdf,sdf,exact_normalized_name,1.0,local_sdf_library
CMPD_DB3BC7A315C4,hotrienol.sdf,/structures/hotrienol.sdf,sdf,exact_normalized_name,1.0,local_sdf_library
CMPD_2E9ED6DD952E,Humulene.sdf,/structures/Humulene.sdf,sdf,exact_normalized_name,1.0,local_sdf_library
CMPD_33ED7A58F3EF,humulene_epoxide_2.sdf,/structures/humulene_epoxide_2.sdf,sdf,fuzzy_normalized_name,0.909,local_sdf_library
CMPD_33ED7A58F3EF,humulene_epoxide_II.sdf,/structures/humulene_epoxide_II.sdf,sdf,exact_normalized_name,1.0,local_sdf_library
CMPD_2A39F155A508,hydnocarpin_D.sdf,/structures/hydnocarpin_D.sdf,sdf,exact_normalized_name,1.0,local_sdf_library
CMPD_56941DAB7E43,Hydrocaffeic_acid.sdf,/structures/Hydrocaffeic_acid.sdf,sdf,exact_normalized_name,1.0,local_sdf_library
CMPD_01A2916AA59C,Hydroferulic_acid.sdf,/structures/Hydroferulic_acid.sdf,sdf,exact_normalized_name,1.0,local_sdf_library
CMPD_7339ADBDF95C,hydromorphone.sdf,/structures/hydromorphone.sdf,sdf,exact_normalized_name,1.0,local_sdf_library
CMPD_60F79C62440D,Hydroquinone.sdf,/structures/Hydroquinone.sdf,sdf,exact_normalized_name,1.0,local_sdf_library
CMPD_27D377A56E89,hydroquinone_dimethyl_ether.sdf,/structures/hydroquinone_dimethyl_ether.sdf,sdf,exact_normalized_name,1.0,local_sdf_library
CMPD_AD1EBFC1B0EE,hydroxy-4-coumarin.sdf,/structures/hydroxy-4-coumarin.sdf,sdf,fuzzy_normalized_name,0.97,local_sdf_library
CMPD_87FE4A27D366,hydroxybenzoic_acid.sdf,/structures/hydroxybenzoic_acid.sdf,sdf,exact_normalized_name,1.0,local_sdf_library
CMPD_F78DB24BD718,hydroxycaffeic_acid.sdf,/structures/hydroxycaffeic_acid.sdf,sdf,exact_normalized_name,1.0,local_sdf_library
CMPD_390CF2B7D22B,Hydroxycinnamic_acid.sdf,/structures/Hydroxycinnamic_acid.sdf,sdf,exact_normalized_name,1.0,local_sdf_library
CMPD_AF274EAF5813,hydroxyquinone.sdf,/structures/hydroxyquinone.sdf,sdf,exact_normalized_name,1.0,local_sdf_library
CMPD_F4D5C7D00282,Hydroxysafflor_yellow_A.sdf,/structures/Hydroxysafflor_yellow_A.sdf,sdf,exact_normalized_name,1.0,local_sdf_library
CMPD_19012A49D87E,hydroxytyrosol.sdf,/structures/hydroxytyrosol.sdf,sdf,exact_normalized_name,1.0,local_sdf_library
CMPD_594238774A29,Hyoscyamine.sdf,/structures/Hyoscyamine.sdf,sdf,exact_normalized_name,1.0,local_sdf_library
CMPD_A19397DFD5CA,hypaphorine.sdf,/structures/hypaphorine.sdf,sdf,exact_normalized_name,1.0,local_sdf_library
CMPD_701AFEF1A396,Hypepontine.sdf,/structures/Hypepontine.sdf,sdf,exact_normalized_name,1.0,local_sdf_library
CMPD_01F1333C3D93,Hypericin.sdf,/structures/Hypericin.sdf,sdf,exact_normalized_name,1.0,local_sdf_library
CMPD_0DD6338A2B88,Hyperin.sdf,/structures/Hyperin.sdf,sdf,exact_normalized_name,1.0,local_sdf_library
CMPD_C37C9DC88A56,Hyptadienic_acid.sdf,/structures/Hyptadienic_acid.sdf,sdf,exact_normalized_name,1.0,local_sdf_library
CMPD_111ACA2E68F2,I-Limonene.sdf,/structures/I-Limonene.sdf,sdf,exact_normalized_name,1.0,local_sdf_library
CMPD_C329A77C9CD9,ilicic_acid.sdf,/structures/ilicic_acid.sdf,sdf,exact_normalized_name,1.0,local_sdf_library
CMPD_397F6E7B67B4,Imperatorin.sdf,/structures/Imperatorin.sdf,sdf,exact_normalized_name,1.0,local_sdf_library
CMPD_FD7FE3F0BF43,incensole.sdf,/structures/incensole.sdf,sdf,exact_normalized_name,1.0,local_sdf_library
CMPD_689379887190,incensole_acetate.sdf,/structures/incensole_acetate.sdf,sdf,exact_normalized_name,1.0,local_sdf_library
CMPD_F7F78ED637AC,incensole_oxide.sdf,/structures/incensole_oxide.sdf,sdf,exact_normalized_name,1.0,local_sdf_library
CMPD_4A0599CA0D46,Indol-3-ylmethyl_glucosinolate.sdf,/structures/Indol-3-ylmethyl_glucosinolate.sdf,sdf,exact_normalized_name,1.0,local_sdf_library
CMPD_64D8B0412377,Indole-3-acrylic_acid.sdf,/structures/Indole-3-acrylic_acid.sdf,sdf,exact_normalized_name,1.0,local_sdf_library
CMPD_A2225DEDA2B3,Ingenol.sdf,/structures/Ingenol.sdf,sdf,exact_normalized_name,1.0,local_sdf_library
CMPD_4CEF3A6EA3C2,intermedeol.sdf,/structures/intermedeol.sdf,sdf,fuzzy_normalized_name,0.88,local_sdf_library
CMPD_10DDE15B4EFE,Intermedine.sdf,/structures/Intermedine.sdf,sdf,exact_normalized_name,1.0,local_sdf_library
CMPD_822720F064C6,inuviscolide.sdf,/structures/inuviscolide.sdf,sdf,exact_normalized_name,1.0,local_sdf_library
CMPD_ABCEF0BCC71D,ionone.sdf,/structures/ionone.sdf,sdf,exact_normalized_name,1.0,local_sdf_library
CMPD_9F69657323AB,iridin.sdf,/structures/iridin.sdf,sdf,exact_normalized_name,1.0,local_sdf_library
CMPD_B209DD42DA03,iriflophene.sdf,/structures/iriflophene.sdf,sdf,exact_normalized_name,1.0,local_sdf_library
CMPD_F109A789747E,iriflophenone-2-O-beta-glucoside.sdf,/structures/iriflophenone-2-O-beta-glucoside.sdf,sdf,fuzzy_normalized_name,0.945,local_sdf_library
CMPD_F109A789747E,Iriflophenone_2-O-beta-D-glucoside.sdf,/structures/Iriflophenone_2-O-beta-D-glucoside.sdf,sdf,fuzzy_normalized_name,0.964,local_sdf_library
CMPD_C5EBF07876C0,irilone.sdf,/structures/irilone.sdf,sdf,exact_normalized_name,1.0,local_sdf_library
CMPD_DC07E3E58F00,Iso-seco-tanapartholide.sdf,/structures/Iso-seco-tanapartholide.sdf,sdf,exact_normalized_name,1.0,local_sdf_library
CMPD_7278B121836A,isoadiantone.sdf,/structures/isoadiantone.sdf,sdf,exact_normalized_name,1.0,local_sdf_library
CMPD_4A9C05834FED,Isoamyl_2-methylbutyrate.sdf,/structures/Isoamyl_2-methylbutyrate.sdf,sdf,fuzzy_normalized_name,0.955,local_sdf_library
CMPD_60C9422F76A5,Isoamylamine.sdf,/structures/Isoamylamine.sdf,sdf,exact_normalized_name,1.0,local_sdf_library
CMPD_02FE3F586CA4,isoascaridole.sdf,/structures/isoascaridole.sdf,sdf,exact_normalized_name,1.0,local_sdf_library
CMPD_80B8AB78780A,Isoastragaloside_II.sdf,/structures/Isoastragaloside_II.sdf,sdf,fuzzy_normalized_name,0.941,local_sdf_library
CMPD_21901917DC89,Isobavachalcone.sdf,/structures/Isobavachalcone.sdf,sdf,fuzzy_normalized_name,0.933,local_sdf_library
CMPD_09E857A8DE39,Isobavachin.sdf,/structures/Isobavachin.sdf,sdf,exact_normalized_name,1.0,local_sdf_library
CMPD_8780D40C707A,isobergapten.sdf,/structures/isobergapten.sdf,sdf,exact_normalized_name,1.0,local_sdf_library
CMPD_05A7FA00148F,isoboldine.sdf,/structures/isoboldine.sdf,sdf,exact_normalized_name,1.0,local_sdf_library
CMPD_9B8F1215E568,isoborneol.sdf,/structures/isoborneol.sdf,sdf,exact_normalized_name,1.0,local_sdf_library
CMPD_B67204B10A8D,isobornyl_acetate.sdf,/structures/isobornyl_acetate.sdf,sdf,exact_normalized_name,1.0,local_sdf_library
CMPD_0A4974B70153,Isobutyl_glucosinolate.sdf,/structures/Isobutyl_glucosinolate.sdf,sdf,exact_normalized_name,1.0,local_sdf_library
CMPD_AF0462FC2F1A,Isobutyl_isobutyrate.sdf,/structures/Isobutyl_isobutyrate.sdf,sdf,exact_normalized_name,1.0,local_sdf_library
CMPD_6D7084B4994A,Isobutyl_phthalate.sdf,/structures/Isobutyl_phthalate.sdf,sdf,fuzzy_normalized_name,0.944,local_sdf_library
CMPD_3C4C4198F95C,Isocalamendiol.sdf,/structures/Isocalamendiol.sdf,sdf,exact_normalized_name,1.0,local_sdf_library
CMPD_B85BA1F9C4FA,Isocarthamidin.sdf,/structures/Isocarthamidin.sdf,sdf,exact_normalized_name,1.0,local_sdf_library
CMPD_96D9F6DD53ED,isocaryophyllene.sdf,/structures/isocaryophyllene.sdf,sdf,exact_normalized_name,1.0,local_sdf_library
CMPD_DAC566D38D08,isochlorogenic_acid.sdf,/structures/isochlorogenic_acid.sdf,sdf,exact_normalized_name,1.0,local_sdf_library
CMPD_DAC566D38D08,Isochlorogenic_acid_A.sdf,/structures/Isochlorogenic_acid_A.sdf,sdf,fuzzy_normalized_name,0.973,local_sdf_library
CMPD_7875F3E73053,isocitrate.sdf,/structures/isocitrate.sdf,sdf,exact_normalized_name,1.0,local_sdf_library
CMPD_2B22CD6C6F17,Isocitric_acid.sdf,/structures/Isocitric_acid.sdf,sdf,exact_normalized_name,1.0,local_sdf_library
CMPD_08B1EF7FB2F7,Isocnidilide.sdf,/structures/Isocnidilide.sdf,sdf,exact_normalized_name,1.0,local_sdf_library
CMPD_D6701C804C07,isocorydine.sdf,/structures/isocorydine.sdf,sdf,exact_normalized_name,1.0,local_sdf_library
CMPD_BEE20315B7D0,isocostic_acid.sdf,/structures/isocostic_acid.sdf,sdf,exact_normalized_name,1.0,local_sdf_library
CMPD_1F841136A0FA,Isodaidzin.sdf,/structures/Isodaidzin.sdf,sdf,exact_normalized_name,1.0,local_sdf_library
CMPD_53C72B4F68F0,Isoelemicin.sdf,/structures/Isoelemicin.sdf,sdf,exact_normalized_name,1.0,local_sdf_library
CMPD_B14C72D918A4,Isoetin_5_-glucoside.sdf,/structures/Isoetin_5_-glucoside.sdf,sdf,exact_normalized_name,1.0,local_sdf_library
CMPD_7CBA30DC0008,Isoferulic_acid.sdf,/structures/Isoferulic_acid.sdf,sdf,exact_normalized_name,1.0,local_sdf_library
CMPD_1D0D0ED94B55,isofraxidin.sdf,/structures/isofraxidin.sdf,sdf,exact_normalized_name,1.0,local_sdf_library
CMPD_498FE4CB9C4C,isofucosterol.sdf,/structures/isofucosterol.sdf,sdf,exact_normalized_name,1.0,local_sdf_library
CMPD_36F833DD0A33,Isofuranodiene.sdf,/structures/Isofuranodiene.sdf,sdf,exact_normalized_name,1.0,local_sdf_library
CMPD_7AAC7848BA02,isohemigossypol.sdf,/structures/isohemigossypol.sdf,sdf,exact_normalized_name,1.0,local_sdf_library
CMPD_C07B43286866,Isohemigossypol_1_2-dimethyl_ether.sdf,/structures/Isohemigossypol_1_2-dimethyl_ether.sdf,sdf,exact_normalized_name,1.0,local_sdf_library
CMPD_85E8DC9991E9,isoimperatorin.sdf,/structures/isoimperatorin.sdf,sdf,exact_normalized_name,1.0,local_sdf_library
CMPD_F5E55BE29225,Isoincensole.sdf,/structures/Isoincensole.sdf,sdf,exact_normalized_name,1.0,local_sdf_library
CMPD_DBCEC31B053B,Isoincensole_acetate.sdf,/structures/Isoincensole_acetate.sdf,sdf,exact_normalized_name,1.0,local_sdf_library
CMPD_5BD49607E247,Isokaerophyllin.sdf,/structures/Isokaerophyllin.sdf,sdf,exact_normalized_name,1.0,local_sdf_library
CMPD_027D4F2DEFD1,isolariciresinol.sdf,/structures/isolariciresinol.sdf,sdf,exact_normalized_name,1.0,local_sdf_library
CMPD_463956CBE1C4,Isolariciresinol_9-O-beta-D-glucopyranoside.sdf,/structures/Isolariciresinol_9-O-beta-D-glucopyranoside.sdf,sdf,exact_normalized_name,1.0,local_sdf_library
CMPD_5A481BE351AA,Isolarrienin.sdf,/structures/Isolarrienin.sdf,sdf,fuzzy_normalized_name,0.909,local_sdf_library
CMPD_83690E394036,Isolene.sdf,/structures/Isolene.sdf,sdf,exact_normalized_name,1.0,local_sdf_library
CMPD_DDF2AC4BC864,isolinariin_A.sdf,/structures/isolinariin_A.sdf,sdf,exact_normalized_name,1.0,local_sdf_library
CMPD_416DB458D626,Isolinariin_D.sdf,/structures/Isolinariin_D.sdf,sdf,exact_normalized_name,1.0,local_sdf_library
CMPD_90D3667BA021,Isolinariin_E.sdf,/structures/Isolinariin_E.sdf,sdf,exact_normalized_name,1.0,local_sdf_library
CMPD_615B5964C744,Isoliquiritigenin.sdf,/structures/Isoliquiritigenin.sdf,sdf,exact_normalized_name,1.0,local_sdf_library
CMPD_F4BFDF446FE3,Isolongifolan-8-ol.sdf,/structures/Isolongifolan-8-ol.sdf,sdf,exact_normalized_name,1.0,local_sdf_library
CMPD_3B331A6952B7,isomangiferin.sdf,/structures/isomangiferin.sdf,sdf,exact_normalized_name,1.0,local_sdf_library
CMPD_74F65CCF0C0A,isomartynoside.sdf,/structures/isomartynoside.sdf,sdf,exact_normalized_name,1.0,local_sdf_library
CMPD_7F51334EA321,isomenthol.sdf,/structures/isomenthol.sdf,sdf,exact_normalized_name,1.0,local_sdf_library
CMPD_C50D663F6EAE,Isomenthone.sdf,/structures/Isomenthone.sdf,sdf,exact_normalized_name,1.0,local_sdf_library
CMPD_A39F8748B059,isomintlactone.sdf,/structures/isomintlactone.sdf,sdf,exact_normalized_name,1.0,local_sdf_library
CMPD_1FDC67A4249B,isomollupentin.sdf,/structures/isomollupentin.sdf,sdf,exact_normalized_name,1.0,local_sdf_library
CMPD_36F8687BBEBE,Isomyricitrin.sdf,/structures/Isomyricitrin.sdf,sdf,exact_normalized_name,1.0,local_sdf_library
CMPD_7E1582125700,Isoorientin.sdf,/structures/Isoorientin.sdf,sdf,exact_normalized_name,1.0,local_sdf_library
CMPD_E5850D85ACEF,Isoorientin_4_-O-glucoside.sdf,/structures/Isoorientin_4_-O-glucoside.sdf,sdf,exact_normalized_name,1.0,local_sdf_library
CMPD_8C30C0C7E163,Isophorone.sdf,/structures/Isophorone.sdf,sdf,exact_normalized_name,1.0,local_sdf_library
CMPD_868F1C17A0EC,Isophyllocladene.sdf,/structures/Isophyllocladene.sdf,sdf,exact_normalized_name,1.0,local_sdf_library
CMPD_E7B381051257,Isophytol.sdf,/structures/Isophytol.sdf,sdf,exact_normalized_name,1.0,local_sdf_library
CMPD_030EB5BA6CAA,Isopimpinellin.sdf,/structures/Isopimpinellin.sdf,sdf,exact_normalized_name,1.0,local_sdf_library
CMPD_E0E762C595B2,Isoprene.sdf,/structures/Isoprene.sdf,sdf,exact_normalized_name,1.0,local_sdf_library
CMPD_C2D886F2D7F8,Isopropyl_isothiocyanate.sdf,/structures/Isopropyl_isothiocyanate.sdf,sdf,exact_normalized_name,1.0,local_sdf_library
CMPD_27AA6C8029DC,Isoprunetin.sdf,/structures/Isoprunetin.sdf,sdf,exact_normalized_name,1.0,local_sdf_library
CMPD_6BF068606555,isopulegol.sdf,/structures/isopulegol.sdf,sdf,exact_normalized_name,1.0,local_sdf_library
CMPD_8BC1631B523B,isopulegone.sdf,/structures/isopulegone.sdf,sdf,exact_normalized_name,1.0,local_sdf_library
CMPD_1911F3BB54DC,Isoquercetin.sdf,/structures/Isoquercetin.sdf,sdf,exact_normalized_name,1.0,local_sdf_library
CMPD_1911F3BB54DC,isoquercetrin.sdf,/structures/isoquercetrin.sdf,sdf,fuzzy_normalized_name,0.96,local_sdf_library
CMPD_1911F3BB54DC,isoquercitin.sdf,/structures/isoquercitin.sdf,sdf,fuzzy_normalized_name,0.917,local_sdf_library
CMPD_1911F3BB54DC,Isoquercitrin.sdf,/structures/Isoquercitrin.sdf,sdf,fuzzy_normalized_name,0.88,local_sdf_library
CMPD_E6EE9EFA6C92,Isorhamnetin-3-O-beta-D-glucoside.sdf,/structures/Isorhamnetin-3-O-beta-D-glucoside.sdf,sdf,exact_normalized_name,1.0,local_sdf_library
CMPD_E6EE9EFA6C92,isorhamnetin-3-O-beta-glucoside.sdf,/structures/isorhamnetin-3-O-beta-glucoside.sdf,sdf,fuzzy_normalized_name,0.982,local_sdf_library
CMPD_D98547336D3B,isorhamnetin-3-O-galactoside.sdf,/structures/isorhamnetin-3-O-galactoside.sdf,sdf,exact_normalized_name,1.0,local_sdf_library
CMPD_37836C053026,Isorhamnetin-3-O-rutinoside.sdf,/structures/Isorhamnetin-3-O-rutinoside.sdf,sdf,exact_normalized_name,1.0,local_sdf_library
CMPD_7D734F9B61FB,Isorhamnetin-3-O-β-D-glucopyranoside.sdf,/structures/Isorhamnetin-3-O-β-D-glucopyranoside.sdf,sdf,fuzzy_normalized_name,0.971,local_sdf_library
CMPD_37836C053026,Isorhamnetin-3-rutinoside.sdf,/structures/Isorhamnetin-3-rutinoside.sdf,sdf,fuzzy_normalized_name,0.979,local_sdf_library
CMPD_F43B657C3393,isorhamnetin-3_7-di-O-beta-D-glucopyranoside.sdf,/structures/isorhamnetin-3_7-di-O-beta-D-glucopyranoside.sdf,sdf,exact_normalized_name,1.0,local_sdf_library
CMPD_7D734F9B61FB,isorhamnetin-7-O-beta-D-glucopyranoside.sdf,/structures/isorhamnetin-7-O-beta-D-glucopyranoside.sdf,sdf,exact_normalized_name,1.0,local_sdf_library
CMPD_2712C5467120,Isorhamnetin.sdf,/structures/Isorhamnetin.sdf,sdf,exact_normalized_name,1.0,local_sdf_library
CMPD_B72801F8656A,Isorhamnetin_3-glucoside_7-rhamnoside.sdf,/structures/Isorhamnetin_3-glucoside_7-rhamnoside.sdf,sdf,exact_normalized_name,1.0,local_sdf_library
CMPD_7B42EC6BB924,Isorhamnetin_3-O-alpha-L-rhamnoside.sdf,/structures/Isorhamnetin_3-O-alpha-L-rhamnoside.sdf,sdf,exact_normalized_name,1.0,local_sdf_library
CMPD_65DB2950D2DA,Isorhamnetin_3-O-arabinoside-7-O-glucoside.sdf,/structures/Isorhamnetin_3-O-arabinoside-7-O-glucoside.sdf,sdf,exact_normalized_name,1.0,local_sdf_library
CMPD_15499842D67B,Isorhamnetin_3-O-glucoside.sdf,/structures/Isorhamnetin_3-O-glucoside.sdf,sdf,exact_normalized_name,1.0,local_sdf_library
CMPD_37836C053026,isorhamnetin_3-O-rutinoside.sdf,/structures/isorhamnetin_3-O-rutinoside.sdf,sdf,exact_normalized_name,1.0,local_sdf_library
CMPD_7D734F9B61FB,isorhamnetin_3-O-β-D-glucopyranoside.sdf,/structures/isorhamnetin_3-O-β-D-glucopyranoside.sdf,sdf,fuzzy_normalized_name,0.971,local_sdf_library
CMPD_463583853166,Isorhamnetin_3-rhamnoside.sdf,/structures/Isorhamnetin_3-rhamnoside.sdf,sdf,exact_normalized_name,1.0,local_sdf_library
CMPD_61DC9C60E967,isorhamnetin_3-robinobioside.sdf,/structures/isorhamnetin_3-robinobioside.sdf,sdf,exact_normalized_name,1.0,local_sdf_library
CMPD_273F5D7F2752,Isorhamnetin_3-xylosylglucoside.sdf,/structures/Isorhamnetin_3-xylosylglucoside.sdf,sdf,fuzzy_normalized_name,0.983,local_sdf_library
CMPD_15499842D67B,Isorhamnetin_3_7-diglucoside.sdf,/structures/Isorhamnetin_3_7-diglucoside.sdf,sdf,fuzzy_normalized_name,0.917,local_sdf_library
CMPD_8744440FFE28,isorhoeadine.sdf,/structures/isorhoeadine.sdf,sdf,exact_normalized_name,1.0,local_sdf_library
CMPD_563F373B0DD0,isorhoeagenine.sdf,/structures/isorhoeagenine.sdf,sdf,exact_normalized_name,1.0,local_sdf_library
CMPD_1E23C39E38E1,Isorhoifolin.sdf,/structures/Isorhoifolin.sdf,sdf,exact_normalized_name,1.0,local_sdf_library
CMPD_2D1CA0147232,Isorosmanol.sdf,/structures/Isorosmanol.sdf,sdf,exact_normalized_name,1.0,local_sdf_library
CMPD_A8C927D9E815,Isosalipurposide.sdf,/structures/Isosalipurposide.sdf,sdf,exact_normalized_name,1.0,local_sdf_library
CMPD_DC9640D96A43,Isosativene.sdf,/structures/Isosativene.sdf,sdf,exact_normalized_name,1.0,local_sdf_library
CMPD_606B9F820ACF,Isoschaftoside.sdf,/structures/Isoschaftoside.sdf,sdf,fuzzy_normalized_name,0.963,local_sdf_library
CMPD_2F9393A3407B,isoscopoletin.sdf,/structures/isoscopoletin.sdf,sdf,exact_normalized_name,1.0,local_sdf_library
CMPD_07E4522A5F3A,isospathulenol.sdf,/structures/isospathulenol.sdf,sdf,exact_normalized_name,1.0,local_sdf_library
CMPD_0A73F4B2E95E,Isovaleraldehyde.sdf,/structures/Isovaleraldehyde.sdf,sdf,exact_normalized_name,1.0,local_sdf_library
CMPD_8B4FEA94AC2D,isovaleraldehyde_diethyl_acetal.sdf,/structures/isovaleraldehyde_diethyl_acetal.sdf,sdf,exact_normalized_name,1.0,local_sdf_library
CMPD_19D641099679,Isovaleric_acid.sdf,/structures/Isovaleric_acid.sdf,sdf,exact_normalized_name,1.0,local_sdf_library
CMPD_9BC16A0D5AEA,isovaltrate.sdf,/structures/isovaltrate.sdf,sdf,exact_normalized_name,1.0,local_sdf_library
CMPD_3CFA73C61E57,isovanillic_acid.sdf,/structures/isovanillic_acid.sdf,sdf,exact_normalized_name,1.0,local_sdf_library
CMPD_7331AC4ECCB2,isoverbascoside.sdf,/structures/isoverbascoside.sdf,sdf,exact_normalized_name,1.0,local_sdf_library
CMPD_12F27F7D81A0,Isovitexin.sdf,/structures/Isovitexin.sdf,sdf,exact_normalized_name,1.0,local_sdf_library
CMPD_130574C36709,Isovitexin_2__-O-rhamnoside.sdf,/structures/Isovitexin_2__-O-rhamnoside.sdf,sdf,exact_normalized_name,1.0,local_sdf_library
CMPD_C58ADF14152B,isovitexin_7-beta-D-glucopyranoside.sdf,/structures/isovitexin_7-beta-D-glucopyranoside.sdf,sdf,exact_normalized_name,1.0,local_sdf_library
CMPD_A6604AF13E9C,jacaranone.sdf,/structures/jacaranone.sdf,sdf,exact_normalized_name,1.0,local_sdf_library
CMPD_3D20778CED5F,jacareubin.sdf,/structures/jacareubin.sdf,sdf,exact_normalized_name,1.0,local_sdf_library
CMPD_95AF377F2EE6,jaceidin.sdf,/structures/jaceidin.sdf,sdf,exact_normalized_name,1.0,local_sdf_library
CMPD_9B607B51870D,Jaceosidin.sdf,/structures/Jaceosidin.sdf,sdf,exact_normalized_name,1.0,local_sdf_library
CMPD_4F404443F313,jacoumaric_acid.sdf,/structures/jacoumaric_acid.sdf,sdf,exact_normalized_name,1.0,local_sdf_library
CMPD_02440644F835,Jaeschkeanadiol_angelate.sdf,/structures/Jaeschkeanadiol_angelate.sdf,sdf,exact_normalized_name,1.0,local_sdf_library
CMPD_B66743A07033,Jaeschkeanadiol_benzoate.sdf,/structures/Jaeschkeanadiol_benzoate.sdf,sdf,fuzzy_normalized_name,0.93,local_sdf_library
CMPD_2BDD9B104B09,Jaeschkenin.sdf,/structures/Jaeschkenin.sdf,sdf,fuzzy_normalized_name,0.9,local_sdf_library
CMPD_8BE9D75BDF08,Jasomontanone.sdf,/structures/Jasomontanone.sdf,sdf,exact_normalized_name,1.0,local_sdf_library
CMPD_1B06C978DE03,Jasonin_A.sdf,/structures/Jasonin_A.sdf,sdf,exact_normalized_name,1.0,local_sdf_library
CMPD_FC54FB9CCB60,Jasonin_B.sdf,/structures/Jasonin_B.sdf,sdf,exact_normalized_name,1.0,local_sdf_library
CMPD_2CC48C12A54C,Jatrogrossidentadione_acetate.sdf,/structures/Jatrogrossidentadione_acetate.sdf,sdf,fuzzy_normalized_name,0.966,local_sdf_library
CMPD_E3E96AC75A6A,Jatrophane.sdf,/structures/Jatrophane.sdf,sdf,exact_normalized_name,1.0,local_sdf_library
CMPD_3A32D79793D1,jatrorrhizine.sdf,/structures/jatrorrhizine.sdf,sdf,exact_normalized_name,1.0,local_sdf_library
CMPD_4A21138F176C,Junipene.sdf,/structures/Junipene.sdf,sdf,exact_normalized_name,1.0,local_sdf_library
CMPD_922AEAB508F2,Juniperol.sdf,/structures/Juniperol.sdf,sdf,exact_normalized_name,1.0,local_sdf_library
CMPD_9805761677EA,kaempferide.sdf,/structures/kaempferide.sdf,sdf,exact_normalized_name,1.0,local_sdf_library
CMPD_27F49D47F905,Kaempferitrin.sdf,/structures/Kaempferitrin.sdf,sdf,exact_normalized_name,1.0,local_sdf_library
CMPD_0FA1B1B2A3B0,Kaempferol-3-0-galactoside.sdf,/structures/Kaempferol-3-0-galactoside.sdf,sdf,exact_normalized_name,1.0,local_sdf_library
CMPD_4E9311B44CDC,kaempferol-3-O-alpha-L-rhamnopyranoside.sdf,/structures/kaempferol-3-O-alpha-L-rhamnopyranoside.sdf,sdf,exact_normalized_name,1.0,local_sdf_library
CMPD_B46A94916A78,kaempferol-3-O-alpha-L-rhamnoside.sdf,/structures/kaempferol-3-O-alpha-L-rhamnoside.sdf,sdf,exact_normalized_name,1.0,local_sdf_library
CMPD_BCBB2B8AF92C,kaempferol-3-O-beta-D-glucopyranoside-7-O-alpha-L-rhamnopyranoside.sdf,/structures/kaempferol-3-O-beta-D-glucopyranoside-7-O-alpha-L-rhamnopyranoside.sdf,sdf,fuzzy_normalized_name,0.955,local_sdf_library
CMPD_8E41E704EE3F,kaempferol-3-O-beta-D-glucopyranoside.sdf,/structures/kaempferol-3-O-beta-D-glucopyranoside.sdf,sdf,exact_normalized_name,1.0,local_sdf_library
CMPD_320C8A4E35C8,kaempferol-3-O-beta-D-glucoside.sdf,/structures/kaempferol-3-O-beta-D-glucoside.sdf,sdf,exact_normalized_name,1.0,local_sdf_library
CMPD_D561B977E62F,kaempferol-3-O-beta-glucopyranoside.sdf,/structures/kaempferol-3-O-beta-glucopyranoside.sdf,sdf,exact_normalized_name,1.0,local_sdf_library
CMPD_0FA1B1B2A3B0,kaempferol-3-O-galactoside.sdf,/structures/kaempferol-3-O-galactoside.sdf,sdf,fuzzy_normalized_name,0.957,local_sdf_library
CMPD_633BAC123F4E,Kaempferol-3-O-glucosid.sdf,/structures/Kaempferol-3-O-glucosid.sdf,sdf,fuzzy_normalized_name,0.976,local_sdf_library
CMPD_633BAC123F4E,kaempferol-3-O-glucoside.sdf,/structures/kaempferol-3-O-glucoside.sdf,sdf,exact_normalized_name,1.0,local_sdf_library
CMPD_0C20E0400621,kaempferol-3-O-glucuronide.sdf,/structures/kaempferol-3-O-glucuronide.sdf,sdf,exact_normalized_name,1.0,local_sdf_library
CMPD_1C7CB9090A3F,Kaempferol-3-O-rhamnoside.sdf,/structures/Kaempferol-3-O-rhamnoside.sdf,sdf,exact_normalized_name,1.0,local_sdf_library
CMPD_9A5486ECE184,Kaempferol-3-O-rutinoside.sdf,/structures/Kaempferol-3-O-rutinoside.sdf,sdf,exact_normalized_name,1.0,local_sdf_library
CMPD_335C8BD02A82,Kaempferol-3-O-α-L-rhamnopyranosyl-1-6-β-D-glucopyranoside.sdf,/structures/Kaempferol-3-O-α-L-rhamnopyranosyl-1-6-β-D-glucopyranoside.sdf,sdf,fuzzy_normalized_name,0.911,local_sdf_library
CMPD_8E41E704EE3F,Kaempferol-3-O-β-D-glucopyranoside.sdf,/structures/Kaempferol-3-O-β-D-glucopyranoside.sdf,sdf,exact_normalized_name,1.0,local_sdf_library
CMPD_D561B977E62F,Kaempferol-3-O-β-glucopyranoside.sdf,/structures/Kaempferol-3-O-β-glucopyranoside.sdf,sdf,exact_normalized_name,1.0,local_sdf_library
CMPD_1AF3E3829F07,Kaempferol-3-rhamnoside.sdf,/structures/Kaempferol-3-rhamnoside.sdf,sdf,exact_normalized_name,1.0,local_sdf_library
CMPD_3F9228F2F60F,kaempferol-3_7-O-bis-alpha-L-rhamnoside.sdf,/structures/kaempferol-3_7-O-bis-alpha-L-rhamnoside.sdf,sdf,exact_normalized_name,1.0,local_sdf_library
CMPD_1DFC64E70C2E,Kaempferol-7-methylether.sdf,/structures/Kaempferol-7-methylether.sdf,sdf,fuzzy_normalized_name,0.955,local_sdf_library
CMPD_2DB1503E21B4,Kaempferol-7-O-alpha-L-rhamnopyranoside.sdf,/structures/Kaempferol-7-O-alpha-L-rhamnopyranoside.sdf,sdf,exact_normalized_name,1.0,local_sdf_library
CMPD_676D9C0FB989,kaempferol-7-O-glucoside.sdf,/structures/kaempferol-7-O-glucoside.sdf,sdf,exact_normalized_name,1.0,local_sdf_library
CMPD_89E34CC237EB,kaempferol-7-O-hexoside.sdf,/structures/kaempferol-7-O-hexoside.sdf,sdf,exact_normalized_name,1.0,local_sdf_library
CMPD_2DB1503E21B4,Kaempferol-7-O-α-L-rhamnopyranoside.sdf,/structures/Kaempferol-7-O-α-L-rhamnopyranoside.sdf,sdf,exact_normalized_name,1.0,local_sdf_library
CMPD_0C20E0400621,kaempferol-O-glucuronide.sdf,/structures/kaempferol-O-glucuronide.sdf,sdf,fuzzy_normalized_name,0.978,local_sdf_library
CMPD_1AF3E3829F07,kaempferol-rhamnoside.sdf,/structures/kaempferol-rhamnoside.sdf,sdf,fuzzy_normalized_name,0.976,local_sdf_library
CMPD_6C74F3779DFA,Kaempferol.sdf,/structures/Kaempferol.sdf,sdf,exact_normalized_name,1.0,local_sdf_library
CMPD_633BAC123F4E,Kaempferol_3-glucoside.sdf,/structures/Kaempferol_3-glucoside.sdf,sdf,fuzzy_normalized_name,0.976,local_sdf_library
CMPD_33CFE1F685B3,Kaempferol_3-glucoside_7-rhamnoside.sdf,/structures/Kaempferol_3-glucoside_7-rhamnoside.sdf,sdf,exact_normalized_name,1.0,local_sdf_library
CMPD_0C20E0400621,Kaempferol_3-glucuronide.sdf,/structures/Kaempferol_3-glucuronide.sdf,sdf,fuzzy_normalized_name,0.978,local_sdf_library
CMPD_2414C540FDCA,Kaempferol_3-O-2-O-E-p-coumaroyl-β-D-glucopyranoside.sdf,/structures/Kaempferol_3-O-2-O-E-p-coumaroyl-β-D-glucopyranoside.sdf,sdf,exact_normalized_name,1.0,local_sdf_library
CMPD_81D251762C5E,Kaempferol_3-O-alpha-L-arabinopyranoside.sdf,/structures/Kaempferol_3-O-alpha-L-arabinopyranoside.sdf,sdf,fuzzy_normalized_name,0.943,local_sdf_library
CMPD_F589791080DF,Kaempferol_3-O-beta-D-arabinopyranoside.sdf,/structures/Kaempferol_3-O-beta-D-arabinopyranoside.sdf,sdf,fuzzy_normalized_name,0.985,local_sdf_library
CMPD_320C8A4E35C8,kaempferol_3-O-beta-D-glucuronide.sdf,/structures/kaempferol_3-O-beta-D-glucuronide.sdf,sdf,fuzzy_normalized_name,0.926,local_sdf_library
CMPD_320C8A4E35C8,Kaempferol_3-O-beta-glucoside.sdf,/structures/Kaempferol_3-O-beta-glucoside.sdf,sdf,fuzzy_normalized_name,0.98,local_sdf_library
CMPD_ADB5AEAC7A1C,Kaempferol_3-O-beta-rutinoside.sdf,/structures/Kaempferol_3-O-beta-rutinoside.sdf,sdf,exact_normalized_name,1.0,local_sdf_library
CMPD_07515C00D76C,Kaempferol_3-O-caffeate.sdf,/structures/Kaempferol_3-O-caffeate.sdf,sdf,exact_normalized_name,1.0,local_sdf_library
CMPD_31E1421EA48C,Kaempferol_3-O-glucoside-7-O-arabinoside.sdf,/structures/Kaempferol_3-O-glucoside-7-O-arabinoside.sdf,sdf,exact_normalized_name,1.0,local_sdf_library
CMPD_633BAC123F4E,kaempferol_3-O-glucoside.sdf,/structures/kaempferol_3-O-glucoside.sdf,sdf,exact_normalized_name,1.0,local_sdf_library
CMPD_9A5486ECE184,Kaempferol_3-O-rutinoside.sdf,/structures/Kaempferol_3-O-rutinoside.sdf,sdf,exact_normalized_name,1.0,local_sdf_library
CMPD_81D251762C5E,kaempferol_3-O-α-arabinopyranoside.sdf,/structures/kaempferol_3-O-α-arabinopyranoside.sdf,sdf,fuzzy_normalized_name,0.928,local_sdf_library
CMPD_C39D9E980252,Kaempferol_3-p-coumarate.sdf,/structures/Kaempferol_3-p-coumarate.sdf,sdf,exact_normalized_name,1.0,local_sdf_library
CMPD_D057B9C85C13,Kaempferol_3-rhamnoside_7-glucuronide.sdf,/structures/Kaempferol_3-rhamnoside_7-glucuronide.sdf,sdf,fuzzy_normalized_name,0.914,local_sdf_library
CMPD_3CB03452160B,kaempferol_3-rutinoside.sdf,/structures/kaempferol_3-rutinoside.sdf,sdf,exact_normalized_name,1.0,local_sdf_library
CMPD_1DFC64E70C2E,Kaempferol_4_-methyl_ether.sdf,/structures/Kaempferol_4_-methyl_ether.sdf,sdf,exact_normalized_name,1.0,local_sdf_library
CMPD_676D9C0FB989,kaempferol_glucoside.sdf,/structures/kaempferol_glucoside.sdf,sdf,fuzzy_normalized_name,0.95,local_sdf_library
CMPD_58D41691485A,kaempferol_rutinoside.sdf,/structures/kaempferol_rutinoside.sdf,sdf,exact_normalized_name,1.0,local_sdf_library
CMPD_E35A8A0E87AF,Kaerophyllin.sdf,/structures/Kaerophyllin.sdf,sdf,exact_normalized_name,1.0,local_sdf_library
CMPD_FCE31CA8A80E,kampferol.sdf,/structures/kampferol.sdf,sdf,exact_normalized_name,1.0,local_sdf_library
CMPD_FCE31CA8A80E,kampherol.sdf,/structures/kampherol.sdf,sdf,fuzzy_normalized_name,0.889,local_sdf_library
CMPD_866260E92F7B,Kaneroside.sdf,/structures/Kaneroside.sdf,sdf,exact_normalized_name,1.0,local_sdf_library
CMPD_CC8BD4962C41,kanzakiflavone-2.sdf,/structures/kanzakiflavone-2.sdf,sdf,exact_normalized_name,1.0,local_sdf_library
CMPD_F4640DBFB098,Keracyanin.sdf,/structures/Keracyanin.sdf,sdf,exact_normalized_name,1.0,local_sdf_library
CMPD_ABC5A07437A0,Kermesoside.sdf,/structures/Kermesoside.sdf,sdf,exact_normalized_name,1.0,local_sdf_library
CMPD_93AE405F6E9B,Kessane.sdf,/structures/Kessane.sdf,sdf,exact_normalized_name,1.0,local_sdf_library
CMPD_EE7218AAFF12,Khellin.sdf,/structures/Khellin.sdf,sdf,exact_normalized_name,1.0,local_sdf_library
CMPD_2DE24AA3D930,Kickxiasine.sdf,/structures/Kickxiasine.sdf,sdf,exact_normalized_name,1.0,local_sdf_library
CMPD_6585D6BDA00D,koaburaside.sdf,/structures/koaburaside.sdf,sdf,exact_normalized_name,1.0,local_sdf_library
CMPD_2A5CF3D66260,kumatakenin.sdf,/structures/kumatakenin.sdf,sdf,exact_normalized_name,1.0,local_sdf_library
CMPD_0FD52A0651AF,L-4-terpineol.sdf,/structures/L-4-terpineol.sdf,sdf,exact_normalized_name,1.0,local_sdf_library
CMPD_BFA2FB46EA14,L-alpha-terpineol.sdf,/structures/L-alpha-terpineol.sdf,sdf,exact_normalized_name,1.0,local_sdf_library
CMPD_9E779A92ED36,L-citrulline.sdf,/structures/L-citrulline.sdf,sdf,exact_normalized_name,1.0,local_sdf_library
CMPD_21C25F736C77,L-malic_acid.sdf,/structures/L-malic_acid.sdf,sdf,exact_normalized_name,1.0,local_sdf_library
CMPD_B91994CAFFFF,L-menthone.sdf,/structures/L-menthone.sdf,sdf,exact_normalized_name,1.0,local_sdf_library
CMPD_4A0DB0310143,L-phenylalanine.sdf,/structures/L-phenylalanine.sdf,sdf,exact_normalized_name,1.0,local_sdf_library
CMPD_9B1372FB232C,L-pinocarveol.sdf,/structures/L-pinocarveol.sdf,sdf,exact_normalized_name,1.0,local_sdf_library
CMPD_009814501ACC,L-rhamnose.sdf,/structures/L-rhamnose.sdf,sdf,fuzzy_normalized_name,0.941,local_sdf_library
CMPD_810C621988FF,L-threonine.sdf,/structures/L-threonine.sdf,sdf,fuzzy_normalized_name,0.947,local_sdf_library
CMPD_5FD0245D627B,L-tyrosine_7-amido-4-methylcoumarin.sdf,/structures/L-tyrosine_7-amido-4-methylcoumarin.sdf,sdf,exact_normalized_name,1.0,local_sdf_library
CMPD_51203C371F88,L-valine.sdf,/structures/L-valine.sdf,sdf,exact_normalized_name,1.0,local_sdf_library
CMPD_5484B1B514BB,Labdanoic_acid.sdf,/structures/Labdanoic_acid.sdf,sdf,exact_normalized_name,1.0,local_sdf_library
CMPD_7F631DC3E344,lacinilene_C.sdf,/structures/lacinilene_C.sdf,sdf,exact_normalized_name,1.0,local_sdf_library
CMPD_2E915252543E,lactarorufin_A.sdf,/structures/lactarorufin_A.sdf,sdf,exact_normalized_name,1.0,local_sdf_library
CMPD_04872934D466,lactic_acid.sdf,/structures/lactic_acid.sdf,sdf,exact_normalized_name,1.0,local_sdf_library
CMPD_DBA7A3AFFDF1,lactucin.sdf,/structures/lactucin.sdf,sdf,exact_normalized_name,1.0,local_sdf_library
CMPD_10D3BD942326,lactucopicrin.sdf,/structures/lactucopicrin.sdf,sdf,exact_normalized_name,1.0,local_sdf_library
CMPD_83695710E1EA,Lagotisoside_D.sdf,/structures/Lagotisoside_D.sdf,sdf,exact_normalized_name,1.0,local_sdf_library
CMPD_63F70A88B346,Lambertianin_C.sdf,/structures/Lambertianin_C.sdf,sdf,fuzzy_normalized_name,0.96,local_sdf_library
CMPD_599708BABA66,laminaran.sdf,/structures/laminaran.sdf,sdf,fuzzy_normalized_name,0.889,local_sdf_library
CMPD_599708BABA66,laminarin.sdf,/structures/laminarin.sdf,sdf,exact_normalized_name,1.0,local_sdf_library
CMPD_22DF784C9F4E,lanicepside_B.sdf,/structures/lanicepside_B.sdf,sdf,exact_normalized_name,1.0,local_sdf_library
CMPD_096D4A5069B9,lanosterol.sdf,/structures/lanosterol.sdf,sdf,exact_normalized_name,1.0,local_sdf_library
CMPD_3827FD7D60C2,lantadene_B.sdf,/structures/lantadene_B.sdf,sdf,exact_normalized_name,1.0,local_sdf_library
CMPD_54AD7449FD59,lantanilic_acid.sdf,/structures/lantanilic_acid.sdf,sdf,exact_normalized_name,1.0,local_sdf_library
CMPD_84C0168B3AA2,Lapidol.sdf,/structures/Lapidol.sdf,sdf,exact_normalized_name,1.0,local_sdf_library
CMPD_1A39028DF321,lapiferin.sdf,/structures/lapiferin.sdf,sdf,exact_normalized_name,1.0,local_sdf_library
CMPD_B82E94131B3F,Lasidiol_10-anisate.sdf,/structures/Lasidiol_10-anisate.sdf,sdf,exact_normalized_name,1.0,local_sdf_library
CMPD_240B487AD1CF,Laterioside.sdf,/structures/Laterioside.sdf,sdf,exact_normalized_name,1.0,local_sdf_library
CMPD_9F04EB951F49,lauric_acid.sdf,/structures/lauric_acid.sdf,sdf,exact_normalized_name,1.0,local_sdf_library
CMPD_F2C6EC59A192,Lauroxepine.sdf,/structures/Lauroxepine.sdf,sdf,exact_normalized_name,1.0,local_sdf_library
CMPD_615C703DB632,lauryl_acetate.sdf,/structures/lauryl_acetate.sdf,sdf,exact_normalized_name,1.0,local_sdf_library
CMPD_2A46D3A0740A,lavandulyl_acetate.sdf,/structures/lavandulyl_acetate.sdf,sdf,exact_normalized_name,1.0,local_sdf_library
CMPD_12E2615DFC33,lavandulyl_isobutyrate.sdf,/structures/lavandulyl_isobutyrate.sdf,sdf,exact_normalized_name,1.0,local_sdf_library
CMPD_07557FBC04A8,ledene.sdf,/structures/ledene.sdf,sdf,exact_normalized_name,1.0,local_sdf_library
CMPD_4E9E0F9E185C,ledol.sdf,/structures/ledol.sdf,sdf,exact_normalized_name,1.0,local_sdf_library
CMPD_445C23D98A1F,Leucosceptoside_B.sdf,/structures/Leucosceptoside_B.sdf,sdf,exact_normalized_name,1.0,local_sdf_library
CMPD_787A97678865,Levulinic_acid.sdf,/structures/Levulinic_acid.sdf,sdf,exact_normalized_name,1.0,local_sdf_library
CMPD_959F9B1D0208,licochalcone_A.sdf,/structures/licochalcone_A.sdf,sdf,exact_normalized_name,1.0,local_sdf_library
CMPD_545BA4D97695,licochalcone_B.sdf,/structures/licochalcone_B.sdf,sdf,exact_normalized_name,1.0,local_sdf_library
CMPD_00EF35B419A3,Ligstral.sdf,/structures/Ligstral.sdf,sdf,exact_normalized_name,1.0,local_sdf_library
CMPD_92ECB961DCE8,ligstroside.sdf,/structures/ligstroside.sdf,sdf,exact_normalized_name,1.0,local_sdf_library
CMPD_A43601C3D676,limonen-10-ol.sdf,/structures/limonen-10-ol.sdf,sdf,exact_normalized_name,1.0,local_sdf_library
CMPD_5199266BD7C4,Limonene.sdf,/structures/Limonene.sdf,sdf,exact_normalized_name,1.0,local_sdf_library
CMPD_6A5C1C0BE343,limonene_1_2-epoxide.sdf,/structures/limonene_1_2-epoxide.sdf,sdf,exact_normalized_name,1.0,local_sdf_library
CMPD_33F5C296BA0C,Limoniastramide.sdf,/structures/Limoniastramide.sdf,sdf,exact_normalized_name,1.0,local_sdf_library
CMPD_03704AE1800C,limonin.sdf,/structures/limonin.sdf,sdf,exact_normalized_name,1.0,local_sdf_library
CMPD_62A88460B952,linalol.sdf,/structures/linalol.sdf,sdf,exact_normalized_name,1.0,local_sdf_library
CMPD_F652B334FA5F,Linalool.sdf,/structures/Linalool.sdf,sdf,exact_normalized_name,1.0,local_sdf_library
CMPD_D0D49E65EBBB,linalool_oxide.sdf,/structures/linalool_oxide.sdf,sdf,exact_normalized_name,1.0,local_sdf_library
CMPD_470C95747999,Linalyl_acetate.sdf,/structures/Linalyl_acetate.sdf,sdf,exact_normalized_name,1.0,local_sdf_library
CMPD_4D582756BAA2,linalyl_isobutyrate.sdf,/structures/linalyl_isobutyrate.sdf,sdf,exact_normalized_name,1.0,local_sdf_library
CMPD_522632EB195D,linalyl_propionate.sdf,/structures/linalyl_propionate.sdf,sdf,exact_normalized_name,1.0,local_sdf_library
CMPD_30B5A9E3264E,linamarin.sdf,/structures/linamarin.sdf,sdf,exact_normalized_name,1.0,local_sdf_library
CMPD_9656990D2889,linariin.sdf,/structures/linariin.sdf,sdf,exact_normalized_name,1.0,local_sdf_library
CMPD_9656990D2889,Linarin.sdf,/structures/Linarin.sdf,sdf,fuzzy_normalized_name,0.933,local_sdf_library
CMPD_57D17C130452,Linarioside.sdf,/structures/Linarioside.sdf,sdf,exact_normalized_name,1.0,local_sdf_library
CMPD_0276D82D6D4F,Linoleic_acid.sdf,/structures/Linoleic_acid.sdf,sdf,exact_normalized_name,1.0,local_sdf_library
CMPD_10EE1A05C965,linoleic_acid_methyl_ester.sdf,/structures/linoleic_acid_methyl_ester.sdf,sdf,fuzzy_normalized_name,0.92,local_sdf_library
CMPD_10EE1A05C965,Linolelaidic_acid_methyl_ester.sdf,/structures/Linolelaidic_acid_methyl_ester.sdf,sdf,exact_normalized_name,1.0,local_sdf_library
CMPD_D9136E8C9097,linolenic_acid.sdf,/structures/linolenic_acid.sdf,sdf,exact_normalized_name,1.0,local_sdf_library
CMPD_6D23287915C2,Lippifoli-1-en-5-one.sdf,/structures/Lippifoli-1-en-5-one.sdf,sdf,exact_normalized_name,1.0,local_sdf_library
CMPD_1BE8E54D96BB,Liquiritigenin.sdf,/structures/Liquiritigenin.sdf,sdf,exact_normalized_name,1.0,local_sdf_library
CMPD_97A1C8060A48,loganic_acid_glucoside.sdf,/structures/loganic_acid_glucoside.sdf,sdf,exact_normalized_name,1.0,local_sdf_library
CMPD_1737C60A9B99,loganin.sdf,/structures/loganin.sdf,sdf,exact_normalized_name,1.0,local_sdf_library
CMPD_1A1D4C0DF101,Loliolide.sdf,/structures/Loliolide.sdf,sdf,exact_normalized_name,1.0,local_sdf_library
CMPD_BBDA05DF7200,Lolitrem_B.sdf,/structures/Lolitrem_B.sdf,sdf,exact_normalized_name,1.0,local_sdf_library
CMPD_F225C777CFE8,Lonchocarpol_A.sdf,/structures/Lonchocarpol_A.sdf,sdf,exact_normalized_name,1.0,local_sdf_library
CMPD_4A21138F176C,Longifolene.sdf,/structures/Longifolene.sdf,sdf,exact_normalized_name,1.0,local_sdf_library
CMPD_50DBB7530C42,longipinane.sdf,/structures/longipinane.sdf,sdf,exact_normalized_name,1.0,local_sdf_library
CMPD_FDD9A27950A4,lonicejaposide_I.sdf,/structures/lonicejaposide_I.sdf,sdf,exact_normalized_name,1.0,local_sdf_library
CMPD_17E1A6E7B4BB,lonicerin.sdf,/structures/lonicerin.sdf,sdf,exact_normalized_name,1.0,local_sdf_library
CMPD_0D3C0933D88D,Loranthol.sdf,/structures/Loranthol.sdf,sdf,exact_normalized_name,1.0,local_sdf_library
CMPD_B4926E540186,lotaustralin.sdf,/structures/lotaustralin.sdf,sdf,exact_normalized_name,1.0,local_sdf_library
CMPD_05FD782079B6,lucenin-1.sdf,/structures/lucenin-1.sdf,sdf,exact_normalized_name,1.0,local_sdf_library
CMPD_17EB919491DD,lunatin.sdf,/structures/lunatin.sdf,sdf,exact_normalized_name,1.0,local_sdf_library
CMPD_3ED02D7CD58B,lunularic_acid.sdf,/structures/lunularic_acid.sdf,sdf,exact_normalized_name,1.0,local_sdf_library
CMPD_4DA3A3D7A5F3,lunularin.sdf,/structures/lunularin.sdf,sdf,exact_normalized_name,1.0,local_sdf_library
CMPD_3AD3B53E6E17,lupanine.sdf,/structures/lupanine.sdf,sdf,exact_normalized_name,1.0,local_sdf_library
CMPD_70633890D270,Lupenone.sdf,/structures/Lupenone.sdf,sdf,fuzzy_normalized_name,0.933,local_sdf_library
CMPD_108DD4C5B144,lupenyl_acetate.sdf,/structures/lupenyl_acetate.sdf,sdf,exact_normalized_name,1.0,local_sdf_library
CMPD_2FBA7A4A8C9D,Lupeol.sdf,/structures/Lupeol.sdf,sdf,exact_normalized_name,1.0,local_sdf_library
CMPD_108DD4C5B144,lupeol_acetate.sdf,/structures/lupeol_acetate.sdf,sdf,fuzzy_normalized_name,0.889,local_sdf_library
CMPD_70633890D270,lupeone.sdf,/structures/lupeone.sdf,sdf,exact_normalized_name,1.0,local_sdf_library
CMPD_57994EA23D8B,lupinine.sdf,/structures/lupinine.sdf,sdf,exact_normalized_name,1.0,local_sdf_library
CMPD_3CC079AA4F1D,Lusianthridin.sdf,/structures/Lusianthridin.sdf,sdf,exact_normalized_name,1.0,local_sdf_library
CMPD_39DCA58A5183,Lutein.sdf,/structures/Lutein.sdf,sdf,exact_normalized_name,1.0,local_sdf_library
CMPD_F5787FD2637A,luteolin-3-O-glucuronide.sdf,/structures/luteolin-3-O-glucuronide.sdf,sdf,exact_normalized_name,1.0,local_sdf_library
CMPD_7AAD48596B93,luteolin-4-O-glucoside.sdf,/structures/luteolin-4-O-glucoside.sdf,sdf,exact_normalized_name,1.0,local_sdf_library
CMPD_7AAD48596B93,Luteolin-4_-glucoside.sdf,/structures/Luteolin-4_-glucoside.sdf,sdf,fuzzy_normalized_name,0.973,local_sdf_library
CMPD_F2FE2B5C7F54,luteolin-4_-O-β-D-glucoside.sdf,/structures/luteolin-4_-O-β-D-glucoside.sdf,sdf,exact_normalized_name,1.0,local_sdf_library
CMPD_80E81995ACB1,Luteolin-6-C-glucoside.sdf,/structures/Luteolin-6-C-glucoside.sdf,sdf,exact_normalized_name,1.0,local_sdf_library
CMPD_F6A1C539E1A0,luteolin-7-diglucuronide.sdf,/structures/luteolin-7-diglucuronide.sdf,sdf,exact_normalized_name,1.0,local_sdf_library
CMPD_02528CD95E04,luteolin-7-glucoside.sdf,/structures/luteolin-7-glucoside.sdf,sdf,exact_normalized_name,1.0,local_sdf_library
CMPD_3E956E47468D,Luteolin-7-O-beta-D-glucopyranoside.sdf,/structures/Luteolin-7-O-beta-D-glucopyranoside.sdf,sdf,exact_normalized_name,1.0,local_sdf_library
CMPD_82595A453F6C,Luteolin-7-O-D-glucoside.sdf,/structures/Luteolin-7-O-D-glucoside.sdf,sdf,exact_normalized_name,1.0,local_sdf_library
CMPD_ACAB213961A6,luteolin-7-O-glucose.sdf,/structures/luteolin-7-O-glucose.sdf,sdf,fuzzy_normalized_name,0.944,local_sdf_library
CMPD_ACAB213961A6,luteolin-7-O-glucoside.sdf,/structures/luteolin-7-O-glucoside.sdf,sdf,exact_normalized_name,1.0,local_sdf_library
CMPD_C02822AF2C5D,Luteolin-7-O-rutinoside.sdf,/structures/Luteolin-7-O-rutinoside.sdf,sdf,exact_normalized_name,1.0,local_sdf_library
CMPD_3E956E47468D,Luteolin-7-O-β-D-glucopyranoside.sdf,/structures/Luteolin-7-O-β-D-glucopyranoside.sdf,sdf,exact_normalized_name,1.0,local_sdf_library
CMPD_2B73E6815120,luteolin-8-C-glucoside.sdf,/structures/luteolin-8-C-glucoside.sdf,sdf,fuzzy_normalized_name,0.947,local_sdf_library
CMPD_2B73E6815120,luteolin-C-6-glucoside.sdf,/structures/luteolin-C-6-glucoside.sdf,sdf,exact_normalized_name,1.0,local_sdf_library
CMPD_5E9677F796E6,luteolin-galactoside.sdf,/structures/luteolin-galactoside.sdf,sdf,fuzzy_normalized_name,0.889,local_sdf_library
CMPD_5E9677F796E6,luteolin-glucoside.sdf,/structures/luteolin-glucoside.sdf,sdf,exact_normalized_name,1.0,local_sdf_library
CMPD_43589B52EBD4,luteolin-rhamnoside.sdf,/structures/luteolin-rhamnoside.sdf,sdf,fuzzy_normalized_name,0.973,local_sdf_library
CMPD_5CD1AD44EE7D,luteolin.sdf,/structures/luteolin.sdf,sdf,exact_normalized_name,1.0,local_sdf_library
CMPD_B0585D45AE1E,luteolin_3_-glucoside.sdf,/structures/luteolin_3_-glucoside.sdf,sdf,exact_normalized_name,1.0,local_sdf_library
CMPD_7AAD48596B93,Luteolin_4-O-glucoside.sdf,/structures/Luteolin_4-O-glucoside.sdf,sdf,exact_normalized_name,1.0,local_sdf_library
CMPD_628507928890,Luteolin_4_-O-beta-D-xyloside.sdf,/structures/Luteolin_4_-O-beta-D-xyloside.sdf,sdf,exact_normalized_name,1.0,local_sdf_library
CMPD_597A755EF7C9,Luteolin_6-C-beta-glucopyranoside.sdf,/structures/Luteolin_6-C-beta-glucopyranoside.sdf,sdf,exact_normalized_name,1.0,local_sdf_library
CMPD_1DBD273FDC54,luteolin_6_8-di-C-glucoside.sdf,/structures/luteolin_6_8-di-C-glucoside.sdf,sdf,exact_normalized_name,1.0,local_sdf_library
CMPD_313CD8DA636D,Luteolin_6_8-di-C-rhamnoside.sdf,/structures/Luteolin_6_8-di-C-rhamnoside.sdf,sdf,exact_normalized_name,1.0,local_sdf_library
CMPD_02528CD95E04,luteolin_7-glucoside.sdf,/structures/luteolin_7-glucoside.sdf,sdf,exact_normalized_name,1.0,local_sdf_library
CMPD_3E956E47468D,luteolin_7-O-beta-D-glucopyranoside.sdf,/structures/luteolin_7-O-beta-D-glucopyranoside.sdf,sdf,exact_normalized_name,1.0,local_sdf_library
CMPD_2B0176003AD5,Luteolin_7-O-beta-D-glucoside.sdf,/structures/Luteolin_7-O-beta-D-glucoside.sdf,sdf,exact_normalized_name,1.0,local_sdf_library
CMPD_3197FF9A4809,Luteolin_7-O-gentiobioside.sdf,/structures/Luteolin_7-O-gentiobioside.sdf,sdf,exact_normalized_name,1.0,local_sdf_library
CMPD_ACAB213961A6,luteolin_7-O-glucoside.sdf,/structures/luteolin_7-O-glucoside.sdf,sdf,exact_normalized_name,1.0,local_sdf_library
CMPD_1844AA8926ED,Luteolin_7-O-glucuronide.sdf,/structures/Luteolin_7-O-glucuronide.sdf,sdf,fuzzy_normalized_name,0.976,local_sdf_library
CMPD_7BC584AEC00F,Luteolin_7-O-glycoside.sdf,/structures/Luteolin_7-O-glycoside.sdf,sdf,exact_normalized_name,1.0,local_sdf_library
CMPD_C02822AF2C5D,luteolin_7-O-rutinoside.sdf,/structures/luteolin_7-O-rutinoside.sdf,sdf,exact_normalized_name,1.0,local_sdf_library
CMPD_3E956E47468D,luteolin_7-O-β-D-glucopyranoside.sdf,/structures/luteolin_7-O-β-D-glucopyranoside.sdf,sdf,exact_normalized_name,1.0,local_sdf_library
CMPD_02528CD95E04,luteolin_7_glucoside.sdf,/structures/luteolin_7_glucoside.sdf,sdf,exact_normalized_name,1.0,local_sdf_library
CMPD_5E9677F796E6,Luteolin_glucoside.sdf,/structures/Luteolin_glucoside.sdf,sdf,exact_normalized_name,1.0,local_sdf_library
CMPD_5CD1AD44EE7D,Luteoline.sdf,/structures/Luteoline.sdf,sdf,fuzzy_normalized_name,0.941,local_sdf_library
CMPD_11D5A2B096ED,lycoctonine.sdf,/structures/lycoctonine.sdf,sdf,exact_normalized_name,1.0,local_sdf_library
CMPD_7EEF0B7B1669,Lycopsamine.sdf,/structures/Lycopsamine.sdf,sdf,exact_normalized_name,1.0,local_sdf_library
CMPD_1AA26B0C0853,Lycorine.sdf,/structures/Lycorine.sdf,sdf,exact_normalized_name,1.0,local_sdf_library
CMPD_45159847FD2C,lyoniresinol.sdf,/structures/lyoniresinol.sdf,sdf,exact_normalized_name,1.0,local_sdf_library
CMPD_D72BF726BB62,lyratyl_acetate.sdf,/structures/lyratyl_acetate.sdf,sdf,exact_normalized_name,1.0,local_sdf_library
CMPD_1A42A7F38B3D,Lysikokianoside_1.sdf,/structures/Lysikokianoside_1.sdf,sdf,fuzzy_normalized_name,0.968,local_sdf_library
CMPD_0903A8751DE5,m-coumaric_acid.sdf,/structures/m-coumaric_acid.sdf,sdf,exact_normalized_name,1.0,local_sdf_library
CMPD_F089BC59E4D4,m-cymene.sdf,/structures/m-cymene.sdf,sdf,exact_normalized_name,1.0,local_sdf_library
CMPD_51E666F61F38,m-methoxy-p-hydroxy-benzoic_acid.sdf,/structures/m-methoxy-p-hydroxy-benzoic_acid.sdf,sdf,exact_normalized_name,1.0,local_sdf_library
CMPD_6372E72E5F6F,M-Xylene.sdf,/structures/M-Xylene.sdf,sdf,exact_normalized_name,1.0,local_sdf_library
CMPD_E673DF07F767,maackiain.sdf,/structures/maackiain.sdf,sdf,exact_normalized_name,1.0,local_sdf_library
CMPD_794933F1EC7F,macranthoin_G.sdf,/structures/macranthoin_G.sdf,sdf,exact_normalized_name,1.0,local_sdf_library
CMPD_A19B56D07070,madreselvin_A.sdf,/structures/madreselvin_A.sdf,sdf,exact_normalized_name,1.0,local_sdf_library
CMPD_D471FE74A4C7,maesanin.sdf,/structures/maesanin.sdf,sdf,exact_normalized_name,1.0,local_sdf_library
CMPD_5192F87C1232,Maesasaponin_IV.sdf,/structures/Maesasaponin_IV.sdf,sdf,exact_normalized_name,1.0,local_sdf_library
CMPD_42A7F050A130,Maesasaponin_V.sdf,/structures/Maesasaponin_V.sdf,sdf,exact_normalized_name,1.0,local_sdf_library
CMPD_88D9320BA304,Maesasaponin_VI.sdf,/structures/Maesasaponin_VI.sdf,sdf,exact_normalized_name,1.0,local_sdf_library
CMPD_5F578F31FBBB,magnoflorine.sdf,/structures/magnoflorine.sdf,sdf,exact_normalized_name,1.0,local_sdf_library
CMPD_7B27603E1528,Magnolialide.sdf,/structures/Magnolialide.sdf,sdf,exact_normalized_name,1.0,local_sdf_library
CMPD_E44BAF5BEDD1,maleic_acid.sdf,/structures/maleic_acid.sdf,sdf,exact_normalized_name,1.0,local_sdf_library
CMPD_245748B8F3A7,Malic_acid.sdf,/structures/Malic_acid.sdf,sdf,exact_normalized_name,1.0,local_sdf_library
CMPD_1B75F1A8FF3B,Malonic_acid.sdf,/structures/Malonic_acid.sdf,sdf,exact_normalized_name,1.0,local_sdf_library
CMPD_3A001237E8A8,Maltol.sdf,/structures/Maltol.sdf,sdf,exact_normalized_name,1.0,local_sdf_library
CMPD_3A001237E8A8,maltol_glycoside.sdf,/structures/maltol_glycoside.sdf,sdf,exact_normalized_name,1.0,local_sdf_library
CMPD_50F2682FEAF2,malvidin-3-O-glucoside.sdf,/structures/malvidin-3-O-glucoside.sdf,sdf,exact_normalized_name,1.0,local_sdf_library
CMPD_7F3AD6ABFF0A,Malvidin.sdf,/structures/Malvidin.sdf,sdf,exact_normalized_name,1.0,local_sdf_library
CMPD_FE8070A5E172,Malvidin_3-_6__-acetylglucoside_.sdf,/structures/Malvidin_3-_6__-acetylglucoside_.sdf,sdf,exact_normalized_name,1.0,local_sdf_library
CMPD_D85F53AAFBD3,malvidin_3-O-β-galactoside.sdf,/structures/malvidin_3-O-β-galactoside.sdf,sdf,fuzzy_normalized_name,0.913,local_sdf_library
CMPD_D6367794983C,malvidin_3-rhamnoside.sdf,/structures/malvidin_3-rhamnoside.sdf,sdf,exact_normalized_name,1.0,local_sdf_library
CMPD_7637DE316D44,Malvone_A.sdf,/structures/Malvone_A.sdf,sdf,exact_normalized_name,1.0,local_sdf_library
CMPD_8DAD097D5F7A,Mandelic_acid.sdf,/structures/Mandelic_acid.sdf,sdf,exact_normalized_name,1.0,local_sdf_library
CMPD_D2A9F89EE89F,Mangiferin.sdf,/structures/Mangiferin.sdf,sdf,exact_normalized_name,1.0,local_sdf_library
CMPD_5EEDE5225AD1,Maniladiol.sdf,/structures/Maniladiol.sdf,sdf,exact_normalized_name,1.0,local_sdf_library
CMPD_54E05909DE72,mannitol.sdf,/structures/mannitol.sdf,sdf,exact_normalized_name,1.0,local_sdf_library
CMPD_DAD24134AA7C,manool.sdf,/structures/manool.sdf,sdf,exact_normalized_name,1.0,local_sdf_library
CMPD_A34CAD1EA8D5,manoyl_oxide.sdf,/structures/manoyl_oxide.sdf,sdf,fuzzy_normalized_name,0.957,local_sdf_library
CMPD_5A1FCF6BEDC6,mansumbinone.sdf,/structures/mansumbinone.sdf,sdf,exact_normalized_name,1.0,local_sdf_library
CMPD_2C41CAB53240,margaric_acid.sdf,/structures/margaric_acid.sdf,sdf,exact_normalized_name,1.0,local_sdf_library
CMPD_88E8E6799695,Maritimein.sdf,/structures/Maritimein.sdf,sdf,exact_normalized_name,1.0,local_sdf_library
CMPD_41C54E4C9459,marmesin.sdf,/structures/marmesin.sdf,sdf,exact_normalized_name,1.0,local_sdf_library
CMPD_45265894127E,Marmin.sdf,/structures/Marmin.sdf,sdf,exact_normalized_name,1.0,local_sdf_library
CMPD_F13B769DC867,marrubiin.sdf,/structures/marrubiin.sdf,sdf,exact_normalized_name,1.0,local_sdf_library
CMPD_9E50F4130C7D,marrulactone.sdf,/structures/marrulactone.sdf,sdf,exact_normalized_name,1.0,local_sdf_library
CMPD_783A2DC28D5F,marrulibacetal.sdf,/structures/marrulibacetal.sdf,sdf,fuzzy_normalized_name,0.966,local_sdf_library
CMPD_783A2DC28D5F,Marrulibacetal_A.sdf,/structures/Marrulibacetal_A.sdf,sdf,exact_normalized_name,1.0,local_sdf_library
CMPD_660654A1E840,martynoside.sdf,/structures/martynoside.sdf,sdf,exact_normalized_name,1.0,local_sdf_library
CMPD_2A46EF078E8C,maslinic_acid.sdf,/structures/maslinic_acid.sdf,sdf,exact_normalized_name,1.0,local_sdf_library
CMPD_39AC849F193F,Massarilactone_D.sdf,/structures/Massarilactone_D.sdf,sdf,exact_normalized_name,1.0,local_sdf_library
CMPD_AAE479D63982,Massarilactone_H.sdf,/structures/Massarilactone_H.sdf,sdf,exact_normalized_name,1.0,local_sdf_library
CMPD_004AC0A6CBCF,matairesinol.sdf,/structures/matairesinol.sdf,sdf,exact_normalized_name,1.0,local_sdf_library
CMPD_D34033680B2D,matricarin.sdf,/structures/matricarin.sdf,sdf,exact_normalized_name,1.0,local_sdf_library
CMPD_6949FD0884FA,matricin.sdf,/structures/matricin.sdf,sdf,exact_normalized_name,1.0,local_sdf_library
CMPD_466E3AD0EA39,maytenonic_acid.sdf,/structures/maytenonic_acid.sdf,sdf,exact_normalized_name,1.0,local_sdf_library
CMPD_16E16F7B3CFD,mecambrine.sdf,/structures/mecambrine.sdf,sdf,exact_normalized_name,1.0,local_sdf_library
CMPD_6DC3F827EDDB,medicagenic_acid.sdf,/structures/medicagenic_acid.sdf,sdf,exact_normalized_name,1.0,local_sdf_library
CMPD_8537F10C561F,Medioresinol.sdf,/structures/Medioresinol.sdf,sdf,exact_normalized_name,1.0,local_sdf_library
CMPD_6ED4AE859A45,Megastigma-4-6-E-8-2-triene.sdf,/structures/Megastigma-4-6-E-8-2-triene.sdf,sdf,exact_normalized_name,1.0,local_sdf_library
CMPD_A9D2EC457F9F,Megastigma-4_6_8-triene.sdf,/structures/Megastigma-4_6_8-triene.sdf,sdf,exact_normalized_name,1.0,local_sdf_library
CMPD_10AAE8547EE2,Meglutol.sdf,/structures/Meglutol.sdf,sdf,exact_normalized_name,1.0,local_sdf_library
CMPD_8FC614B45240,Melampyroside.sdf,/structures/Melampyroside.sdf,sdf,exact_normalized_name,1.0,local_sdf_library
CMPD_F520555B14BE,melilotic_acid.sdf,/structures/melilotic_acid.sdf,sdf,exact_normalized_name,1.0,local_sdf_library
CMPD_F0FEE50AC1D9,melilotoside.sdf,/structures/melilotoside.sdf,sdf,exact_normalized_name,1.0,local_sdf_library
CMPD_A7AD81BB6762,melitensin.sdf,/structures/melitensin.sdf,sdf,exact_normalized_name,1.0,local_sdf_library
CMPD_C976F0E1F2A9,menthene.sdf,/structures/menthene.sdf,sdf,exact_normalized_name,1.0,local_sdf_library
CMPD_B91994CAFFFF,menthone.sdf,/structures/menthone.sdf,sdf,fuzzy_normalized_name,0.941,local_sdf_library
CMPD_7EAF06E9C6A1,mequinol.sdf,/structures/mequinol.sdf,sdf,exact_normalized_name,1.0,local_sdf_library
CMPD_008CB9E826B0,Mesembrenol.sdf,/structures/Mesembrenol.sdf,sdf,exact_normalized_name,1.0,local_sdf_library
CMPD_6838B5E8D807,Mesembrenone.sdf,/structures/Mesembrenone.sdf,sdf,exact_normalized_name,1.0,local_sdf_library
CMPD_F41073C214AE,Mesembryanthemoidigenic_acid.sdf,/structures/Mesembryanthemoidigenic_acid.sdf,sdf,exact_normalized_name,1.0,local_sdf_library
CMPD_9529AE880D8E,Methionine.sdf,/structures/Methionine.sdf,sdf,exact_normalized_name,1.0,local_sdf_library
CMPD_77A39F45804D,methoxycinnamic_acid.sdf,/structures/methoxycinnamic_acid.sdf,sdf,exact_normalized_name,1.0,local_sdf_library
CMPD_37198B5B987A,Methyl-1-thio-beta-D-glucopyranosyl_disulfide.sdf,/structures/Methyl-1-thio-beta-D-glucopyranosyl_disulfide.sdf,sdf,fuzzy_normalized_name,0.946,local_sdf_library
CMPD_CA827B0CA4A6,methyl-2_4-dimethylbenzoate.sdf,/structures/methyl-2_4-dimethylbenzoate.sdf,sdf,exact_normalized_name,1.0,local_sdf_library
CMPD_6EE606E43495,methyl-4-hydroxybenzoate.sdf,/structures/methyl-4-hydroxybenzoate.sdf,sdf,exact_normalized_name,1.0,local_sdf_library
CMPD_2B309D78C9F2,methyl-9-12-15-octadecatrienoate.sdf,/structures/methyl-9-12-15-octadecatrienoate.sdf,sdf,exact_normalized_name,1.0,local_sdf_library
CMPD_2B309D78C9F2,Methyl-9_12_15-octadecatrienoate.sdf,/structures/Methyl-9_12_15-octadecatrienoate.sdf,sdf,exact_normalized_name,1.0,local_sdf_library
CMPD_861649A62A0B,methyl_14-methylpentadecanoate.sdf,/structures/methyl_14-methylpentadecanoate.sdf,sdf,exact_normalized_name,1.0,local_sdf_library
CMPD_D6F282A25CBE,methyl_14_acetylhydroxypalmitate.sdf,/structures/methyl_14_acetylhydroxypalmitate.sdf,sdf,exact_normalized_name,1.0,local_sdf_library
CMPD_CF961A955D09,Methyl_2-amino-3-methoxybenzoate.sdf,/structures/Methyl_2-amino-3-methoxybenzoate.sdf,sdf,exact_normalized_name,1.0,local_sdf_library
CMPD_5F5FD30B774B,methyl_2_3_5_6-tetrahydroxybenzoate.sdf,/structures/methyl_2_3_5_6-tetrahydroxybenzoate.sdf,sdf,exact_normalized_name,1.0,local_sdf_library
CMPD_93478EB03911,methyl_3_4-di-O-caffeoyl_quinate.sdf,/structures/methyl_3_4-di-O-caffeoyl_quinate.sdf,sdf,exact_normalized_name,1.0,local_sdf_library
CMPD_72B895E21715,methyl_3_5-di-O-caffeoyl_quinate.sdf,/structures/methyl_3_5-di-O-caffeoyl_quinate.sdf,sdf,exact_normalized_name,1.0,local_sdf_library
CMPD_72B895E21715,methyl_3_5-O-dicaffeoylquinate.sdf,/structures/methyl_3_5-O-dicaffeoylquinate.sdf,sdf,fuzzy_normalized_name,0.962,local_sdf_library
CMPD_5ABC9C6413CC,Methyl_4-isothiocyanatobutyrate.sdf,/structures/Methyl_4-isothiocyanatobutyrate.sdf,sdf,exact_normalized_name,1.0,local_sdf_library
CMPD_AF89973AB90A,Methyl__E_-ferulate.sdf,/structures/Methyl__E_-ferulate.sdf,sdf,exact_normalized_name,1.0,local_sdf_library
CMPD_B2B9FBE90EF2,methyl_acetate.sdf,/structures/methyl_acetate.sdf,sdf,exact_normalized_name,1.0,local_sdf_library
CMPD_5E8015ACFF07,methyl_alcohol.sdf,/structures/methyl_alcohol.sdf,sdf,exact_normalized_name,1.0,local_sdf_library
CMPD_C6F179B03C09,methyl_brevifolincarboxylate.sdf,/structures/methyl_brevifolincarboxylate.sdf,sdf,exact_normalized_name,1.0,local_sdf_library
CMPD_0E218DAF2C15,methyl_caffeate.sdf,/structures/methyl_caffeate.sdf,sdf,fuzzy_normalized_name,0.963,local_sdf_library
CMPD_297A3AFB4340,methyl_carnosate.sdf,/structures/methyl_carnosate.sdf,sdf,exact_normalized_name,1.0,local_sdf_library
CMPD_2E77224CC1DC,methyl_chlorogenate.sdf,/structures/methyl_chlorogenate.sdf,sdf,exact_normalized_name,1.0,local_sdf_library
CMPD_A5440BA78166,Methyl_citrate.sdf,/structures/Methyl_citrate.sdf,sdf,exact_normalized_name,1.0,local_sdf_library
CMPD_0AFAD346A17D,Methyl_coumarate.sdf,/structures/Methyl_coumarate.sdf,sdf,exact_normalized_name,1.0,local_sdf_library
CMPD_F67C6157C8B5,Methyl_dimethylaminoacetate.sdf,/structures/Methyl_dimethylaminoacetate.sdf,sdf,fuzzy_normalized_name,0.981,local_sdf_library
CMPD_47D8949C5360,methyl_eugenol.sdf,/structures/methyl_eugenol.sdf,sdf,exact_normalized_name,1.0,local_sdf_library
CMPD_AF89973AB90A,methyl_ferulate.sdf,/structures/methyl_ferulate.sdf,sdf,fuzzy_normalized_name,0.966,local_sdf_library
CMPD_466455BD8BCA,Methyl_gallate.sdf,/structures/Methyl_gallate.sdf,sdf,exact_normalized_name,1.0,local_sdf_library
CMPD_93001BAAD4FF,Methyl_gallate_3-O-glucoside.sdf,/structures/Methyl_gallate_3-O-glucoside.sdf,sdf,fuzzy_normalized_name,0.98,local_sdf_library
CMPD_E069DFC08587,Methyl_jasmonate.sdf,/structures/Methyl_jasmonate.sdf,sdf,exact_normalized_name,1.0,local_sdf_library
CMPD_0BDF5657D24E,Methyl_linoleate.sdf,/structures/Methyl_linoleate.sdf,sdf,exact_normalized_name,1.0,local_sdf_library
CMPD_0BDF5657D24E,Methyl_linolenate.sdf,/structures/Methyl_linolenate.sdf,sdf,fuzzy_normalized_name,0.968,local_sdf_library
CMPD_859B4955F57B,methyl_maslinate.sdf,/structures/methyl_maslinate.sdf,sdf,exact_normalized_name,1.0,local_sdf_library
CMPD_45F565AA6A51,methyl_myristate.sdf,/structures/methyl_myristate.sdf,sdf,exact_normalized_name,1.0,local_sdf_library
CMPD_8593F410EFE4,Methyl_myristoleate.sdf,/structures/Methyl_myristoleate.sdf,sdf,exact_normalized_name,1.0,local_sdf_library
CMPD_35045DD75BBA,methyl_nicotinate.sdf,/structures/methyl_nicotinate.sdf,sdf,exact_normalized_name,1.0,local_sdf_library
CMPD_A30C93F75F45,methyl_oleanate.sdf,/structures/methyl_oleanate.sdf,sdf,exact_normalized_name,1.0,local_sdf_library
CMPD_5CD9A94F3AE8,methyl_p-hydroxybenzoate.sdf,/structures/methyl_p-hydroxybenzoate.sdf,sdf,exact_normalized_name,1.0,local_sdf_library
CMPD_1B4392CFD95E,methyl_palmitate.sdf,/structures/methyl_palmitate.sdf,sdf,exact_normalized_name,1.0,local_sdf_library
CMPD_8AEF0810E45E,Methyl_pyroglutamate.sdf,/structures/Methyl_pyroglutamate.sdf,sdf,exact_normalized_name,1.0,local_sdf_library
CMPD_85221AF19B12,Methyl_salicylate.sdf,/structures/Methyl_salicylate.sdf,sdf,exact_normalized_name,1.0,local_sdf_library
CMPD_68BD864DFC54,Methyl_thymol_ether.sdf,/structures/Methyl_thymol_ether.sdf,sdf,exact_normalized_name,1.0,local_sdf_library
CMPD_89529C623E75,methyl_ursolate.sdf,/structures/methyl_ursolate.sdf,sdf,exact_normalized_name,1.0,local_sdf_library
CMPD_071E6675D63C,methyladenosine.sdf,/structures/methyladenosine.sdf,sdf,exact_normalized_name,1.0,local_sdf_library
CMPD_9441CF4D0F81,Methylanisole.sdf,/structures/Methylanisole.sdf,sdf,exact_normalized_name,1.0,local_sdf_library
CMPD_0DA7D72C1827,methylchavicol.sdf,/structures/methylchavicol.sdf,sdf,exact_normalized_name,1.0,local_sdf_library
CMPD_2A3B922E7E65,methylcyclopropane.sdf,/structures/methylcyclopropane.sdf,sdf,exact_normalized_name,1.0,local_sdf_library
CMPD_2B37EF924825,methylephedrine.sdf,/structures/methylephedrine.sdf,sdf,exact_normalized_name,1.0,local_sdf_library
CMPD_47D8949C5360,methyleugenol.sdf,/structures/methyleugenol.sdf,sdf,exact_normalized_name,1.0,local_sdf_library
CMPD_E4CC57139818,methyllaurate.sdf,/structures/methyllaurate.sdf,sdf,exact_normalized_name,1.0,local_sdf_library
CMPD_0BDF5657D24E,methyllinoleate.sdf,/structures/methyllinoleate.sdf,sdf,exact_normalized_name,1.0,local_sdf_library
CMPD_1B4392CFD95E,methylpalmitate.sdf,/structures/methylpalmitate.sdf,sdf,exact_normalized_name,1.0,local_sdf_library
CMPD_FF422A367B49,methylpseudoephedrine.sdf,/structures/methylpseudoephedrine.sdf,sdf,exact_normalized_name,1.0,local_sdf_library
CMPD_1FFD6B1E6D55,Metronidazole.sdf,/structures/Metronidazole.sdf,sdf,exact_normalized_name,1.0,local_sdf_library
CMPD_E2401C3F3F22,Micromeric_acid.sdf,/structures/Micromeric_acid.sdf,sdf,exact_normalized_name,1.0,local_sdf_library
CMPD_95B640D83FAA,Microstegiol.sdf,/structures/Microstegiol.sdf,sdf,exact_normalized_name,1.0,local_sdf_library
CMPD_E89F82248331,Millettiaspecoside_D.sdf,/structures/Millettiaspecoside_D.sdf,sdf,exact_normalized_name,1.0,local_sdf_library
CMPD_09C3B85D9EFF,Miquelianin.sdf,/structures/Miquelianin.sdf,sdf,exact_normalized_name,1.0,local_sdf_library
CMPD_AE853629E8E4,Modephene.sdf,/structures/Modephene.sdf,sdf,exact_normalized_name,1.0,local_sdf_library
CMPD_15DA8FEC51F7,mono2-ethylhexyl_phthalate.sdf,/structures/mono2-ethylhexyl_phthalate.sdf,sdf,exact_normalized_name,1.0,local_sdf_library
CMPD_BE2DE24A7E34,Monocrotaline.sdf,/structures/Monocrotaline.sdf,sdf,exact_normalized_name,1.0,local_sdf_library
CMPD_2015B6020F93,monoethylhexyl_phthalate.sdf,/structures/monoethylhexyl_phthalate.sdf,sdf,exact_normalized_name,1.0,local_sdf_library
CMPD_2BED2E339283,Monspelioside.sdf,/structures/Monspelioside.sdf,sdf,exact_normalized_name,1.0,local_sdf_library
CMPD_31817A383F83,montanone.sdf,/structures/montanone.sdf,sdf,exact_normalized_name,1.0,local_sdf_library
CMPD_3924F00A1C11,Morolic_acid.sdf,/structures/Morolic_acid.sdf,sdf,exact_normalized_name,1.0,local_sdf_library
CMPD_3FDCE1375966,Morphinan-6-One.sdf,/structures/Morphinan-6-One.sdf,sdf,exact_normalized_name,1.0,local_sdf_library
CMPD_453A908888B9,multifidanol.sdf,/structures/multifidanol.sdf,sdf,fuzzy_normalized_name,0.917,local_sdf_library
CMPD_453A908888B9,multifidenol.sdf,/structures/multifidenol.sdf,sdf,exact_normalized_name,1.0,local_sdf_library
CMPD_453A908888B9,Multifidinol.sdf,/structures/Multifidinol.sdf,sdf,fuzzy_normalized_name,0.917,local_sdf_library
CMPD_3D47E5E35E54,multifidone.sdf,/structures/multifidone.sdf,sdf,exact_normalized_name,1.0,local_sdf_library
CMPD_2BFEABC2FE8E,multiflorenyl_acetate.sdf,/structures/multiflorenyl_acetate.sdf,sdf,exact_normalized_name,1.0,local_sdf_library
CMPD_E6203C09316F,Multiflorenyl_palmitate.sdf,/structures/Multiflorenyl_palmitate.sdf,sdf,exact_normalized_name,1.0,local_sdf_library
CMPD_A9E663095326,multiflorine.sdf,/structures/multiflorine.sdf,sdf,exact_normalized_name,1.0,local_sdf_library
CMPD_F4F2C3F8BDF6,Multifolone.sdf,/structures/Multifolone.sdf,sdf,exact_normalized_name,1.0,local_sdf_library
CMPD_D3D3046C3F10,munduserone.sdf,/structures/munduserone.sdf,sdf,exact_normalized_name,1.0,local_sdf_library
CMPD_1E6577AE6085,murrayamine-A.sdf,/structures/murrayamine-A.sdf,sdf,exact_normalized_name,1.0,local_sdf_library
CMPD_83E2FB43381A,Mussaenoside.sdf,/structures/Mussaenoside.sdf,sdf,exact_normalized_name,1.0,local_sdf_library
CMPD_768A9C8EF286,Mussaenosidic_acid.sdf,/structures/Mussaenosidic_acid.sdf,sdf,exact_normalized_name,1.0,local_sdf_library
CMPD_07BD0F8139FE,Muticin.sdf,/structures/Muticin.sdf,sdf,exact_normalized_name,1.0,local_sdf_library
CMPD_CBED9AE9E962,Muurola-4_10_14_-dien-1-beta-ol.sdf,/structures/Muurola-4_10_14_-dien-1-beta-ol.sdf,sdf,exact_normalized_name,1.0,local_sdf_library
CMPD_453248558CB4,muurolene.sdf,/structures/muurolene.sdf,sdf,exact_normalized_name,1.0,local_sdf_library
CMPD_1974D1773E58,Myrcene.sdf,/structures/Myrcene.sdf,sdf,exact_normalized_name,1.0,local_sdf_library
CMPD_0AF376F22D32,myrcenol.sdf,/structures/myrcenol.sdf,sdf,exact_normalized_name,1.0,local_sdf_library
CMPD_4D13E59B4BAA,myrcenone.sdf,/structures/myrcenone.sdf,sdf,exact_normalized_name,1.0,local_sdf_library
CMPD_FC9C2E5C8A50,myrcetin.sdf,/structures/myrcetin.sdf,sdf,fuzzy_normalized_name,0.941,local_sdf_library
CMPD_9656ED441A94,Myrciaphenone_A.sdf,/structures/Myrciaphenone_A.sdf,sdf,exact_normalized_name,1.0,local_sdf_library
CMPD_B230AD8187C3,myricetin-3-O-galactoside.sdf,/structures/myricetin-3-O-galactoside.sdf,sdf,exact_normalized_name,1.0,local_sdf_library
CMPD_EFE098D61964,myricetin-3-O-glucoside.sdf,/structures/myricetin-3-O-glucoside.sdf,sdf,exact_normalized_name,1.0,local_sdf_library
CMPD_0DB66ED0DAB5,myricetin-3-O-glucuronide.sdf,/structures/myricetin-3-O-glucuronide.sdf,sdf,exact_normalized_name,1.0,local_sdf_library
CMPD_2A6143CC1596,myricetin-3-O-pentoside.sdf,/structures/myricetin-3-O-pentoside.sdf,sdf,exact_normalized_name,1.0,local_sdf_library
CMPD_352B2AA25552,myricetin-3-O-rhamnoside.sdf,/structures/myricetin-3-O-rhamnoside.sdf,sdf,exact_normalized_name,1.0,local_sdf_library
CMPD_12643C74C59E,Myricetin-3-O-β-D-galactopyranoside.sdf,/structures/Myricetin-3-O-β-D-galactopyranoside.sdf,sdf,fuzzy_normalized_name,0.985,local_sdf_library
CMPD_12643C74C59E,myricetin-3-O-β-galactopyranoside.sdf,/structures/myricetin-3-O-β-galactopyranoside.sdf,sdf,exact_normalized_name,1.0,local_sdf_library
CMPD_352B2AA25552,Myricetin-O-rhamnoside.sdf,/structures/Myricetin-O-rhamnoside.sdf,sdf,fuzzy_normalized_name,0.976,local_sdf_library
CMPD_FC9C2E5C8A50,Myricetin.sdf,/structures/Myricetin.sdf,sdf,fuzzy_normalized_name,0.889,local_sdf_library
CMPD_0C292CF72C3D,Myricetin_3-O-hexoside.sdf,/structures/Myricetin_3-O-hexoside.sdf,sdf,fuzzy_normalized_name,0.944,local_sdf_library
CMPD_352B2AA25552,Myricetin_3-O-rhamnoside.sdf,/structures/Myricetin_3-O-rhamnoside.sdf,sdf,exact_normalized_name,1.0,local_sdf_library
CMPD_125C729966AB,Myricetin_glucoside.sdf,/structures/Myricetin_glucoside.sdf,sdf,exact_normalized_name,1.0,local_sdf_library
CMPD_03437A007224,myristic_acid.sdf,/structures/myristic_acid.sdf,sdf,exact_normalized_name,1.0,local_sdf_library
CMPD_3A8959476092,myristic_acid_ethyl_ester.sdf,/structures/myristic_acid_ethyl_ester.sdf,sdf,exact_normalized_name,1.0,local_sdf_library
CMPD_8A77612B1D66,Myristicin.sdf,/structures/Myristicin.sdf,sdf,exact_normalized_name,1.0,local_sdf_library
CMPD_93BFFBEE0DB8,Myrstin.sdf,/structures/Myrstin.sdf,sdf,exact_normalized_name,1.0,local_sdf_library
CMPD_93106335021B,myrtenal.sdf,/structures/myrtenal.sdf,sdf,exact_normalized_name,1.0,local_sdf_library
CMPD_0660EEF4E80F,myrtenol.sdf,/structures/myrtenol.sdf,sdf,exact_normalized_name,1.0,local_sdf_library
CMPD_1CFC1870B332,myrtenyl_acetate.sdf,/structures/myrtenyl_acetate.sdf,sdf,exact_normalized_name,1.0,local_sdf_library
CMPD_83DF21E34C70,myrtucommulone_A.sdf,/structures/myrtucommulone_A.sdf,sdf,exact_normalized_name,1.0,local_sdf_library
CMPD_089EC7F54B56,Myrtucommulone_B.sdf,/structures/Myrtucommulone_B.sdf,sdf,exact_normalized_name,1.0,local_sdf_library
CMPD_452903B50B1A,Myrtucommulone_C.sdf,/structures/Myrtucommulone_C.sdf,sdf,fuzzy_normalized_name,0.968,local_sdf_library
CMPD_B674B6811BF7,Myrtucommulone_F.sdf,/structures/Myrtucommulone_F.sdf,sdf,fuzzy_normalized_name,0.968,local_sdf_library
CMPD_73A1BD25AEDB,Myrtucommulone_G.sdf,/structures/Myrtucommulone_G.sdf,sdf,fuzzy_normalized_name,0.968,local_sdf_library
CMPD_0E34112CFE4B,Myrtucommulone_H.sdf,/structures/Myrtucommulone_H.sdf,sdf,fuzzy_normalized_name,0.968,local_sdf_library
CMPD_1C5D95ABF5B2,Myrtucommulone_I.sdf,/structures/Myrtucommulone_I.sdf,sdf,fuzzy_normalized_name,0.968,local_sdf_library
CMPD_C77CA145688F,Myrtucommulone_J.sdf,/structures/Myrtucommulone_J.sdf,sdf,fuzzy_normalized_name,0.968,local_sdf_library
CMPD_3E03EF942AB2,Myrtucommulone_K.sdf,/structures/Myrtucommulone_K.sdf,sdf,fuzzy_normalized_name,0.968,local_sdf_library
CMPD_31F9DA96F202,Myrtucommulone_L.sdf,/structures/Myrtucommulone_L.sdf,sdf,exact_normalized_name,1.0,local_sdf_library
CMPD_7C7E34E7F925,N-acetyl_loline.sdf,/structures/N-acetyl_loline.sdf,sdf,exact_normalized_name,1.0,local_sdf_library
CMPD_9DE1C88AC18D,N-Acetylcytisine.sdf,/structures/N-Acetylcytisine.sdf,sdf,exact_normalized_name,1.0,local_sdf_library
CMPD_924246C68F46,N-Benzoylanthranilic_acid.sdf,/structures/N-Benzoylanthranilic_acid.sdf,sdf,exact_normalized_name,1.0,local_sdf_library
CMPD_602D180AD067,n-dodecane.sdf,/structures/n-dodecane.sdf,sdf,exact_normalized_name,1.0,local_sdf_library
CMPD_1D3EC80F36C1,N-formyl_loline.sdf,/structures/N-formyl_loline.sdf,sdf,exact_normalized_name,1.0,local_sdf_library
CMPD_12EA89A8A4C0,N-Formylcytisine.sdf,/structures/N-Formylcytisine.sdf,sdf,exact_normalized_name,1.0,local_sdf_library
CMPD_6AF5192B5393,n-hexadecanoic_acid.sdf,/structures/n-hexadecanoic_acid.sdf,sdf,exact_normalized_name,1.0,local_sdf_library
CMPD_F4473F7F69E7,n-hexadecenoic_acid.sdf,/structures/n-hexadecenoic_acid.sdf,sdf,exact_normalized_name,1.0,local_sdf_library
CMPD_320BE0532322,n-hexanol.sdf,/structures/n-hexanol.sdf,sdf,exact_normalized_name,1.0,local_sdf_library
CMPD_1994FB8B915D,N-methylasimilobine.sdf,/structures/N-methylasimilobine.sdf,sdf,exact_normalized_name,1.0,local_sdf_library
CMPD_DB8A15B22753,N-methylcoclaurine.sdf,/structures/N-methylcoclaurine.sdf,sdf,exact_normalized_name,1.0,local_sdf_library
CMPD_BC3F04D0BA72,N-methylstylopine.sdf,/structures/N-methylstylopine.sdf,sdf,exact_normalized_name,1.0,local_sdf_library
CMPD_8D61590D38CA,N-nonanal.sdf,/structures/N-nonanal.sdf,sdf,exact_normalized_name,1.0,local_sdf_library
CMPD_4E047B782641,n-octadecane.sdf,/structures/n-octadecane.sdf,sdf,exact_normalized_name,1.0,local_sdf_library
CMPD_736E63D2E9B5,n-octanol.sdf,/structures/n-octanol.sdf,sdf,exact_normalized_name,1.0,local_sdf_library
CMPD_B27D827C3BCC,n-pentadecane.sdf,/structures/n-pentadecane.sdf,sdf,exact_normalized_name,1.0,local_sdf_library
CMPD_0520398CFE0B,N-phenethylhexanamide.sdf,/structures/N-phenethylhexanamide.sdf,sdf,fuzzy_normalized_name,0.93,local_sdf_library
CMPD_3B79D2BA2298,N-propyl-3_4_5-trihydroxybenzoate.sdf,/structures/N-propyl-3_4_5-trihydroxybenzoate.sdf,sdf,exact_normalized_name,1.0,local_sdf_library
CMPD_2B1F9CC30864,n-tetradecane.sdf,/structures/n-tetradecane.sdf,sdf,exact_normalized_name,1.0,local_sdf_library
CMPD_614634A75DDD,N-trans-feruloyl_tyramine.sdf,/structures/N-trans-feruloyl_tyramine.sdf,sdf,exact_normalized_name,1.0,local_sdf_library
CMPD_1116905C03A2,N_N-dimethyl_glycine_methyl_ester.sdf,/structures/N_N-dimethyl_glycine_methyl_ester.sdf,sdf,exact_normalized_name,1.0,local_sdf_library
CMPD_45DEBA5228E6,N_N_-di-p-coumaroylspermidine.sdf,/structures/N_N_-di-p-coumaroylspermidine.sdf,sdf,fuzzy_normalized_name,0.979,local_sdf_library
CMPD_93ACC66A6E5F,naphthalene.sdf,/structures/naphthalene.sdf,sdf,exact_normalized_name,1.0,local_sdf_library
CMPD_6A716E5B7CAB,narcissin.sdf,/structures/narcissin.sdf,sdf,exact_normalized_name,1.0,local_sdf_library
CMPD_9EF1CE380211,naringenin-7-glucoside.sdf,/structures/naringenin-7-glucoside.sdf,sdf,exact_normalized_name,1.0,local_sdf_library
CMPD_68E604ABBBBD,Naringenin-7-O-neohesperidoside.sdf,/structures/Naringenin-7-O-neohesperidoside.sdf,sdf,exact_normalized_name,1.0,local_sdf_library
CMPD_1D48FDAC8096,naringenin.sdf,/structures/naringenin.sdf,sdf,exact_normalized_name,1.0,local_sdf_library
CMPD_9EF1CE380211,naringenin_7-glucoside.sdf,/structures/naringenin_7-glucoside.sdf,sdf,exact_normalized_name,1.0,local_sdf_library
CMPD_918917E4A9D3,Naringenin_chalcone.sdf,/structures/Naringenin_chalcone.sdf,sdf,exact_normalized_name,1.0,local_sdf_library
CMPD_1D48FDAC8096,Naringenine.sdf,/structures/Naringenine.sdf,sdf,fuzzy_normalized_name,0.952,local_sdf_library
CMPD_4E037C03BB1D,naringin.sdf,/structures/naringin.sdf,sdf,exact_normalized_name,1.0,local_sdf_library
CMPD_0C41C6A39884,neo-menthol.sdf,/structures/neo-menthol.sdf,sdf,exact_normalized_name,1.0,local_sdf_library
CMPD_60A3B6A7C13B,neochamaejasmin_A.sdf,/structures/neochamaejasmin_A.sdf,sdf,exact_normalized_name,1.0,local_sdf_library
CMPD_547393ACC11C,neochamaejasmin_B.sdf,/structures/neochamaejasmin_B.sdf,sdf,exact_normalized_name,1.0,local_sdf_library
CMPD_6FD9CD3FEE6F,Neochlorogenic_acid.sdf,/structures/Neochlorogenic_acid.sdf,sdf,fuzzy_normalized_name,0.909,local_sdf_library
CMPD_4E7F11A0888F,neocnidilide.sdf,/structures/neocnidilide.sdf,sdf,exact_normalized_name,1.0,local_sdf_library
CMPD_1DAA54688C3D,neocurdione.sdf,/structures/neocurdione.sdf,sdf,exact_normalized_name,1.0,local_sdf_library
CMPD_7F6A56AADED7,neoechinulin_A.sdf,/structures/neoechinulin_A.sdf,sdf,exact_normalized_name,1.0,local_sdf_library
CMPD_1AD378BA0E08,Neoglucobrassicin.sdf,/structures/Neoglucobrassicin.sdf,sdf,exact_normalized_name,1.0,local_sdf_library
CMPD_41C6798016C2,neohesperidin.sdf,/structures/neohesperidin.sdf,sdf,exact_normalized_name,1.0,local_sdf_library
CMPD_B60DF513BA80,neolinustatin.sdf,/structures/neolinustatin.sdf,sdf,exact_normalized_name,1.0,local_sdf_library
CMPD_C858A4DE51AA,neophytadiene.sdf,/structures/neophytadiene.sdf,sdf,exact_normalized_name,1.0,local_sdf_library
CMPD_EFCA31ADF260,Neoruscogenin.sdf,/structures/Neoruscogenin.sdf,sdf,exact_normalized_name,1.0,local_sdf_library
CMPD_0B1C016CD4AA,neoxanthin.sdf,/structures/neoxanthin.sdf,sdf,exact_normalized_name,1.0,local_sdf_library
CMPD_D2D0820F9307,Nepetalactone.sdf,/structures/Nepetalactone.sdf,sdf,exact_normalized_name,1.0,local_sdf_library
CMPD_42991353CE03,nepetin-7-O-glucoside.sdf,/structures/nepetin-7-O-glucoside.sdf,sdf,exact_normalized_name,1.0,local_sdf_library
CMPD_409893A16591,nepetin.sdf,/structures/nepetin.sdf,sdf,exact_normalized_name,1.0,local_sdf_library
CMPD_5D9A3B00A32D,Nepetoidin_B.sdf,/structures/Nepetoidin_B.sdf,sdf,exact_normalized_name,1.0,local_sdf_library
CMPD_48308FFE9236,Neptin.sdf,/structures/Neptin.sdf,sdf,exact_normalized_name,1.0,local_sdf_library
CMPD_8F482CFA0B15,Neral.sdf,/structures/Neral.sdf,sdf,exact_normalized_name,1.0,local_sdf_library
CMPD_5B8341D26810,neriine.sdf,/structures/neriine.sdf,sdf,fuzzy_normalized_name,0.923,local_sdf_library
CMPD_4AE7F3A694A1,Neriumoside.sdf,/structures/Neriumoside.sdf,sdf,exact_normalized_name,1.0,local_sdf_library
CMPD_2C61540BD822,Nerol.sdf,/structures/Nerol.sdf,sdf,exact_normalized_name,1.0,local_sdf_library
CMPD_7C70B750F6BB,nerolidol-E.sdf,/structures/nerolidol-E.sdf,sdf,exact_normalized_name,1.0,local_sdf_library
CMPD_36EA3FA57289,nerolidol.sdf,/structures/nerolidol.sdf,sdf,exact_normalized_name,1.0,local_sdf_library
CMPD_FCE11049A674,Neryl-2-methylbutanoate.sdf,/structures/Neryl-2-methylbutanoate.sdf,sdf,exact_normalized_name,1.0,local_sdf_library
CMPD_7F8C8A55B026,Neryl_acetate.sdf,/structures/Neryl_acetate.sdf,sdf,exact_normalized_name,1.0,local_sdf_library
CMPD_DB449F7D5D5B,neryl_isovalerate.sdf,/structures/neryl_isovalerate.sdf,sdf,exact_normalized_name,1.0,local_sdf_library
CMPD_372E74CDA193,neryl_propionate.sdf,/structures/neryl_propionate.sdf,sdf,exact_normalized_name,1.0,local_sdf_library
CMPD_1746A7F40780,Nezukol.sdf,/structures/Nezukol.sdf,sdf,exact_normalized_name,1.0,local_sdf_library
CMPD_7A51909809FD,Niacin.sdf,/structures/Niacin.sdf,sdf,exact_normalized_name,1.0,local_sdf_library
CMPD_C07FB9BF9D3B,nicotiflorin.sdf,/structures/nicotiflorin.sdf,sdf,fuzzy_normalized_name,0.917,local_sdf_library
CMPD_5BC91A7A94AD,nicotine.sdf,/structures/nicotine.sdf,sdf,exact_normalized_name,1.0,local_sdf_library
CMPD_A775ADF02649,Nicotinic_acid.sdf,/structures/Nicotinic_acid.sdf,sdf,exact_normalized_name,1.0,local_sdf_library
CMPD_184F9D409BA1,niga-ichigoside_F1.sdf,/structures/niga-ichigoside_F1.sdf,sdf,exact_normalized_name,1.0,local_sdf_library
CMPD_C07FB9BF9D3B,Nikotiflorin.sdf,/structures/Nikotiflorin.sdf,sdf,exact_normalized_name,1.0,local_sdf_library
CMPD_9CA23BCA06D0,Niloticol.sdf,/structures/Niloticol.sdf,sdf,exact_normalized_name,1.0,local_sdf_library
CMPD_D8EA21508797,Nilotinin_D1.sdf,/structures/Nilotinin_D1.sdf,sdf,exact_normalized_name,1.0,local_sdf_library
CMPD_2351EF565165,Nilotinin_D3.sdf,/structures/Nilotinin_D3.sdf,sdf,exact_normalized_name,1.0,local_sdf_library
CMPD_012BC44AE439,Nilotinin_D4.sdf,/structures/Nilotinin_D4.sdf,sdf,exact_normalized_name,1.0,local_sdf_library
CMPD_E8FC5DF099C7,Nilotinin_D5.sdf,/structures/Nilotinin_D5.sdf,sdf,exact_normalized_name,1.0,local_sdf_library
CMPD_785C0EABEF39,Nilotinin_D6.sdf,/structures/Nilotinin_D6.sdf,sdf,exact_normalized_name,1.0,local_sdf_library
CMPD_B762A6F2EA77,Nilotinin_D7.sdf,/structures/Nilotinin_D7.sdf,sdf,exact_normalized_name,1.0,local_sdf_library
CMPD_C3EAAAA70AFA,Nilotinin_D9.sdf,/structures/Nilotinin_D9.sdf,sdf,exact_normalized_name,1.0,local_sdf_library
CMPD_B2AE0A2C5452,Nilotinin_M1.sdf,/structures/Nilotinin_M1.sdf,sdf,exact_normalized_name,1.0,local_sdf_library
CMPD_E19CBE51D914,Nilotinin_M10.sdf,/structures/Nilotinin_M10.sdf,sdf,exact_normalized_name,1.0,local_sdf_library
CMPD_75FDCA8802E8,Nilotinin_M2.sdf,/structures/Nilotinin_M2.sdf,sdf,exact_normalized_name,1.0,local_sdf_library
CMPD_217E6A5F09DE,Nilotinin_M3.sdf,/structures/Nilotinin_M3.sdf,sdf,exact_normalized_name,1.0,local_sdf_library
CMPD_27C6248E5E5E,Nilotinin_M8.sdf,/structures/Nilotinin_M8.sdf,sdf,exact_normalized_name,1.0,local_sdf_library
CMPD_6632C0D14032,Nilotinin_M9.sdf,/structures/Nilotinin_M9.sdf,sdf,exact_normalized_name,1.0,local_sdf_library
CMPD_57085158388B,Nmethylcytisine.sdf,/structures/Nmethylcytisine.sdf,sdf,exact_normalized_name,1.0,local_sdf_library
CMPD_84DEE4A8D660,nodakenetin.sdf,/structures/nodakenetin.sdf,sdf,exact_normalized_name,1.0,local_sdf_library
CMPD_0C21B250C9C4,Nonanal.sdf,/structures/Nonanal.sdf,sdf,exact_normalized_name,1.0,local_sdf_library
CMPD_794A17084557,Nonane.sdf,/structures/Nonane.sdf,sdf,exact_normalized_name,1.0,local_sdf_library
CMPD_0F7D9B179217,Nonanoic_acid.sdf,/structures/Nonanoic_acid.sdf,sdf,exact_normalized_name,1.0,local_sdf_library
CMPD_99F37EEC23CE,norephedrine.sdf,/structures/norephedrine.sdf,sdf,exact_normalized_name,1.0,local_sdf_library
CMPD_F3C4F2E9A00F,norhydrocodone.sdf,/structures/norhydrocodone.sdf,sdf,exact_normalized_name,1.0,local_sdf_library
CMPD_05F1CBEB748A,norpseudoephedrine.sdf,/structures/norpseudoephedrine.sdf,sdf,exact_normalized_name,1.0,local_sdf_library
CMPD_AD61790E0054,Nothoapiole.sdf,/structures/Nothoapiole.sdf,sdf,exact_normalized_name,1.0,local_sdf_library
CMPD_6630731950A2,Nuezhenide.sdf,/structures/Nuezhenide.sdf,sdf,exact_normalized_name,1.0,local_sdf_library
CMPD_D7673775833A,Nymphaeol_C.sdf,/structures/Nymphaeol_C.sdf,sdf,exact_normalized_name,1.0,local_sdf_library
CMPD_C00AA8A896DD,o-acetanisole.sdf,/structures/o-acetanisole.sdf,sdf,exact_normalized_name,1.0,local_sdf_library
CMPD_C16FB9B77E02,O-acetylcrinine.sdf,/structures/O-acetylcrinine.sdf,sdf,exact_normalized_name,1.0,local_sdf_library
CMPD_CC3C6F7DCD44,o-Coumaric_acid.sdf,/structures/o-Coumaric_acid.sdf,sdf,fuzzy_normalized_name,0.963,local_sdf_library
CMPD_015B9202D9E6,o-coumaroylquinic_acid.sdf,/structures/o-coumaroylquinic_acid.sdf,sdf,exact_normalized_name,1.0,local_sdf_library
CMPD_3D20213DE119,o-cymene.sdf,/structures/o-cymene.sdf,sdf,exact_normalized_name,1.0,local_sdf_library
CMPD_8F59D9F73240,O-methylfumarophycine.sdf,/structures/O-methylfumarophycine.sdf,sdf,exact_normalized_name,1.0,local_sdf_library
CMPD_FBAEA8F72A04,O-pyrocatechuic_acid.sdf,/structures/O-pyrocatechuic_acid.sdf,sdf,exact_normalized_name,1.0,local_sdf_library
CMPD_E64EC2D186AB,o-xylene.sdf,/structures/o-xylene.sdf,sdf,exact_normalized_name,1.0,local_sdf_library
CMPD_DD42CDCB13AD,obovatin.sdf,/structures/obovatin.sdf,sdf,exact_normalized_name,1.0,local_sdf_library
CMPD_EACFEE80C935,obovatin_5-methyl_ether.sdf,/structures/obovatin_5-methyl_ether.sdf,sdf,exact_normalized_name,1.0,local_sdf_library
CMPD_6A22AA123768,obtusifoliol.sdf,/structures/obtusifoliol.sdf,sdf,exact_normalized_name,1.0,local_sdf_library
CMPD_A8AFA9E6ACEB,ochratoxin_A.sdf,/structures/ochratoxin_A.sdf,sdf,exact_normalized_name,1.0,local_sdf_library
CMPD_36D0E0DA551F,ocimene.sdf,/structures/ocimene.sdf,sdf,exact_normalized_name,1.0,local_sdf_library
CMPD_1981351C40CC,oct-1-en-3-ol.sdf,/structures/oct-1-en-3-ol.sdf,sdf,exact_normalized_name,1.0,local_sdf_library
CMPD_D135E75C88D9,octadeca-9_12-dien-1-ol.sdf,/structures/octadeca-9_12-dien-1-ol.sdf,sdf,exact_normalized_name,1.0,local_sdf_library
CMPD_2E22F58BB47C,Octadecadienoic_acid.sdf,/structures/Octadecadienoic_acid.sdf,sdf,exact_normalized_name,1.0,local_sdf_library
CMPD_B33799F113E2,octadecane.sdf,/structures/octadecane.sdf,sdf,exact_normalized_name,1.0,local_sdf_library
CMPD_92F54F30FBC9,Octadecane__2-methyl-.sdf,/structures/Octadecane__2-methyl-.sdf,sdf,fuzzy_normalized_name,0.882,local_sdf_library
CMPD_F10E1D288215,octadecanoic_acid_9-oxo-methyl_ester.sdf,/structures/octadecanoic_acid_9-oxo-methyl_ester.sdf,sdf,exact_normalized_name,1.0,local_sdf_library
CMPD_6B03607C27B4,Octadecatrienoic_acid.sdf,/structures/Octadecatrienoic_acid.sdf,sdf,exact_normalized_name,1.0,local_sdf_library
CMPD_806B23CE0B06,Octadecenamide.sdf,/structures/Octadecenamide.sdf,sdf,exact_normalized_name,1.0,local_sdf_library
CMPD_D868E0AD8FCF,Octadecenoic_acid.sdf,/structures/Octadecenoic_acid.sdf,sdf,exact_normalized_name,1.0,local_sdf_library
CMPD_0336586B1F7B,octadienol.sdf,/structures/octadienol.sdf,sdf,exact_normalized_name,1.0,local_sdf_library
CMPD_192A0EC9B5D2,octan-1-ol.sdf,/structures/octan-1-ol.sdf,sdf,exact_normalized_name,1.0,local_sdf_library
CMPD_7D4CD610BA19,octan-3-one.sdf,/structures/octan-3-one.sdf,sdf,exact_normalized_name,1.0,local_sdf_library
CMPD_14019988A920,octanal.sdf,/structures/octanal.sdf,sdf,exact_normalized_name,1.0,local_sdf_library
CMPD_D20016547F48,Octane.sdf,/structures/Octane.sdf,sdf,exact_normalized_name,1.0,local_sdf_library
CMPD_192A0EC9B5D2,octanol.sdf,/structures/octanol.sdf,sdf,exact_normalized_name,1.0,local_sdf_library
CMPD_42E63F0B1004,octopamine.sdf,/structures/octopamine.sdf,sdf,exact_normalized_name,1.0,local_sdf_library
CMPD_F6F1D5820805,Octyl_acetate.sdf,/structures/Octyl_acetate.sdf,sdf,exact_normalized_name,1.0,local_sdf_library
CMPD_8D9BE719F036,odoroside.sdf,/structures/odoroside.sdf,sdf,exact_normalized_name,1.0,local_sdf_library
CMPD_0014FAD81DFD,oenin.sdf,/structures/oenin.sdf,sdf,exact_normalized_name,1.0,local_sdf_library
CMPD_991A5B29A89C,oleacein.sdf,/structures/oleacein.sdf,sdf,exact_normalized_name,1.0,local_sdf_library
CMPD_AF6B78959203,Olean-12-ene-3beta_7beta_15alpha_28-tetrol.sdf,/structures/Olean-12-ene-3beta_7beta_15alpha_28-tetrol.sdf,sdf,fuzzy_normalized_name,0.986,local_sdf_library
CMPD_A55A3B350B61,oleanaldehyde.sdf,/structures/oleanaldehyde.sdf,sdf,exact_normalized_name,1.0,local_sdf_library
CMPD_BC2371508DB3,oleanan_3_ol.sdf,/structures/oleanan_3_ol.sdf,sdf,exact_normalized_name,1.0,local_sdf_library
CMPD_EF35205EFD6D,oleandrin.sdf,/structures/oleandrin.sdf,sdf,exact_normalized_name,1.0,local_sdf_library
CMPD_724CDED81B1D,Oleanolic_acid.sdf,/structures/Oleanolic_acid.sdf,sdf,exact_normalized_name,1.0,local_sdf_library
CMPD_A05DC96F6101,Oleic_acid.sdf,/structures/Oleic_acid.sdf,sdf,exact_normalized_name,1.0,local_sdf_library
CMPD_7E4FAED932D0,oleocanthal.sdf,/structures/oleocanthal.sdf,sdf,exact_normalized_name,1.0,local_sdf_library
CMPD_F5BA5DE10263,oleoside_11-methyl_ester.sdf,/structures/oleoside_11-methyl_ester.sdf,sdf,exact_normalized_name,1.0,local_sdf_library
CMPD_27FE90868922,oleoside_dimethyl_ester.sdf,/structures/oleoside_dimethyl_ester.sdf,sdf,exact_normalized_name,1.0,local_sdf_library
CMPD_84827F00803F,oleuropein.sdf,/structures/oleuropein.sdf,sdf,exact_normalized_name,1.0,local_sdf_library
CMPD_DD6C47324696,Ombuoside.sdf,/structures/Ombuoside.sdf,sdf,exact_normalized_name,1.0,local_sdf_library
CMPD_929B7F443C79,Ononin.sdf,/structures/Ononin.sdf,sdf,exact_normalized_name,1.0,local_sdf_library
CMPD_CA8989F61471,opuntiol.sdf,/structures/opuntiol.sdf,sdf,exact_normalized_name,1.0,local_sdf_library
CMPD_92057DA7771F,Opuntione.sdf,/structures/Opuntione.sdf,sdf,exact_normalized_name,1.0,local_sdf_library
CMPD_32C0C9A96389,opuntioside_I.sdf,/structures/opuntioside_I.sdf,sdf,exact_normalized_name,1.0,local_sdf_library
CMPD_0F6E633D47CC,orientin.sdf,/structures/orientin.sdf,sdf,exact_normalized_name,1.0,local_sdf_library
CMPD_9FC2C4FE9148,oripavine.sdf,/structures/oripavine.sdf,sdf,exact_normalized_name,1.0,local_sdf_library
CMPD_C179609BFFAB,Orobol.sdf,/structures/Orobol.sdf,sdf,exact_normalized_name,1.0,local_sdf_library
CMPD_056FC1723E4A,oroxylin_A.sdf,/structures/oroxylin_A.sdf,sdf,exact_normalized_name,1.0,local_sdf_library
CMPD_B8A91283FB1E,Osmanthuside.sdf,/structures/Osmanthuside.sdf,sdf,exact_normalized_name,1.0,local_sdf_library
CMPD_D52DAEDAAA81,Osmanthuside_B6.sdf,/structures/Osmanthuside_B6.sdf,sdf,exact_normalized_name,1.0,local_sdf_library
CMPD_8ADA6F1F0BDE,osthol.sdf,/structures/osthol.sdf,sdf,exact_normalized_name,1.0,local_sdf_library
CMPD_60F1380CA1CC,ovalichalcone.sdf,/structures/ovalichalcone.sdf,sdf,exact_normalized_name,1.0,local_sdf_library
CMPD_5A71C9BE6D21,oxyacanthine.sdf,/structures/oxyacanthine.sdf,sdf,exact_normalized_name,1.0,local_sdf_library
CMPD_E8F685C87491,oxypeucedanin.sdf,/structures/oxypeucedanin.sdf,sdf,exact_normalized_name,1.0,local_sdf_library
CMPD_4A155D54D824,p-acetyltoluene.sdf,/structures/p-acetyltoluene.sdf,sdf,exact_normalized_name,1.0,local_sdf_library
CMPD_6525A61D03D0,p-anethole.sdf,/structures/p-anethole.sdf,sdf,exact_normalized_name,1.0,local_sdf_library
CMPD_78863D535A8B,p-anisaldehyde.sdf,/structures/p-anisaldehyde.sdf,sdf,exact_normalized_name,1.0,local_sdf_library
CMPD_4793A34322A0,p-Cadinol.sdf,/structures/p-Cadinol.sdf,sdf,fuzzy_normalized_name,0.933,local_sdf_library
CMPD_CE3845B8858E,p-cineole.sdf,/structures/p-cineole.sdf,sdf,exact_normalized_name,1.0,local_sdf_library
CMPD_35586B051640,p-Coumarate.sdf,/structures/p-Coumarate.sdf,sdf,fuzzy_normalized_name,0.947,local_sdf_library
CMPD_2B625B938358,p-Coumaric_acid.sdf,/structures/p-Coumaric_acid.sdf,sdf,exact_normalized_name,1.0,local_sdf_library
CMPD_2832FE1CBCE8,p-coumaric_acid_3-glucoside.sdf,/structures/p-coumaric_acid_3-glucoside.sdf,sdf,exact_normalized_name,1.0,local_sdf_library
CMPD_2832FE1CBCE8,P-coumaric_acid_glucoside.sdf,/structures/P-coumaric_acid_glucoside.sdf,sdf,fuzzy_normalized_name,0.978,local_sdf_library
CMPD_69958EC1752F,p-Coumarin.sdf,/structures/p-Coumarin.sdf,sdf,exact_normalized_name,1.0,local_sdf_library
CMPD_72953AEBCFA5,p-Coumaroyl_4-O-glucoside.sdf,/structures/p-Coumaroyl_4-O-glucoside.sdf,sdf,fuzzy_normalized_name,0.977,local_sdf_library
CMPD_1775BC32F0F8,P-coumaroylquinic_acid.sdf,/structures/P-coumaroylquinic_acid.sdf,sdf,exact_normalized_name,1.0,local_sdf_library
CMPD_5D577568C631,p-cresol.sdf,/structures/p-cresol.sdf,sdf,exact_normalized_name,1.0,local_sdf_library
CMPD_6606DD418CC1,p-cymen-8-ol.sdf,/structures/p-cymen-8-ol.sdf,sdf,exact_normalized_name,1.0,local_sdf_library
CMPD_00763E24CFF9,P-cymene-7-ol.sdf,/structures/P-cymene-7-ol.sdf,sdf,fuzzy_normalized_name,0.947,local_sdf_library
CMPD_6606DD418CC1,P-cymene-8-ol.sdf,/structures/P-cymene-8-ol.sdf,sdf,fuzzy_normalized_name,0.947,local_sdf_library
CMPD_546A3D50EA8A,p-Cymene.sdf,/structures/p-Cymene.sdf,sdf,exact_normalized_name,1.0,local_sdf_library
CMPD_33648AD5E7D8,p-cymenene.sdf,/structures/p-cymenene.sdf,sdf,exact_normalized_name,1.0,local_sdf_library
CMPD_1213BEE09077,p-hydroxy-benzoic_acid.sdf,/structures/p-hydroxy-benzoic_acid.sdf,sdf,exact_normalized_name,1.0,local_sdf_library
CMPD_1213BEE09077,P-hydroxy_benzoic_acid.sdf,/structures/P-hydroxy_benzoic_acid.sdf,sdf,exact_normalized_name,1.0,local_sdf_library
CMPD_0A124DE25387,p-hydroxyacetophenone.sdf,/structures/p-hydroxyacetophenone.sdf,sdf,exact_normalized_name,1.0,local_sdf_library
CMPD_114D4EEFDE1D,P-hydroxybenzaldehyde.sdf,/structures/P-hydroxybenzaldehyde.sdf,sdf,exact_normalized_name,1.0,local_sdf_library
CMPD_1213BEE09077,p-hydroxybenzoic_acid.sdf,/structures/p-hydroxybenzoic_acid.sdf,sdf,exact_normalized_name,1.0,local_sdf_library
CMPD_81110DF80CA4,p-hydroxycinnamic_acid.sdf,/structures/p-hydroxycinnamic_acid.sdf,sdf,exact_normalized_name,1.0,local_sdf_library
CMPD_8A989652D23B,p-hydroxyphenylethanol_ferulate.sdf,/structures/p-hydroxyphenylethanol_ferulate.sdf,sdf,exact_normalized_name,1.0,local_sdf_library
CMPD_CB5688323D7B,p-Menth-1-ene-3_6-diol.sdf,/structures/p-Menth-1-ene-3_6-diol.sdf,sdf,fuzzy_normalized_name,0.938,local_sdf_library
CMPD_CE9E4EC28519,p-Mentha-1_3_8-triene.sdf,/structures/p-Mentha-1_3_8-triene.sdf,sdf,exact_normalized_name,1.0,local_sdf_library
CMPD_7771F64BA605,p-mentha-1_7__8_10_-dien-9-ol.sdf,/structures/p-mentha-1_7__8_10_-dien-9-ol.sdf,sdf,exact_normalized_name,1.0,local_sdf_library
CMPD_4B227123AA62,p-OH_benzoic_acid.sdf,/structures/p-OH_benzoic_acid.sdf,sdf,exact_normalized_name,1.0,local_sdf_library
CMPD_4AC2AC7AD13B,p-propoxybenzoic_acid.sdf,/structures/p-propoxybenzoic_acid.sdf,sdf,exact_normalized_name,1.0,local_sdf_library
CMPD_EE7CE7DB2746,P-vinylguaiacol.sdf,/structures/P-vinylguaiacol.sdf,sdf,exact_normalized_name,1.0,local_sdf_library
CMPD_1BFC6AC1CBE3,P-Xylene.sdf,/structures/P-Xylene.sdf,sdf,exact_normalized_name,1.0,local_sdf_library
CMPD_B9EE8560D5A8,pachydictyol_A.sdf,/structures/pachydictyol_A.sdf,sdf,exact_normalized_name,1.0,local_sdf_library
CMPD_06D4FDB1DAC3,pachypodol.sdf,/structures/pachypodol.sdf,sdf,exact_normalized_name,1.0,local_sdf_library
CMPD_5B9938A85092,pallidine.sdf,/structures/pallidine.sdf,sdf,exact_normalized_name,1.0,local_sdf_library
CMPD_49ADD4F6CA00,palmatine.sdf,/structures/palmatine.sdf,sdf,exact_normalized_name,1.0,local_sdf_library
CMPD_1F2CAFD98198,palmitamide.sdf,/structures/palmitamide.sdf,sdf,exact_normalized_name,1.0,local_sdf_library
CMPD_63FE2447D7EB,Palmitic_acid.sdf,/structures/Palmitic_acid.sdf,sdf,exact_normalized_name,1.0,local_sdf_library
CMPD_389798B70F62,palmitic_acid_methyl_ester.sdf,/structures/palmitic_acid_methyl_ester.sdf,sdf,exact_normalized_name,1.0,local_sdf_library
CMPD_78608DE1EB94,palmitoleic_acid.sdf,/structures/palmitoleic_acid.sdf,sdf,exact_normalized_name,1.0,local_sdf_library
CMPD_F269343874F2,Palustroside_III.sdf,/structures/Palustroside_III.sdf,sdf,exact_normalized_name,1.0,local_sdf_library
CMPD_E6C30905FFEA,panaxydiol.sdf,/structures/panaxydiol.sdf,sdf,exact_normalized_name,1.0,local_sdf_library
CMPD_A14750179F4F,pantothenic_acid.sdf,/structures/pantothenic_acid.sdf,sdf,exact_normalized_name,1.0,local_sdf_library
CMPD_546A3D50EA8A,para-cymene.sdf,/structures/para-cymene.sdf,sdf,exact_normalized_name,1.0,local_sdf_library
CMPD_97DF6774238E,parfumidine.sdf,/structures/parfumidine.sdf,sdf,exact_normalized_name,1.0,local_sdf_library
CMPD_96BADFFBF541,parfumine.sdf,/structures/parfumine.sdf,sdf,exact_normalized_name,1.0,local_sdf_library
CMPD_69D7C61EA312,paridol.sdf,/structures/paridol.sdf,sdf,exact_normalized_name,1.0,local_sdf_library
CMPD_529F72A9F4F2,Parthenolid-9-one.sdf,/structures/Parthenolid-9-one.sdf,sdf,exact_normalized_name,1.0,local_sdf_library
CMPD_27B73F3A980A,Parthenolide.sdf,/structures/Parthenolide.sdf,sdf,exact_normalized_name,1.0,local_sdf_library
CMPD_0C2F07430DAF,patuletin.sdf,/structures/patuletin.sdf,sdf,exact_normalized_name,1.0,local_sdf_library
CMPD_034995434748,Patuletin_3-rutinoside.sdf,/structures/Patuletin_3-rutinoside.sdf,sdf,exact_normalized_name,1.0,local_sdf_library
CMPD_9CD590B607FE,Pectin.sdf,/structures/Pectin.sdf,sdf,exact_normalized_name,1.0,local_sdf_library
CMPD_1750A7A1F356,Pectolinarin.sdf,/structures/Pectolinarin.sdf,sdf,exact_normalized_name,1.0,local_sdf_library
CMPD_6F96F063D90D,Pelargonidin-3-rutinoside.sdf,/structures/Pelargonidin-3-rutinoside.sdf,sdf,exact_normalized_name,1.0,local_sdf_library
CMPD_443D3EE86241,Pelargonidin.sdf,/structures/Pelargonidin.sdf,sdf,exact_normalized_name,1.0,local_sdf_library
CMPD_BA5AAA9C931B,Pelargonidin_3-glucoside.sdf,/structures/Pelargonidin_3-glucoside.sdf,sdf,fuzzy_normalized_name,0.93,local_sdf_library
CMPD_9D2C6B88D92E,Pelargonidin_3-O-rutinoside.sdf,/structures/Pelargonidin_3-O-rutinoside.sdf,sdf,exact_normalized_name,1.0,local_sdf_library
CMPD_878C57D2E706,Pellitorin.sdf,/structures/Pellitorin.sdf,sdf,fuzzy_normalized_name,0.952,local_sdf_library
CMPD_878C57D2E706,Pellitorine.sdf,/structures/Pellitorine.sdf,sdf,exact_normalized_name,1.0,local_sdf_library
CMPD_33AE83196600,Peltatoside.sdf,/structures/Peltatoside.sdf,sdf,exact_normalized_name,1.0,local_sdf_library
CMPD_39A33F7629B6,penduletin.sdf,/structures/penduletin.sdf,sdf,exact_normalized_name,1.0,local_sdf_library
CMPD_DA61F1700B66,pentadec-1-ene.sdf,/structures/pentadec-1-ene.sdf,sdf,exact_normalized_name,1.0,local_sdf_library
CMPD_B27D827C3BCC,pentadecane.sdf,/structures/pentadecane.sdf,sdf,exact_normalized_name,1.0,local_sdf_library
CMPD_0E68C07E234A,Pentadecanoic_acid.sdf,/structures/Pentadecanoic_acid.sdf,sdf,exact_normalized_name,1.0,local_sdf_library
CMPD_D3F9D09C5EC2,pentanal.sdf,/structures/pentanal.sdf,sdf,exact_normalized_name,1.0,local_sdf_library
CMPD_2169C2CB0F6E,Pentosan.sdf,/structures/Pentosan.sdf,sdf,exact_normalized_name,1.0,local_sdf_library
CMPD_3AE8D6B6F1DB,Peramine.sdf,/structures/Peramine.sdf,sdf,exact_normalized_name,1.0,local_sdf_library
CMPD_7C04BC483303,Peregrine.sdf,/structures/Peregrine.sdf,sdf,exact_normalized_name,1.0,local_sdf_library
CMPD_E6F3034FACD3,Pergularine_A.sdf,/structures/Pergularine_A.sdf,sdf,exact_normalized_name,1.0,local_sdf_library
CMPD_0802A8B10C24,Pergularine_B.sdf,/structures/Pergularine_B.sdf,sdf,exact_normalized_name,1.0,local_sdf_library
CMPD_FDAC80EECD7C,Pergularol.sdf,/structures/Pergularol.sdf,sdf,exact_normalized_name,1.0,local_sdf_library
CMPD_ECAC5CA71FF3,Pergularoside.sdf,/structures/Pergularoside.sdf,sdf,exact_normalized_name,1.0,local_sdf_library
CMPD_57CA39441BB3,Perilla_alcohol.sdf,/structures/Perilla_alcohol.sdf,sdf,exact_normalized_name,1.0,local_sdf_library
CMPD_EFE24789AA56,perillal.sdf,/structures/perillal.sdf,sdf,exact_normalized_name,1.0,local_sdf_library
CMPD_00ED0262489C,Perillaldehyde.sdf,/structures/Perillaldehyde.sdf,sdf,exact_normalized_name,1.0,local_sdf_library
CMPD_57CA39441BB3,Perillyl_alcohol.sdf,/structures/Perillyl_alcohol.sdf,sdf,fuzzy_normalized_name,0.897,local_sdf_library
CMPD_3B406924E494,periplocadiol.sdf,/structures/periplocadiol.sdf,sdf,exact_normalized_name,1.0,local_sdf_library
CMPD_1B100BC9ED09,Persicogenin.sdf,/structures/Persicogenin.sdf,sdf,exact_normalized_name,1.0,local_sdf_library
CMPD_A2034E05E27A,Petroselic_acid.sdf,/structures/Petroselic_acid.sdf,sdf,fuzzy_normalized_name,0.933,local_sdf_library
CMPD_A2034E05E27A,petroselinic_acid.sdf,/structures/petroselinic_acid.sdf,sdf,exact_normalized_name,1.0,local_sdf_library
CMPD_9949E59C79EF,petunidin-3-O-glucoside.sdf,/structures/petunidin-3-O-glucoside.sdf,sdf,exact_normalized_name,1.0,local_sdf_library
CMPD_9949E59C79EF,Petunidin_3-O-glycoside.sdf,/structures/Petunidin_3-O-glycoside.sdf,sdf,fuzzy_normalized_name,0.95,local_sdf_library
CMPD_2DA2EF0CE04F,Petunidin_3-O-rutinoside.sdf,/structures/Petunidin_3-O-rutinoside.sdf,sdf,exact_normalized_name,1.0,local_sdf_library
CMPD_F8758D93D151,Phellandral.sdf,/structures/Phellandral.sdf,sdf,exact_normalized_name,1.0,local_sdf_library
CMPD_029C984EB798,Phellopterin.sdf,/structures/Phellopterin.sdf,sdf,exact_normalized_name,1.0,local_sdf_library
CMPD_D0651846D18C,Phenmetrazine.sdf,/structures/Phenmetrazine.sdf,sdf,exact_normalized_name,1.0,local_sdf_library
CMPD_5C900FBFA124,Phenobarbital.sdf,/structures/Phenobarbital.sdf,sdf,exact_normalized_name,1.0,local_sdf_library
CMPD_7735A92FEE09,phenol.sdf,/structures/phenol.sdf,sdf,exact_normalized_name,1.0,local_sdf_library
CMPD_8BBFCBEEBAE3,phenyl_ethyl_3-methyl_butanoate.sdf,/structures/phenyl_ethyl_3-methyl_butanoate.sdf,sdf,exact_normalized_name,1.0,local_sdf_library
CMPD_3B151212FEF0,Phenyl_ethyl_tiglate.sdf,/structures/Phenyl_ethyl_tiglate.sdf,sdf,exact_normalized_name,1.0,local_sdf_library
CMPD_A028481FDAE2,Phenylacetaldehyde.sdf,/structures/Phenylacetaldehyde.sdf,sdf,exact_normalized_name,1.0,local_sdf_library
CMPD_AFC97EA131FD,phenylacetic_acid.sdf,/structures/phenylacetic_acid.sdf,sdf,exact_normalized_name,1.0,local_sdf_library
CMPD_97BEE17D4FC6,phenylacetylscopine.sdf,/structures/phenylacetylscopine.sdf,sdf,exact_normalized_name,1.0,local_sdf_library
CMPD_C05D23BAE480,Phenylalanine.sdf,/structures/Phenylalanine.sdf,sdf,exact_normalized_name,1.0,local_sdf_library
CMPD_13C015FDD4F4,phenylcoumarin.sdf,/structures/phenylcoumarin.sdf,sdf,exact_normalized_name,1.0,local_sdf_library
CMPD_052B735F6ED4,pheophorbide_a.sdf,/structures/pheophorbide_a.sdf,sdf,exact_normalized_name,1.0,local_sdf_library
CMPD_30ACE69115EC,Pheophytin_a.sdf,/structures/Pheophytin_a.sdf,sdf,exact_normalized_name,1.0,local_sdf_library
CMPD_6AF5841185F8,phloretic_acid.sdf,/structures/phloretic_acid.sdf,sdf,exact_normalized_name,1.0,local_sdf_library
CMPD_360D4748CF10,Phloridzin.sdf,/structures/Phloridzin.sdf,sdf,fuzzy_normalized_name,0.947,local_sdf_library
CMPD_360D4748CF10,Phlorizin.sdf,/structures/Phlorizin.sdf,sdf,exact_normalized_name,1.0,local_sdf_library
CMPD_72F3C2AE328D,Phlorofucofuroeckol_A.sdf,/structures/Phlorofucofuroeckol_A.sdf,sdf,fuzzy_normalized_name,0.974,local_sdf_library
CMPD_2A5AC580E608,Phloroglucinol.sdf,/structures/Phloroglucinol.sdf,sdf,exact_normalized_name,1.0,local_sdf_library
CMPD_0D0E9E04EC9F,phtalic_acid.sdf,/structures/phtalic_acid.sdf,sdf,fuzzy_normalized_name,0.957,local_sdf_library
CMPD_0D0E9E04EC9F,Phthalic_acid.sdf,/structures/Phthalic_acid.sdf,sdf,exact_normalized_name,1.0,local_sdf_library
CMPD_3A1111B66D5D,phygrine.sdf,/structures/phygrine.sdf,sdf,exact_normalized_name,1.0,local_sdf_library
CMPD_5B6934CF6C30,phyllalbine.sdf,/structures/phyllalbine.sdf,sdf,exact_normalized_name,1.0,local_sdf_library
CMPD_152AE41407B9,Phyllocladane.sdf,/structures/Phyllocladane.sdf,sdf,exact_normalized_name,1.0,local_sdf_library
CMPD_E45DD44C3772,Phyllocladanol.sdf,/structures/Phyllocladanol.sdf,sdf,exact_normalized_name,1.0,local_sdf_library
CMPD_AF745BEB1CF4,Phylloquinone.sdf,/structures/Phylloquinone.sdf,sdf,exact_normalized_name,1.0,local_sdf_library
CMPD_0D74E752CD74,Physcion.sdf,/structures/Physcion.sdf,sdf,exact_normalized_name,1.0,local_sdf_library
CMPD_3A1582A32CD2,phytanic_acid.sdf,/structures/phytanic_acid.sdf,sdf,exact_normalized_name,1.0,local_sdf_library
CMPD_459B604B8193,Phytol.sdf,/structures/Phytol.sdf,sdf,exact_normalized_name,1.0,local_sdf_library
CMPD_01B71313B5C8,phytol_acetate.sdf,/structures/phytol_acetate.sdf,sdf,exact_normalized_name,1.0,local_sdf_library
CMPD_14FFD3F620C5,Picein.sdf,/structures/Picein.sdf,sdf,exact_normalized_name,1.0,local_sdf_library
CMPD_3322AEBD2FF2,pimpinellin.sdf,/structures/pimpinellin.sdf,sdf,exact_normalized_name,1.0,local_sdf_library
CMPD_D7A426BEBB62,Pinellic_acid.sdf,/structures/Pinellic_acid.sdf,sdf,exact_normalized_name,1.0,local_sdf_library
CMPD_F8AA968649EC,Pinitol.sdf,/structures/Pinitol.sdf,sdf,fuzzy_normalized_name,0.933,local_sdf_library
CMPD_431E3CE768B0,pinocarveol.sdf,/structures/pinocarveol.sdf,sdf,exact_normalized_name,1.0,local_sdf_library
CMPD_A76D5AF84354,pinocarvone.sdf,/structures/pinocarvone.sdf,sdf,exact_normalized_name,1.0,local_sdf_library
CMPD_A5D0DC76ED45,Pinocembrin.sdf,/structures/Pinocembrin.sdf,sdf,exact_normalized_name,1.0,local_sdf_library
CMPD_3E39EAF7022D,Pinoresinol-4-O-beta-D-glucopyranoside.sdf,/structures/Pinoresinol-4-O-beta-D-glucopyranoside.sdf,sdf,exact_normalized_name,1.0,local_sdf_library
CMPD_3E39EAF7022D,Pinoresinol-4-O-β-D-glucopyranoside.sdf,/structures/Pinoresinol-4-O-β-D-glucopyranoside.sdf,sdf,exact_normalized_name,1.0,local_sdf_library
CMPD_BE2E7F226F4A,Pinoresinol.sdf,/structures/Pinoresinol.sdf,sdf,exact_normalized_name,1.0,local_sdf_library
CMPD_C2755935336B,piperine.sdf,/structures/piperine.sdf,sdf,exact_normalized_name,1.0,local_sdf_library
CMPD_D56754743391,piperitenone.sdf,/structures/piperitenone.sdf,sdf,exact_normalized_name,1.0,local_sdf_library
CMPD_53E45E45A250,piperitenone_oxide.sdf,/structures/piperitenone_oxide.sdf,sdf,exact_normalized_name,1.0,local_sdf_library
CMPD_B5F82D0D0940,Piperitone.sdf,/structures/Piperitone.sdf,sdf,exact_normalized_name,1.0,local_sdf_library
CMPD_83A31A2998F9,piperitone_oxide.sdf,/structures/piperitone_oxide.sdf,sdf,fuzzy_normalized_name,0.968,local_sdf_library
CMPD_695D10FCA760,piscidic_acid.sdf,/structures/piscidic_acid.sdf,sdf,exact_normalized_name,1.0,local_sdf_library
CMPD_1EB350E45FEC,Pituranthosin_C.sdf,/structures/Pituranthosin_C.sdf,sdf,fuzzy_normalized_name,0.929,local_sdf_library
CMPD_7C2402E348C3,plantagonine.sdf,/structures/plantagonine.sdf,sdf,exact_normalized_name,1.0,local_sdf_library
CMPD_D9A09E3FFF2C,Plantainoside_C.sdf,/structures/Plantainoside_C.sdf,sdf,exact_normalized_name,1.0,local_sdf_library
CMPD_4B98B60E0706,Pleiocarpamine.sdf,/structures/Pleiocarpamine.sdf,sdf,exact_normalized_name,1.0,local_sdf_library
CMPD_41445F843037,Plicatin_B.sdf,/structures/Plicatin_B.sdf,sdf,exact_normalized_name,1.0,local_sdf_library
CMPD_5EA08C8483EF,Pluchoic_acid.sdf,/structures/Pluchoic_acid.sdf,sdf,exact_normalized_name,1.0,local_sdf_library
CMPD_89A6F5A01F0F,podophyllotoxin-β-D-glucoside.sdf,/structures/podophyllotoxin-β-D-glucoside.sdf,sdf,fuzzy_normalized_name,0.926,local_sdf_library
CMPD_3D04D9B5CB6D,podophyllotoxin.sdf,/structures/podophyllotoxin.sdf,sdf,exact_normalized_name,1.0,local_sdf_library
CMPD_623AA3F9F733,polydatin.sdf,/structures/polydatin.sdf,sdf,exact_normalized_name,1.0,local_sdf_library
CMPD_983771437610,polygodial.sdf,/structures/polygodial.sdf,sdf,exact_normalized_name,1.0,local_sdf_library
CMPD_BC9981FCD8A8,pomonic_acid.sdf,/structures/pomonic_acid.sdf,sdf,exact_normalized_name,1.0,local_sdf_library
CMPD_1C3899D773AB,Ponasterone_A.sdf,/structures/Ponasterone_A.sdf,sdf,exact_normalized_name,1.0,local_sdf_library
CMPD_033FAD137A57,pongaglabol.sdf,/structures/pongaglabol.sdf,sdf,exact_normalized_name,1.0,local_sdf_library
CMPD_B18EA17E4E9F,populnin.sdf,/structures/populnin.sdf,sdf,exact_normalized_name,1.0,local_sdf_library
CMPD_B54E5923B20C,Powelline.sdf,/structures/Powelline.sdf,sdf,exact_normalized_name,1.0,local_sdf_library
CMPD_5349BA18CE21,Prenyletin.sdf,/structures/Prenyletin.sdf,sdf,exact_normalized_name,1.0,local_sdf_library
CMPD_36F92EAEF118,Preussilide_A.sdf,/structures/Preussilide_A.sdf,sdf,exact_normalized_name,1.0,local_sdf_library
CMPD_973BC6872B7A,Preussilide_B.sdf,/structures/Preussilide_B.sdf,sdf,fuzzy_normalized_name,0.96,local_sdf_library
CMPD_CD3294B77378,Preussilide_C.sdf,/structures/Preussilide_C.sdf,sdf,fuzzy_normalized_name,0.96,local_sdf_library
CMPD_0F83A26FD3D6,Preussilide_D.sdf,/structures/Preussilide_D.sdf,sdf,fuzzy_normalized_name,0.96,local_sdf_library
CMPD_317A2B504F62,Preussilide_F.sdf,/structures/Preussilide_F.sdf,sdf,fuzzy_normalized_name,0.96,local_sdf_library
CMPD_16128C62AF10,pristimerin.sdf,/structures/pristimerin.sdf,sdf,exact_normalized_name,1.0,local_sdf_library
CMPD_A50D1DC825A4,proanthocyanidin.sdf,/structures/proanthocyanidin.sdf,sdf,exact_normalized_name,1.0,local_sdf_library
CMPD_A50D1DC825A4,Proanthocyanidin_A1.sdf,/structures/Proanthocyanidin_A1.sdf,sdf,fuzzy_normalized_name,0.941,local_sdf_library
CMPD_C097638F92DE,procatechuic_acid.sdf,/structures/procatechuic_acid.sdf,sdf,exact_normalized_name,1.0,local_sdf_library
CMPD_10AF9168146F,Procyanidin.sdf,/structures/Procyanidin.sdf,sdf,exact_normalized_name,1.0,local_sdf_library
CMPD_E98E4BF69859,Procyanidin_B2.sdf,/structures/Procyanidin_B2.sdf,sdf,exact_normalized_name,1.0,local_sdf_library
CMPD_5A2B94B1859B,procyanidin_B3.sdf,/structures/procyanidin_B3.sdf,sdf,exact_normalized_name,1.0,local_sdf_library
CMPD_5D62D5A199A0,Prodelphinidin_B3.sdf,/structures/Prodelphinidin_B3.sdf,sdf,fuzzy_normalized_name,0.938,local_sdf_library
CMPD_164532AEEB7E,proflavine.sdf,/structures/proflavine.sdf,sdf,exact_normalized_name,1.0,local_sdf_library
CMPD_1B75F1A8FF3B,Propanedioic_acid.sdf,/structures/Propanedioic_acid.sdf,sdf,exact_normalized_name,1.0,local_sdf_library
CMPD_7E01C68DA843,Propiolic_acid.sdf,/structures/Propiolic_acid.sdf,sdf,fuzzy_normalized_name,0.963,local_sdf_library
CMPD_C1D414F99A8C,Propionamide.sdf,/structures/Propionamide.sdf,sdf,exact_normalized_name,1.0,local_sdf_library
CMPD_2332AE92291D,Propolin_C.sdf,/structures/Propolin_C.sdf,sdf,exact_normalized_name,1.0,local_sdf_library
CMPD_FA668FCAF8E0,Proscillaridin_A.sdf,/structures/Proscillaridin_A.sdf,sdf,exact_normalized_name,1.0,local_sdf_library
CMPD_6B2280D87550,Protoanemonin.sdf,/structures/Protoanemonin.sdf,sdf,exact_normalized_name,1.0,local_sdf_library
CMPD_2C14FF13ECB6,Protocatechuic_acid.sdf,/structures/Protocatechuic_acid.sdf,sdf,exact_normalized_name,1.0,local_sdf_library
CMPD_A04D12C1F55E,protocatechuic_acid_3-glucoside.sdf,/structures/protocatechuic_acid_3-glucoside.sdf,sdf,exact_normalized_name,1.0,local_sdf_library
CMPD_A04D12C1F55E,Protocatechuic_acid_3-O-glucoside.sdf,/structures/Protocatechuic_acid_3-O-glucoside.sdf,sdf,fuzzy_normalized_name,0.982,local_sdf_library
CMPD_367F8225D415,Protocatechuic_aldehyde.sdf,/structures/Protocatechuic_aldehyde.sdf,sdf,exact_normalized_name,1.0,local_sdf_library
CMPD_7D5E529737E8,protopine.sdf,/structures/protopine.sdf,sdf,exact_normalized_name,1.0,local_sdf_library
CMPD_7F3F3056E018,provitamin_D.sdf,/structures/provitamin_D.sdf,sdf,exact_normalized_name,1.0,local_sdf_library
CMPD_5A7E21327A32,prunasin.sdf,/structures/prunasin.sdf,sdf,exact_normalized_name,1.0,local_sdf_library
CMPD_152E43B6B216,Prussic_acid.sdf,/structures/Prussic_acid.sdf,sdf,exact_normalized_name,1.0,local_sdf_library
CMPD_F20CD6FCAD97,pseudo-limonene.sdf,/structures/pseudo-limonene.sdf,sdf,exact_normalized_name,1.0,local_sdf_library
CMPD_DDE7B422CE88,Pseudobaptisin.sdf,/structures/Pseudobaptisin.sdf,sdf,exact_normalized_name,1.0,local_sdf_library
CMPD_13EC12FD3129,Pseudocolumbamine.sdf,/structures/Pseudocolumbamine.sdf,sdf,exact_normalized_name,1.0,local_sdf_library
CMPD_CF400A407F5D,Pseudoephedrine.sdf,/structures/Pseudoephedrine.sdf,sdf,exact_normalized_name,1.0,local_sdf_library
CMPD_ACBA1CB8DAE0,Pseudojervine.sdf,/structures/Pseudojervine.sdf,sdf,exact_normalized_name,1.0,local_sdf_library
CMPD_A23AFDEDC618,pseudotaraxasterol.sdf,/structures/pseudotaraxasterol.sdf,sdf,exact_normalized_name,1.0,local_sdf_library
CMPD_D9C3D8889ED5,Pseurotin_A.sdf,/structures/Pseurotin_A.sdf,sdf,exact_normalized_name,1.0,local_sdf_library
CMPD_F84D71816664,Pseurotin_D.sdf,/structures/Pseurotin_D.sdf,sdf,exact_normalized_name,1.0,local_sdf_library
CMPD_CE5C88CD72E0,Psiadin.sdf,/structures/Psiadin.sdf,sdf,exact_normalized_name,1.0,local_sdf_library
CMPD_099613E7D05A,Psoralen.sdf,/structures/Psoralen.sdf,sdf,exact_normalized_name,1.0,local_sdf_library
CMPD_91B6A3711CE1,pterin-6-carboxylic_acid.sdf,/structures/pterin-6-carboxylic_acid.sdf,sdf,exact_normalized_name,1.0,local_sdf_library
CMPD_0DE5F5CBDDB6,pterogynidine.sdf,/structures/pterogynidine.sdf,sdf,exact_normalized_name,1.0,local_sdf_library
CMPD_0AAFF5AD748A,pterogynine.sdf,/structures/pterogynine.sdf,sdf,exact_normalized_name,1.0,local_sdf_library
CMPD_ABE409903090,Pterosin_A.sdf,/structures/Pterosin_A.sdf,sdf,exact_normalized_name,1.0,local_sdf_library
CMPD_449BC09C9CE7,pulegone.sdf,/structures/pulegone.sdf,sdf,exact_normalized_name,1.0,local_sdf_library
CMPD_A4D4522E9650,Pulicazine.sdf,/structures/Pulicazine.sdf,sdf,exact_normalized_name,1.0,local_sdf_library
CMPD_A2FA04D13303,Pulmatin.sdf,/structures/Pulmatin.sdf,sdf,exact_normalized_name,1.0,local_sdf_library
CMPD_3917B0A799D5,pulverulentoside_I.sdf,/structures/pulverulentoside_I.sdf,sdf,exact_normalized_name,1.0,local_sdf_library
CMPD_23A63310B8E9,pyridine.sdf,/structures/pyridine.sdf,sdf,exact_normalized_name,1.0,local_sdf_library
CMPD_2F6F71957B1B,Pyridoxine.sdf,/structures/Pyridoxine.sdf,sdf,exact_normalized_name,1.0,local_sdf_library
CMPD_079CB5D0D511,Pyrimidin-2-ol.sdf,/structures/Pyrimidin-2-ol.sdf,sdf,exact_normalized_name,1.0,local_sdf_library
CMPD_8D829D11285C,pyrocatechol.sdf,/structures/pyrocatechol.sdf,sdf,exact_normalized_name,1.0,local_sdf_library
CMPD_7C459A3894D3,Pyrogallol-2-O-glucuronide.sdf,/structures/Pyrogallol-2-O-glucuronide.sdf,sdf,exact_normalized_name,1.0,local_sdf_library
CMPD_306EDC892EBF,Pyrogallol.sdf,/structures/Pyrogallol.sdf,sdf,exact_normalized_name,1.0,local_sdf_library
CMPD_6E54B584FCEA,Pyroglutamic_acid.sdf,/structures/Pyroglutamic_acid.sdf,sdf,exact_normalized_name,1.0,local_sdf_library
CMPD_7D3F636B1D7A,Pyrrolizidine.sdf,/structures/Pyrrolizidine.sdf,sdf,exact_normalized_name,1.0,local_sdf_library
CMPD_73CBDA693D9F,Pyrrolizin-1_7-dione-6-carboxylic_acid.sdf,/structures/Pyrrolizin-1_7-dione-6-carboxylic_acid.sdf,sdf,exact_normalized_name,1.0,local_sdf_library
CMPD_09F5B5E4C3D4,Pyruvic_acid.sdf,/structures/Pyruvic_acid.sdf,sdf,exact_normalized_name,1.0,local_sdf_library
CMPD_0FAC9AB2C25F,quercelin.sdf,/structures/quercelin.sdf,sdf,exact_normalized_name,1.0,local_sdf_library
CMPD_ADAE8136FD62,quercetagetin_3_-methyl_ether.sdf,/structures/quercetagetin_3_-methyl_ether.sdf,sdf,exact_normalized_name,1.0,local_sdf_library
CMPD_28268E9386CF,quercetin-3-galactoside.sdf,/structures/quercetin-3-galactoside.sdf,sdf,fuzzy_normalized_name,0.977,local_sdf_library
CMPD_750F4323DBD0,Quercetin-3-glucoside.sdf,/structures/Quercetin-3-glucoside.sdf,sdf,fuzzy_normalized_name,0.973,local_sdf_library
CMPD_8290186D8D94,quercetin-3-O-alpha-L-rhamnopyranoside.sdf,/structures/quercetin-3-O-alpha-L-rhamnopyranoside.sdf,sdf,exact_normalized_name,1.0,local_sdf_library
CMPD_4CEC7D3438C9,quercetin-3-O-arabinoside.sdf,/structures/quercetin-3-O-arabinoside.sdf,sdf,fuzzy_normalized_name,0.955,local_sdf_library
CMPD_1A087DD29CA3,quercetin-3-O-beta-D-galactoside.sdf,/structures/quercetin-3-O-beta-D-galactoside.sdf,sdf,fuzzy_normalized_name,0.981,local_sdf_library
CMPD_B12288D0B111,Quercetin-3-O-beta-D-glucopyranoside.sdf,/structures/Quercetin-3-O-beta-D-glucopyranoside.sdf,sdf,exact_normalized_name,1.0,local_sdf_library
CMPD_19F4847E5675,quercetin-3-O-beta-D-glucoside.sdf,/structures/quercetin-3-O-beta-D-glucoside.sdf,sdf,exact_normalized_name,1.0,local_sdf_library
CMPD_61A0BCFE41AA,quercetin-3-O-beta-D-glucuronide.sdf,/structures/quercetin-3-O-beta-D-glucuronide.sdf,sdf,exact_normalized_name,1.0,local_sdf_library
CMPD_1A087DD29CA3,Quercetin-3-O-beta-galactoside.sdf,/structures/Quercetin-3-O-beta-galactoside.sdf,sdf,exact_normalized_name,1.0,local_sdf_library
CMPD_6113356B601C,Quercetin-3-O-beta-glucoside.sdf,/structures/Quercetin-3-O-beta-glucoside.sdf,sdf,exact_normalized_name,1.0,local_sdf_library
CMPD_4A33D30C2496,quercetin-3-O-galactopyranoside.sdf,/structures/quercetin-3-O-galactopyranoside.sdf,sdf,exact_normalized_name,1.0,local_sdf_library
CMPD_28268E9386CF,Quercetin-3-O-galactoside.sdf,/structures/Quercetin-3-O-galactoside.sdf,sdf,exact_normalized_name,1.0,local_sdf_library
CMPD_A495AD7774C4,quercetin-3-O-glucopyranoside.sdf,/structures/quercetin-3-O-glucopyranoside.sdf,sdf,fuzzy_normalized_name,0.981,local_sdf_library
CMPD_2F3D82FC3354,Quercetin-3-O-glucoside.sdf,/structures/Quercetin-3-O-glucoside.sdf,sdf,fuzzy_normalized_name,0.976,local_sdf_library
CMPD_1F6732B7CA0B,Quercetin-3-O-glucosyl-xyloside.sdf,/structures/Quercetin-3-O-glucosyl-xyloside.sdf,sdf,exact_normalized_name,1.0,local_sdf_library
CMPD_2A844DBC068E,Quercetin-3-O-glucuronide.sdf,/structures/Quercetin-3-O-glucuronide.sdf,sdf,fuzzy_normalized_name,0.978,local_sdf_library
CMPD_2B111B3922B8,Quercetin-3-O-neohesperidoside.sdf,/structures/Quercetin-3-O-neohesperidoside.sdf,sdf,exact_normalized_name,1.0,local_sdf_library
CMPD_919BB5BA6C47,Quercetin-3-O-rhamnoside.sdf,/structures/Quercetin-3-O-rhamnoside.sdf,sdf,fuzzy_normalized_name,0.952,local_sdf_library
CMPD_60AC43ACC0A6,Quercetin-3-O-rhamnosyl-galactoside.sdf,/structures/Quercetin-3-O-rhamnosyl-galactoside.sdf,sdf,exact_normalized_name,1.0,local_sdf_library
CMPD_47D5FAA24BA6,Quercetin-3-O-robinobioside.sdf,/structures/Quercetin-3-O-robinobioside.sdf,sdf,exact_normalized_name,1.0,local_sdf_library
CMPD_0EF2FBF9D116,quercetin-3-O-rutinoside.sdf,/structures/quercetin-3-O-rutinoside.sdf,sdf,exact_normalized_name,1.0,local_sdf_library
CMPD_B12288D0B111,Quercetin-3-O-β-D-glucopyranoside.sdf,/structures/Quercetin-3-O-β-D-glucopyranoside.sdf,sdf,exact_normalized_name,1.0,local_sdf_library
CMPD_19F4847E5675,Quercetin-3-O-β-D-glucoside.sdf,/structures/Quercetin-3-O-β-D-glucoside.sdf,sdf,exact_normalized_name,1.0,local_sdf_library
CMPD_0C522E5846D1,Quercetin-3-O-β-glucopyranoside.sdf,/structures/Quercetin-3-O-β-glucopyranoside.sdf,sdf,exact_normalized_name,1.0,local_sdf_library
CMPD_0667AB972380,quercetin-3-sophoroside.sdf,/structures/quercetin-3-sophoroside.sdf,sdf,exact_normalized_name,1.0,local_sdf_library
CMPD_750F4323DBD0,Quercetin-7-glucoside.sdf,/structures/Quercetin-7-glucoside.sdf,sdf,fuzzy_normalized_name,0.973,local_sdf_library
CMPD_919BB5BA6C47,quercetin-7-O-rhamnoside.sdf,/structures/quercetin-7-O-rhamnoside.sdf,sdf,exact_normalized_name,1.0,local_sdf_library
CMPD_4CEC7D3438C9,quercetin-arabinoside.sdf,/structures/quercetin-arabinoside.sdf,sdf,fuzzy_normalized_name,0.905,local_sdf_library
CMPD_750F4323DBD0,quercetin-glucoside.sdf,/structures/quercetin-glucoside.sdf,sdf,exact_normalized_name,1.0,local_sdf_library
CMPD_CA84C4E14299,quercetin-glucuronide.sdf,/structures/quercetin-glucuronide.sdf,sdf,exact_normalized_name,1.0,local_sdf_library
CMPD_DEC5C253BBBB,Quercetin.sdf,/structures/Quercetin.sdf,sdf,exact_normalized_name,1.0,local_sdf_library
CMPD_6387EF44119E,Quercetin_3-glucoside-7_3__4_-trimethyl_ether.sdf,/structures/Quercetin_3-glucoside-7_3__4_-trimethyl_ether.sdf,sdf,fuzzy_normalized_name,0.986,local_sdf_library
CMPD_FDE604ADEE42,Quercetin_3-O-_6__-O-galloyl_-beta-D-glucopyranoside.sdf,/structures/Quercetin_3-O-_6__-O-galloyl_-beta-D-glucopyranoside.sdf,sdf,exact_normalized_name,1.0,local_sdf_library
CMPD_F257D4D11EBB,quercetin_3-O-alpha-arabinopyranoside.sdf,/structures/quercetin_3-O-alpha-arabinopyranoside.sdf,sdf,fuzzy_normalized_name,0.925,local_sdf_library
CMPD_0EED656D9E1A,quercetin_3-O-arabinopyranoside.sdf,/structures/quercetin_3-O-arabinopyranoside.sdf,sdf,exact_normalized_name,1.0,local_sdf_library
CMPD_4CEC7D3438C9,Quercetin_3-O-arabinoside.sdf,/structures/Quercetin_3-O-arabinoside.sdf,sdf,fuzzy_normalized_name,0.955,local_sdf_library
CMPD_DAB8F548C4A7,quercetin_3-O-beta-D-galactopyranoside.sdf,/structures/quercetin_3-O-beta-D-galactopyranoside.sdf,sdf,exact_normalized_name,1.0,local_sdf_library
CMPD_19F4847E5675,quercetin_3-O-beta-D-glucoside.sdf,/structures/quercetin_3-O-beta-D-glucoside.sdf,sdf,exact_normalized_name,1.0,local_sdf_library
CMPD_61A0BCFE41AA,quercetin_3-O-beta-D-glucuronide.sdf,/structures/quercetin_3-O-beta-D-glucuronide.sdf,sdf,exact_normalized_name,1.0,local_sdf_library
CMPD_47D5FAA24BA6,quercetin_3-O-beta-D-robinobioside.sdf,/structures/quercetin_3-O-beta-D-robinobioside.sdf,sdf,fuzzy_normalized_name,0.906,local_sdf_library
CMPD_0C522E5846D1,quercetin_3-O-beta-glucopyranoside.sdf,/structures/quercetin_3-O-beta-glucopyranoside.sdf,sdf,exact_normalized_name,1.0,local_sdf_library
CMPD_28268E9386CF,quercetin_3-O-galactoside.sdf,/structures/quercetin_3-O-galactoside.sdf,sdf,exact_normalized_name,1.0,local_sdf_library
CMPD_C62DD3E04CF2,Quercetin_3-O-gentiobioside.sdf,/structures/Quercetin_3-O-gentiobioside.sdf,sdf,fuzzy_normalized_name,0.98,local_sdf_library
CMPD_A495AD7774C4,quercetin_3-O-glucopyranoside.sdf,/structures/quercetin_3-O-glucopyranoside.sdf,sdf,fuzzy_normalized_name,0.981,local_sdf_library
CMPD_2F3D82FC3354,Quercetin_3-O-glucoside.sdf,/structures/Quercetin_3-O-glucoside.sdf,sdf,fuzzy_normalized_name,0.976,local_sdf_library
CMPD_2A844DBC068E,Quercetin_3-O-glucuronide.sdf,/structures/Quercetin_3-O-glucuronide.sdf,sdf,fuzzy_normalized_name,0.978,local_sdf_library
CMPD_6E05C0582158,Quercetin_3-O-hexoside.sdf,/structures/Quercetin_3-O-hexoside.sdf,sdf,fuzzy_normalized_name,0.973,local_sdf_library
CMPD_4E973119CD2C,quercetin_3-O-methyl_ether.sdf,/structures/quercetin_3-O-methyl_ether.sdf,sdf,exact_normalized_name,1.0,local_sdf_library
CMPD_DA21ECDC2021,quercetin_3-O-rhamnopyranoside.sdf,/structures/quercetin_3-O-rhamnopyranoside.sdf,sdf,exact_normalized_name,1.0,local_sdf_library
CMPD_919BB5BA6C47,Quercetin_3-O-rhamnoside.sdf,/structures/Quercetin_3-O-rhamnoside.sdf,sdf,fuzzy_normalized_name,0.952,local_sdf_library
CMPD_0EF2FBF9D116,Quercetin_3-O-rutinoside.sdf,/structures/Quercetin_3-O-rutinoside.sdf,sdf,exact_normalized_name,1.0,local_sdf_library
CMPD_0667AB972380,Quercetin_3-O-sophoroside.sdf,/structures/Quercetin_3-O-sophoroside.sdf,sdf,fuzzy_normalized_name,0.977,local_sdf_library
CMPD_1A087DD29CA3,Quercetin_3-O-β-D-galactoside.sdf,/structures/Quercetin_3-O-β-D-galactoside.sdf,sdf,fuzzy_normalized_name,0.981,local_sdf_library
CMPD_19F4847E5675,quercetin_3-O-β-D-glucoside.sdf,/structures/quercetin_3-O-β-D-glucoside.sdf,sdf,exact_normalized_name,1.0,local_sdf_library
CMPD_24950F493431,Quercetin_3-rhamnoside_7-glucoside.sdf,/structures/Quercetin_3-rhamnoside_7-glucoside.sdf,sdf,exact_normalized_name,1.0,local_sdf_library
CMPD_0EF2FBF9D116,quercetin_3-rutinoside.sdf,/structures/quercetin_3-rutinoside.sdf,sdf,fuzzy_normalized_name,0.976,local_sdf_library
CMPD_1A087DD29CA3,Quercetin_3_-O-beta-D-galactoside.sdf,/structures/Quercetin_3_-O-beta-D-galactoside.sdf,sdf,fuzzy_normalized_name,0.981,local_sdf_library
CMPD_0EF2FBF9D116,quercetin_3_rutinoside.sdf,/structures/quercetin_3_rutinoside.sdf,sdf,fuzzy_normalized_name,0.976,local_sdf_library
CMPD_0C522E5846D1,quercetin_4-O-beta-glucopyranoside.sdf,/structures/quercetin_4-O-beta-glucopyranoside.sdf,sdf,fuzzy_normalized_name,0.967,local_sdf_library
CMPD_BDC66780F8CE,Quercetin_7-O-beta-glucoside.sdf,/structures/Quercetin_7-O-beta-glucoside.sdf,sdf,exact_normalized_name,1.0,local_sdf_library
CMPD_750F4323DBD0,quercetin_glucoside.sdf,/structures/quercetin_glucoside.sdf,sdf,exact_normalized_name,1.0,local_sdf_library
CMPD_3CFF721DCB84,quercetol.sdf,/structures/quercetol.sdf,sdf,exact_normalized_name,1.0,local_sdf_library
CMPD_2E9216F86B25,quercetrin.sdf,/structures/quercetrin.sdf,sdf,exact_normalized_name,1.0,local_sdf_library
CMPD_E0B8F1BEC10A,quercimeritrin.sdf,/structures/quercimeritrin.sdf,sdf,exact_normalized_name,1.0,local_sdf_library
CMPD_261807A0AF19,quercitin.sdf,/structures/quercitin.sdf,sdf,exact_normalized_name,1.0,local_sdf_library
CMPD_261807A0AF19,Quercitrin.sdf,/structures/Quercitrin.sdf,sdf,fuzzy_normalized_name,0.947,local_sdf_library
CMPD_DEC5C253BBBB,querycetin.sdf,/structures/querycetin.sdf,sdf,fuzzy_normalized_name,0.947,local_sdf_library
CMPD_1A5A9969560F,Quinic_acid.sdf,/structures/Quinic_acid.sdf,sdf,fuzzy_normalized_name,0.952,local_sdf_library
CMPD_9CD82DBA272B,Quinolizidine.sdf,/structures/Quinolizidine.sdf,sdf,exact_normalized_name,1.0,local_sdf_library
CMPD_8296ADBC398E,Ranthenone_glucoside.sdf,/structures/Ranthenone_glucoside.sdf,sdf,exact_normalized_name,1.0,local_sdf_library
CMPD_6F2DA738261C,Regaloside_A.sdf,/structures/Regaloside_A.sdf,sdf,exact_normalized_name,1.0,local_sdf_library
CMPD_F967406BC7E2,Repin.sdf,/structures/Repin.sdf,sdf,exact_normalized_name,1.0,local_sdf_library
CMPD_273D01F8DEA9,Resin.sdf,/structures/Resin.sdf,sdf,exact_normalized_name,1.0,local_sdf_library
CMPD_9382DA7D06DD,resorcinol.sdf,/structures/resorcinol.sdf,sdf,exact_normalized_name,1.0,local_sdf_library
CMPD_72537022708B,Resveratrol.sdf,/structures/Resveratrol.sdf,sdf,exact_normalized_name,1.0,local_sdf_library
CMPD_D0D317160979,retamine.sdf,/structures/retamine.sdf,sdf,exact_normalized_name,1.0,local_sdf_library
CMPD_6872F91C7BFD,retene.sdf,/structures/retene.sdf,sdf,exact_normalized_name,1.0,local_sdf_library
CMPD_DC20AE496A61,reticuline.sdf,/structures/reticuline.sdf,sdf,exact_normalized_name,1.0,local_sdf_library
CMPD_7FDC58B341A1,reynosin.sdf,/structures/reynosin.sdf,sdf,exact_normalized_name,1.0,local_sdf_library
CMPD_27B818B285A6,rhamnazin.sdf,/structures/rhamnazin.sdf,sdf,exact_normalized_name,1.0,local_sdf_library
CMPD_C2096F053416,Rhamnetin_3-O-glucoside.sdf,/structures/Rhamnetin_3-O-glucoside.sdf,sdf,fuzzy_normalized_name,0.974,local_sdf_library
CMPD_197A7ED2365D,Rhamnoarabinogalactan.sdf,/structures/Rhamnoarabinogalactan.sdf,sdf,fuzzy_normalized_name,0.976,local_sdf_library
CMPD_FD032F4C80DB,Rhamnocitrin_3-O-glucoside.sdf,/structures/Rhamnocitrin_3-O-glucoside.sdf,sdf,exact_normalized_name,1.0,local_sdf_library
CMPD_009814501ACC,Rhamnose.sdf,/structures/Rhamnose.sdf,sdf,exact_normalized_name,1.0,local_sdf_library
CMPD_9217B61FC18F,Rhein.sdf,/structures/Rhein.sdf,sdf,exact_normalized_name,1.0,local_sdf_library
CMPD_C3FA79F62F54,rho-cadinol.sdf,/structures/rho-cadinol.sdf,sdf,exact_normalized_name,1.0,local_sdf_library
CMPD_AEC9CF8AC371,rhodoxanthin.sdf,/structures/rhodoxanthin.sdf,sdf,exact_normalized_name,1.0,local_sdf_library
CMPD_116EEA853072,rhoeadine.sdf,/structures/rhoeadine.sdf,sdf,exact_normalized_name,1.0,local_sdf_library
CMPD_60CB683753AF,rhoeagenine.sdf,/structures/rhoeagenine.sdf,sdf,exact_normalized_name,1.0,local_sdf_library
CMPD_4044C9CEBA6D,Rhoifolin.sdf,/structures/Rhoifolin.sdf,sdf,exact_normalized_name,1.0,local_sdf_library
CMPD_F21CBEC0AFDC,Rhombifoline.sdf,/structures/Rhombifoline.sdf,sdf,exact_normalized_name,1.0,local_sdf_library
CMPD_586F3B3DE0F3,riboflavin.sdf,/structures/riboflavin.sdf,sdf,exact_normalized_name,1.0,local_sdf_library
CMPD_B28BE7B56F96,ricinoleic_acid.sdf,/structures/ricinoleic_acid.sdf,sdf,exact_normalized_name,1.0,local_sdf_library
CMPD_F9A607A17E1F,Rinderine.sdf,/structures/Rinderine.sdf,sdf,exact_normalized_name,1.0,local_sdf_library
CMPD_A4CB7A2FCA12,robinetin.sdf,/structures/robinetin.sdf,sdf,exact_normalized_name,1.0,local_sdf_library
CMPD_6B089109661E,Roburin_A.sdf,/structures/Roburin_A.sdf,sdf,fuzzy_normalized_name,0.941,local_sdf_library
CMPD_4D552203EFD8,Roburin_C.sdf,/structures/Roburin_C.sdf,sdf,fuzzy_normalized_name,0.941,local_sdf_library
CMPD_0066C3AC0318,Roburin_D.sdf,/structures/Roburin_D.sdf,sdf,fuzzy_normalized_name,0.941,local_sdf_library
CMPD_88FE17F5A22D,Roburin_E.sdf,/structures/Roburin_E.sdf,sdf,fuzzy_normalized_name,0.941,local_sdf_library
CMPD_606AC317B969,roccellic_acid.sdf,/structures/roccellic_acid.sdf,sdf,exact_normalized_name,1.0,local_sdf_library
CMPD_8E58CCDA66A3,roemerine.sdf,/structures/roemerine.sdf,sdf,exact_normalized_name,1.0,local_sdf_library
CMPD_89C2BE12CF11,rosifoliol.sdf,/structures/rosifoliol.sdf,sdf,exact_normalized_name,1.0,local_sdf_library
CMPD_F390C155BA69,Rosin.sdf,/structures/Rosin.sdf,sdf,exact_normalized_name,1.0,local_sdf_library
CMPD_6FA47D6B9413,Rosmanol.sdf,/structures/Rosmanol.sdf,sdf,exact_normalized_name,1.0,local_sdf_library
CMPD_B8D1D3BB7A9E,Rosmarinic_acid.sdf,/structures/Rosmarinic_acid.sdf,sdf,exact_normalized_name,1.0,local_sdf_library
CMPD_D11B90DF1CC6,Rosmarinic_acid_3-glucoside.sdf,/structures/Rosmarinic_acid_3-glucoside.sdf,sdf,exact_normalized_name,1.0,local_sdf_library
CMPD_D11B90DF1CC6,rosmarinic_acid_glucoside.sdf,/structures/rosmarinic_acid_glucoside.sdf,sdf,fuzzy_normalized_name,0.979,local_sdf_library
CMPD_D7973B885B46,rotenolone.sdf,/structures/rotenolone.sdf,sdf,exact_normalized_name,1.0,local_sdf_library
CMPD_2CC46EBE40F8,rotenone.sdf,/structures/rotenone.sdf,sdf,exact_normalized_name,1.0,local_sdf_library
CMPD_3B3796126638,Royleanone.sdf,/structures/Royleanone.sdf,sdf,exact_normalized_name,1.0,local_sdf_library
CMPD_1164C96A6465,Rubanthrone_A.sdf,/structures/Rubanthrone_A.sdf,sdf,exact_normalized_name,1.0,local_sdf_library
CMPD_F0BEF61B42A0,rubifolic_acid.sdf,/structures/rubifolic_acid.sdf,sdf,exact_normalized_name,1.0,local_sdf_library
CMPD_85354D83265B,Rubixanthin.sdf,/structures/Rubixanthin.sdf,sdf,exact_normalized_name,1.0,local_sdf_library
CMPD_95A414350E24,rubuside_A.sdf,/structures/rubuside_A.sdf,sdf,exact_normalized_name,1.0,local_sdf_library
CMPD_DAFF871C57F8,Rubusoside.sdf,/structures/Rubusoside.sdf,sdf,exact_normalized_name,1.0,local_sdf_library
CMPD_3D41D85A240E,rugosin_G.sdf,/structures/rugosin_G.sdf,sdf,exact_normalized_name,1.0,local_sdf_library
CMPD_A3F645051C65,Ruscogenin.sdf,/structures/Ruscogenin.sdf,sdf,exact_normalized_name,1.0,local_sdf_library
CMPD_4FB016EC4A67,Rutaretin.sdf,/structures/Rutaretin.sdf,sdf,exact_normalized_name,1.0,local_sdf_library
CMPD_039EF24E2838,Rutin.sdf,/structures/Rutin.sdf,sdf,exact_normalized_name,1.0,local_sdf_library
CMPD_7BC0E26F5B6D,rutosid.sdf,/structures/rutosid.sdf,sdf,fuzzy_normalized_name,0.933,local_sdf_library
CMPD_7BC0E26F5B6D,rutoside.sdf,/structures/rutoside.sdf,sdf,exact_normalized_name,1.0,local_sdf_library
CMPD_E9EF28EB83BB,S-1-propenyl-L-cysteine.sdf,/structures/S-1-propenyl-L-cysteine.sdf,sdf,exact_normalized_name,1.0,local_sdf_library
CMPD_2EB2953BA311,S-allyl_cysteine.sdf,/structures/S-allyl_cysteine.sdf,sdf,exact_normalized_name,1.0,local_sdf_library
CMPD_8797A7979F35,S-pinene.sdf,/structures/S-pinene.sdf,sdf,exact_normalized_name,1.0,local_sdf_library
CMPD_20E960C7438E,sabinen.sdf,/structures/sabinen.sdf,sdf,fuzzy_normalized_name,0.933,local_sdf_library
CMPD_20E960C7438E,Sabinene.sdf,/structures/Sabinene.sdf,sdf,exact_normalized_name,1.0,local_sdf_library
CMPD_34E3CD2EE796,sabinene_hydrate.sdf,/structures/sabinene_hydrate.sdf,sdf,exact_normalized_name,1.0,local_sdf_library
CMPD_D345310712C2,Sabinol.sdf,/structures/Sabinol.sdf,sdf,exact_normalized_name,1.0,local_sdf_library
CMPD_7781EA098DBC,sabinyl_acetate.sdf,/structures/sabinyl_acetate.sdf,sdf,exact_normalized_name,1.0,local_sdf_library
CMPD_CC59A1874E65,saccharose.sdf,/structures/saccharose.sdf,sdf,exact_normalized_name,1.0,local_sdf_library
CMPD_B73EDC37DF6D,Safflower_yellow_A.sdf,/structures/Safflower_yellow_A.sdf,sdf,exact_normalized_name,1.0,local_sdf_library
CMPD_98443EFBDFB7,Safflower_yellow_B.sdf,/structures/Safflower_yellow_B.sdf,sdf,exact_normalized_name,1.0,local_sdf_library
CMPD_35441C4BEDD5,Safranal.sdf,/structures/Safranal.sdf,sdf,exact_normalized_name,1.0,local_sdf_library
CMPD_15ACC676F431,Sageone.sdf,/structures/Sageone.sdf,sdf,fuzzy_normalized_name,0.923,local_sdf_library
CMPD_0229D8067F8D,saikogenin_D.sdf,/structures/saikogenin_D.sdf,sdf,exact_normalized_name,1.0,local_sdf_library
CMPD_760AD3C992CF,Saikogenin_F.sdf,/structures/Saikogenin_F.sdf,sdf,exact_normalized_name,1.0,local_sdf_library
CMPD_2FA09F58AA59,Sakuranetin.sdf,/structures/Sakuranetin.sdf,sdf,exact_normalized_name,1.0,local_sdf_library
CMPD_7885A5416019,Salicylaldehyde.sdf,/structures/Salicylaldehyde.sdf,sdf,exact_normalized_name,1.0,local_sdf_library
CMPD_293E95C8A06E,salicylic_acid.sdf,/structures/salicylic_acid.sdf,sdf,exact_normalized_name,1.0,local_sdf_library
CMPD_7E16A7E0A1CE,salicylic_acid_benzyl_ester.sdf,/structures/salicylic_acid_benzyl_ester.sdf,sdf,exact_normalized_name,1.0,local_sdf_library
CMPD_DEB0CC476BAF,Salidroside.sdf,/structures/Salidroside.sdf,sdf,exact_normalized_name,1.0,local_sdf_library
CMPD_36D06A1542E0,salonitenolide.sdf,/structures/salonitenolide.sdf,sdf,exact_normalized_name,1.0,local_sdf_library
CMPD_F667B146D12C,Salsaside_D.sdf,/structures/Salsaside_D.sdf,sdf,exact_normalized_name,1.0,local_sdf_library
CMPD_C2708FFC683D,Salsaside_E.sdf,/structures/Salsaside_E.sdf,sdf,exact_normalized_name,1.0,local_sdf_library
CMPD_2FADAB4F1131,salutaridine.sdf,/structures/salutaridine.sdf,sdf,exact_normalized_name,1.0,local_sdf_library
CMPD_5DD8D374D7CE,salvianolic_acid_C.sdf,/structures/salvianolic_acid_C.sdf,sdf,exact_normalized_name,1.0,local_sdf_library
CMPD_6CCE069C84D8,salvianolic_acid_K.sdf,/structures/salvianolic_acid_K.sdf,sdf,exact_normalized_name,1.0,local_sdf_library
CMPD_785940364350,Salvibuchanic_acid.sdf,/structures/Salvibuchanic_acid.sdf,sdf,exact_normalized_name,1.0,local_sdf_library
CMPD_970F7F55B788,salvigenin.sdf,/structures/salvigenin.sdf,sdf,exact_normalized_name,1.0,local_sdf_library
CMPD_64DFD3E7C8FD,Sambulin_A.sdf,/structures/Sambulin_A.sdf,sdf,exact_normalized_name,1.0,local_sdf_library
CMPD_819C48DA46B6,Sambulin_B.sdf,/structures/Sambulin_B.sdf,sdf,exact_normalized_name,1.0,local_sdf_library
CMPD_5AEAC37CAD6D,Sanguiin_H-10.sdf,/structures/Sanguiin_H-10.sdf,sdf,exact_normalized_name,1.0,local_sdf_library
CMPD_5672262277D7,Sanguiin_H-6.sdf,/structures/Sanguiin_H-6.sdf,sdf,exact_normalized_name,1.0,local_sdf_library
CMPD_BA7CF3B46240,sanguinarine.sdf,/structures/sanguinarine.sdf,sdf,exact_normalized_name,1.0,local_sdf_library
CMPD_5BBE8060514E,santamarine.sdf,/structures/santamarine.sdf,sdf,exact_normalized_name,1.0,local_sdf_library
CMPD_E357BB74B463,Santolina_alcohol.sdf,/structures/Santolina_alcohol.sdf,sdf,exact_normalized_name,1.0,local_sdf_library
CMPD_95B1B36474D9,santolinyl_acetate.sdf,/structures/santolinyl_acetate.sdf,sdf,exact_normalized_name,1.0,local_sdf_library
CMPD_382F61CF006D,Santonin.sdf,/structures/Santonin.sdf,sdf,exact_normalized_name,1.0,local_sdf_library
CMPD_24B546862C39,Saponarin.sdf,/structures/Saponarin.sdf,sdf,exact_normalized_name,1.0,local_sdf_library
CMPD_AAFFC035EE62,sarcolobine.sdf,/structures/sarcolobine.sdf,sdf,exact_normalized_name,1.0,local_sdf_library
CMPD_831376F92ED0,Sarcosine.sdf,/structures/Sarcosine.sdf,sdf,exact_normalized_name,1.0,local_sdf_library
CMPD_AC330962B03E,Saringosterol.sdf,/structures/Saringosterol.sdf,sdf,exact_normalized_name,1.0,local_sdf_library
CMPD_41D2A38EF4C9,Sarmentosin_B.sdf,/structures/Sarmentosin_B.sdf,sdf,exact_normalized_name,1.0,local_sdf_library
CMPD_FC09A1B74FDC,Sayaendoside.sdf,/structures/Sayaendoside.sdf,sdf,exact_normalized_name,1.0,local_sdf_library
CMPD_E0165F728E2C,Scabiostellatoside_A.sdf,/structures/Scabiostellatoside_A.sdf,sdf,exact_normalized_name,1.0,local_sdf_library
CMPD_0016CCD8E311,Scabiostellatoside_B.sdf,/structures/Scabiostellatoside_B.sdf,sdf,exact_normalized_name,1.0,local_sdf_library
CMPD_05C2B9EFA463,Scabiostellatoside_C.sdf,/structures/Scabiostellatoside_C.sdf,sdf,exact_normalized_name,1.0,local_sdf_library
CMPD_1F2D7D55A842,Scabiostellatoside_D.sdf,/structures/Scabiostellatoside_D.sdf,sdf,exact_normalized_name,1.0,local_sdf_library
CMPD_975E5C331A74,Scabiostellatoside_E.sdf,/structures/Scabiostellatoside_E.sdf,sdf,exact_normalized_name,1.0,local_sdf_library
CMPD_471A4896A0DE,Scabiostellatoside_G.sdf,/structures/Scabiostellatoside_G.sdf,sdf,exact_normalized_name,1.0,local_sdf_library
CMPD_33B15D483559,Scabiostellatoside_H.sdf,/structures/Scabiostellatoside_H.sdf,sdf,exact_normalized_name,1.0,local_sdf_library
CMPD_787B44599D15,schottenol.sdf,/structures/schottenol.sdf,sdf,exact_normalized_name,1.0,local_sdf_library
CMPD_3955EA4F0C08,Sciadopitysin.sdf,/structures/Sciadopitysin.sdf,sdf,exact_normalized_name,1.0,local_sdf_library
CMPD_A4C8A8CE16A7,Scillaridin_A.sdf,/structures/Scillaridin_A.sdf,sdf,exact_normalized_name,1.0,local_sdf_library
CMPD_379D5BF9E3EC,sclarene.sdf,/structures/sclarene.sdf,sdf,exact_normalized_name,1.0,local_sdf_library
CMPD_90E2DAB94C6F,Sclareol.sdf,/structures/Sclareol.sdf,sdf,exact_normalized_name,1.0,local_sdf_library
CMPD_4736279DE193,Sclerodione.sdf,/structures/Sclerodione.sdf,sdf,exact_normalized_name,1.0,local_sdf_library
CMPD_075804CC4BFB,Scoparone.sdf,/structures/Scoparone.sdf,sdf,exact_normalized_name,1.0,local_sdf_library
CMPD_183F7E7945D2,scopolamine.sdf,/structures/scopolamine.sdf,sdf,exact_normalized_name,1.0,local_sdf_library
CMPD_55F1198C7110,Scopoletin.sdf,/structures/Scopoletin.sdf,sdf,exact_normalized_name,1.0,local_sdf_library
CMPD_2865261112AF,Scopolin.sdf,/structures/Scopolin.sdf,sdf,exact_normalized_name,1.0,local_sdf_library
CMPD_219198F229E5,scopoline.sdf,/structures/scopoline.sdf,sdf,exact_normalized_name,1.0,local_sdf_library
CMPD_4C4545BA19CB,scoulerine.sdf,/structures/scoulerine.sdf,sdf,exact_normalized_name,1.0,local_sdf_library
CMPD_1DB139A80A71,scutellarein-7-rutinoside.sdf,/structures/scutellarein-7-rutinoside.sdf,sdf,exact_normalized_name,1.0,local_sdf_library
CMPD_DAF82608A651,Scutellarein.sdf,/structures/Scutellarein.sdf,sdf,exact_normalized_name,1.0,local_sdf_library
CMPD_5C0D42F8C40E,scutellarein_6_4_-dimethyl_ether.sdf,/structures/scutellarein_6_4_-dimethyl_ether.sdf,sdf,exact_normalized_name,1.0,local_sdf_library
CMPD_DAF82608A651,scutellarin.sdf,/structures/scutellarin.sdf,sdf,fuzzy_normalized_name,0.957,local_sdf_library
CMPD_D8C725DC0EAA,Secoisolariciresinol-sesquilignan.sdf,/structures/Secoisolariciresinol-sesquilignan.sdf,sdf,exact_normalized_name,1.0,local_sdf_library
CMPD_10DED70E083F,secoisolariciresinol.sdf,/structures/secoisolariciresinol.sdf,sdf,exact_normalized_name,1.0,local_sdf_library
CMPD_B44F770A9861,secoisolariciresinol_diglycoside.sdf,/structures/secoisolariciresinol_diglycoside.sdf,sdf,exact_normalized_name,1.0,local_sdf_library
CMPD_4C04F268603A,Secologanin_methyl_hemiacetal.sdf,/structures/Secologanin_methyl_hemiacetal.sdf,sdf,exact_normalized_name,1.0,local_sdf_library
CMPD_B6EE796CF3C9,Sedanenolide.sdf,/structures/Sedanenolide.sdf,sdf,fuzzy_normalized_name,0.909,local_sdf_library
CMPD_B6EE796CF3C9,sedanolide.sdf,/structures/sedanolide.sdf,sdf,exact_normalized_name,1.0,local_sdf_library
CMPD_F4B7E1D01F1E,selina-4_11-diene.sdf,/structures/selina-4_11-diene.sdf,sdf,exact_normalized_name,1.0,local_sdf_library
CMPD_628FFEAE9324,selinene.sdf,/structures/selinene.sdf,sdf,exact_normalized_name,1.0,local_sdf_library
CMPD_9892CA24029F,Semimyrtucommulone.sdf,/structures/Semimyrtucommulone.sdf,sdf,exact_normalized_name,1.0,local_sdf_library
CMPD_F162B858E1CA,Semipapposide_B.sdf,/structures/Semipapposide_B.sdf,sdf,exact_normalized_name,1.0,local_sdf_library
CMPD_DE617411431C,Semipapposide_C.sdf,/structures/Semipapposide_C.sdf,sdf,exact_normalized_name,1.0,local_sdf_library
CMPD_029E9B17FB5D,Semipapposide_D.sdf,/structures/Semipapposide_D.sdf,sdf,exact_normalized_name,1.0,local_sdf_library
CMPD_66712DC48644,Semipapposide_E.sdf,/structures/Semipapposide_E.sdf,sdf,exact_normalized_name,1.0,local_sdf_library
CMPD_0C5EF6E7B978,Semipapposide_F.sdf,/structures/Semipapposide_F.sdf,sdf,exact_normalized_name,1.0,local_sdf_library
CMPD_805F4094ECE4,Semipapposide_G.sdf,/structures/Semipapposide_G.sdf,sdf,exact_normalized_name,1.0,local_sdf_library
CMPD_B9A3715FBA89,senecionine.sdf,/structures/senecionine.sdf,sdf,exact_normalized_name,1.0,local_sdf_library
CMPD_7E47822CFEE9,Seneciphylline.sdf,/structures/Seneciphylline.sdf,sdf,fuzzy_normalized_name,0.963,local_sdf_library
CMPD_0824FFD3B002,Senkyunolide_A.sdf,/structures/Senkyunolide_A.sdf,sdf,exact_normalized_name,1.0,local_sdf_library
CMPD_9934CB2CFBA4,Septemfidoside.sdf,/structures/Septemfidoside.sdf,sdf,exact_normalized_name,1.0,local_sdf_library
CMPD_2752B26AB039,Serine.sdf,/structures/Serine.sdf,sdf,exact_normalized_name,1.0,local_sdf_library
CMPD_346FD0A61F0C,serratol.sdf,/structures/serratol.sdf,sdf,exact_normalized_name,1.0,local_sdf_library
CMPD_0CE312340904,Sesamin.sdf,/structures/Sesamin.sdf,sdf,exact_normalized_name,1.0,local_sdf_library
CMPD_41A85DA01F97,Sesamolinol.sdf,/structures/Sesamolinol.sdf,sdf,exact_normalized_name,1.0,local_sdf_library
CMPD_D7769250C6FC,sesquiphellandrene.sdf,/structures/sesquiphellandrene.sdf,sdf,exact_normalized_name,1.0,local_sdf_library
CMPD_FBED254B845E,Sesquisabinene_hydrate.sdf,/structures/Sesquisabinene_hydrate.sdf,sdf,exact_normalized_name,1.0,local_sdf_library
CMPD_E170056C745F,Sextone.sdf,/structures/Sextone.sdf,sdf,exact_normalized_name,1.0,local_sdf_library
CMPD_3C7E2A8B169E,shikimic_acid.sdf,/structures/shikimic_acid.sdf,sdf,exact_normalized_name,1.0,local_sdf_library
CMPD_C33AFFD77744,Shikonin.sdf,/structures/Shikonin.sdf,sdf,exact_normalized_name,1.0,local_sdf_library
CMPD_D8CD330ED224,Shiravanone.sdf,/structures/Shiravanone.sdf,sdf,exact_normalized_name,1.0,local_sdf_library
CMPD_7D25A4205F44,Shogunal.sdf,/structures/Shogunal.sdf,sdf,exact_normalized_name,1.0,local_sdf_library
CMPD_6A3E0F43EC3D,Shorealactone.sdf,/structures/Shorealactone.sdf,sdf,exact_normalized_name,1.0,local_sdf_library
CMPD_074FB78D4305,Shyobunol.sdf,/structures/Shyobunol.sdf,sdf,exact_normalized_name,1.0,local_sdf_library
CMPD_19469C88586E,Shyobunone.sdf,/structures/Shyobunone.sdf,sdf,exact_normalized_name,1.0,local_sdf_library
CMPD_489FD95638B7,Silenegallisaponin_A.sdf,/structures/Silenegallisaponin_A.sdf,sdf,exact_normalized_name,1.0,local_sdf_library
CMPD_4837E831AB5A,Silenegallisaponin_B.sdf,/structures/Silenegallisaponin_B.sdf,sdf,exact_normalized_name,1.0,local_sdf_library
CMPD_17AFE0087EB9,Silenegallisaponin_C.sdf,/structures/Silenegallisaponin_C.sdf,sdf,exact_normalized_name,1.0,local_sdf_library
CMPD_8F43C735698C,Silenegallisaponin_D.sdf,/structures/Silenegallisaponin_D.sdf,sdf,exact_normalized_name,1.0,local_sdf_library
CMPD_C93D4ADA13BE,Silenegallisaponin_E.sdf,/structures/Silenegallisaponin_E.sdf,sdf,exact_normalized_name,1.0,local_sdf_library
CMPD_5BE241914DBE,Silenegallisaponin_F.sdf,/structures/Silenegallisaponin_F.sdf,sdf,exact_normalized_name,1.0,local_sdf_library
CMPD_55D8428AF9C4,Silenegallisaponin_G.sdf,/structures/Silenegallisaponin_G.sdf,sdf,exact_normalized_name,1.0,local_sdf_library
CMPD_D50DB05B52C2,Silenegallisaponin_H.sdf,/structures/Silenegallisaponin_H.sdf,sdf,exact_normalized_name,1.0,local_sdf_library
CMPD_B24590DC838F,Silenegallisaponin_I.sdf,/structures/Silenegallisaponin_I.sdf,sdf,exact_normalized_name,1.0,local_sdf_library
CMPD_FB2DD5AE2663,Silenegallisaponin_J.sdf,/structures/Silenegallisaponin_J.sdf,sdf,exact_normalized_name,1.0,local_sdf_library
CMPD_A77240481516,Silenegallisaponin_K.sdf,/structures/Silenegallisaponin_K.sdf,sdf,exact_normalized_name,1.0,local_sdf_library
CMPD_AFBC902CFB6B,Silymarin.sdf,/structures/Silymarin.sdf,sdf,exact_normalized_name,1.0,local_sdf_library
CMPD_0C1767FEADE7,sinactine.sdf,/structures/sinactine.sdf,sdf,exact_normalized_name,1.0,local_sdf_library
CMPD_5EBA56C19483,Sinalbin.sdf,/structures/Sinalbin.sdf,sdf,exact_normalized_name,1.0,local_sdf_library
CMPD_AEE3F903F119,Sinapaldehyde.sdf,/structures/Sinapaldehyde.sdf,sdf,exact_normalized_name,1.0,local_sdf_library
CMPD_524FDF4B10B9,Sinapic_acid.sdf,/structures/Sinapic_acid.sdf,sdf,exact_normalized_name,1.0,local_sdf_library
CMPD_33FD2E15D0C9,Sinapic_acid_methyl_ether.sdf,/structures/Sinapic_acid_methyl_ether.sdf,sdf,exact_normalized_name,1.0,local_sdf_library
CMPD_476D4F978EFF,Sinapic_aldehyde.sdf,/structures/Sinapic_aldehyde.sdf,sdf,exact_normalized_name,1.0,local_sdf_library
CMPD_83AEB7E2CDD6,Sinapinic_acid.sdf,/structures/Sinapinic_acid.sdf,sdf,exact_normalized_name,1.0,local_sdf_library
CMPD_58B69537F9DC,Sinigrin.sdf,/structures/Sinigrin.sdf,sdf,exact_normalized_name,1.0,local_sdf_library
CMPD_F4E1BC850328,sinuatol.sdf,/structures/sinuatol.sdf,sdf,exact_normalized_name,1.0,local_sdf_library
CMPD_6520988B5300,Sinuatoside.sdf,/structures/Sinuatoside.sdf,sdf,exact_normalized_name,1.0,local_sdf_library
CMPD_A68E8D971ECD,siol_anisate.sdf,/structures/siol_anisate.sdf,sdf,exact_normalized_name,1.0,local_sdf_library
CMPD_59028DE1605D,Sitostenone.sdf,/structures/Sitostenone.sdf,sdf,exact_normalized_name,1.0,local_sdf_library
CMPD_9F6996EB5815,Sitosterin.sdf,/structures/Sitosterin.sdf,sdf,exact_normalized_name,1.0,local_sdf_library
CMPD_244E2C322AF5,sitosterol.sdf,/structures/sitosterol.sdf,sdf,exact_normalized_name,1.0,local_sdf_library
CMPD_0F68DB0BB4B2,Skimmin.sdf,/structures/Skimmin.sdf,sdf,exact_normalized_name,1.0,local_sdf_library
CMPD_0BC7749A1EA7,Sodium.sdf,/structures/Sodium.sdf,sdf,exact_normalized_name,1.0,local_sdf_library
CMPD_A7FFFDE31149,Sonchuside_A.sdf,/structures/Sonchuside_A.sdf,sdf,exact_normalized_name,1.0,local_sdf_library
CMPD_BD9E9A1C0311,Sophoraflavanone_B.sdf,/structures/Sophoraflavanone_B.sdf,sdf,exact_normalized_name,1.0,local_sdf_library
CMPD_43271841A63C,sorbitol.sdf,/structures/sorbitol.sdf,sdf,exact_normalized_name,1.0,local_sdf_library
CMPD_1B4275B82C0E,Sorbose.sdf,/structures/Sorbose.sdf,sdf,exact_normalized_name,1.0,local_sdf_library
CMPD_018477AC0180,Sorgoleone.sdf,/structures/Sorgoleone.sdf,sdf,exact_normalized_name,1.0,local_sdf_library
CMPD_B622E441F4CA,Soyasapogenol_B.sdf,/structures/Soyasapogenol_B.sdf,sdf,exact_normalized_name,1.0,local_sdf_library
CMPD_02AD03C258D9,sparteine.sdf,/structures/sparteine.sdf,sdf,exact_normalized_name,1.0,local_sdf_library
CMPD_96F34CA99C60,Spathulenol.sdf,/structures/Spathulenol.sdf,sdf,exact_normalized_name,1.0,local_sdf_library
CMPD_EEDBA6E5CB00,spicatolignan_B.sdf,/structures/spicatolignan_B.sdf,sdf,exact_normalized_name,1.0,local_sdf_library
CMPD_5C439FFC41D8,spinacetin.sdf,/structures/spinacetin.sdf,sdf,exact_normalized_name,1.0,local_sdf_library
CMPD_1F014680F872,Spinasterol.sdf,/structures/Spinasterol.sdf,sdf,exact_normalized_name,1.0,local_sdf_library
CMPD_F38DD469A75F,Spinasterol_3-O-beta-D-glucopyranoside.sdf,/structures/Spinasterol_3-O-beta-D-glucopyranoside.sdf,sdf,fuzzy_normalized_name,0.925,local_sdf_library
CMPD_F17E7285005E,spiraeoside.sdf,/structures/spiraeoside.sdf,sdf,exact_normalized_name,1.0,local_sdf_library
CMPD_34BB6095DCAD,spirafolide.sdf,/structures/spirafolide.sdf,sdf,exact_normalized_name,1.0,local_sdf_library
CMPD_63856D90ECB6,Spirohexane-5-carboxylic_acid__1_1_2_2-tetramethyl-__methyl_ester.sdf,/structures/Spirohexane-5-carboxylic_acid__1_1_2_2-tetramethyl-__methyl_ester.sdf,sdf,exact_normalized_name,1.0,local_sdf_library
CMPD_7489EF1AAF2E,squalene.sdf,/structures/squalene.sdf,sdf,exact_normalized_name,1.0,local_sdf_library
CMPD_141FE669C6C3,Stachenone.sdf,/structures/Stachenone.sdf,sdf,exact_normalized_name,1.0,local_sdf_library
CMPD_940B92EFAF32,Stachydrine.sdf,/structures/Stachydrine.sdf,sdf,exact_normalized_name,1.0,local_sdf_library
CMPD_A052E47C039A,stelleranol.sdf,/structures/stelleranol.sdf,sdf,exact_normalized_name,1.0,local_sdf_library
CMPD_0082A72AAC73,Stemmin_C.sdf,/structures/Stemmin_C.sdf,sdf,exact_normalized_name,1.0,local_sdf_library
CMPD_EB3F8DBC6942,Stemmoside_A.sdf,/structures/Stemmoside_A.sdf,sdf,exact_normalized_name,1.0,local_sdf_library
CMPD_EB3F8DBC6942,Stemmoside_B.sdf,/structures/Stemmoside_B.sdf,sdf,fuzzy_normalized_name,0.909,local_sdf_library
CMPD_193D15E3468D,Stigmast-5-en-3-ol.sdf,/structures/Stigmast-5-en-3-ol.sdf,sdf,exact_normalized_name,1.0,local_sdf_library
CMPD_50F7082573BE,Stigmasta-3_5-diene.sdf,/structures/Stigmasta-3_5-diene.sdf,sdf,exact_normalized_name,1.0,local_sdf_library
CMPD_767C0479CADD,Stigmasta-4_22-dien-3-one.sdf,/structures/Stigmasta-4_22-dien-3-one.sdf,sdf,exact_normalized_name,1.0,local_sdf_library
CMPD_D3CC7B52DD5F,stigmasta-5_22-dien-3-ol_acetate.sdf,/structures/stigmasta-5_22-dien-3-ol_acetate.sdf,sdf,exact_normalized_name,1.0,local_sdf_library
CMPD_F38DD469A75F,Stigmasterol-3-O-β-D-glucopyranoside.sdf,/structures/Stigmasterol-3-O-β-D-glucopyranoside.sdf,sdf,exact_normalized_name,1.0,local_sdf_library
CMPD_698732DE9FE9,Stigmasterol.sdf,/structures/Stigmasterol.sdf,sdf,exact_normalized_name,1.0,local_sdf_library
CMPD_F38DD469A75F,Stigmasterol_3-O-beta-D-glucopyranoside.sdf,/structures/Stigmasterol_3-O-beta-D-glucopyranoside.sdf,sdf,exact_normalized_name,1.0,local_sdf_library
CMPD_F38DD469A75F,Stigmasterol_3-O-beta-glucopyranoside.sdf,/structures/Stigmasterol_3-O-beta-glucopyranoside.sdf,sdf,fuzzy_normalized_name,0.985,local_sdf_library
CMPD_4F26ACBC6E5D,stylopine.sdf,/structures/stylopine.sdf,sdf,exact_normalized_name,1.0,local_sdf_library
CMPD_471D2F805E3D,Suberosin.sdf,/structures/Suberosin.sdf,sdf,exact_normalized_name,1.0,local_sdf_library
CMPD_533958A2148A,Succinic_acid.sdf,/structures/Succinic_acid.sdf,sdf,exact_normalized_name,1.0,local_sdf_library
CMPD_2C1E239731C3,Sulfuretin.sdf,/structures/Sulfuretin.sdf,sdf,exact_normalized_name,1.0,local_sdf_library
CMPD_3E646A283B7E,sumatrol.sdf,/structures/sumatrol.sdf,sdf,exact_normalized_name,1.0,local_sdf_library
CMPD_8BABB5EF06D9,Supinine.sdf,/structures/Supinine.sdf,sdf,exact_normalized_name,1.0,local_sdf_library
CMPD_8C6F9178B5D8,suspensolide_F.sdf,/structures/suspensolide_F.sdf,sdf,exact_normalized_name,1.0,local_sdf_library
CMPD_6D4317628B78,sweroside.sdf,/structures/sweroside.sdf,sdf,exact_normalized_name,1.0,local_sdf_library
CMPD_BDC2F65AAADE,swertiamarin.sdf,/structures/swertiamarin.sdf,sdf,exact_normalized_name,1.0,local_sdf_library
CMPD_85CFAE0B44BD,Syagrusin_A.sdf,/structures/Syagrusin_A.sdf,sdf,exact_normalized_name,1.0,local_sdf_library
CMPD_A163802A0B1D,Syagrusin_B.sdf,/structures/Syagrusin_B.sdf,sdf,exact_normalized_name,1.0,local_sdf_library
CMPD_9AE655C0B8B6,sylvestrene.sdf,/structures/sylvestrene.sdf,sdf,exact_normalized_name,1.0,local_sdf_library
CMPD_406D60E74E5B,Sylvestroside_I.sdf,/structures/Sylvestroside_I.sdf,sdf,exact_normalized_name,1.0,local_sdf_library
CMPD_ED184BAC5575,Synagrantol_B.sdf,/structures/Synagrantol_B.sdf,sdf,exact_normalized_name,1.0,local_sdf_library
CMPD_B8028618E0A2,Syringaldehyde.sdf,/structures/Syringaldehyde.sdf,sdf,exact_normalized_name,1.0,local_sdf_library
CMPD_36604C39F05C,Syringarenol.sdf,/structures/Syringarenol.sdf,sdf,exact_normalized_name,1.0,local_sdf_library
CMPD_51583C2E93A7,syringaresinol.sdf,/structures/syringaresinol.sdf,sdf,exact_normalized_name,1.0,local_sdf_library
CMPD_0FD6A15D7616,Syringaresinol_4_-O-beta-D-glucopyranoside.sdf,/structures/Syringaresinol_4_-O-beta-D-glucopyranoside.sdf,sdf,fuzzy_normalized_name,0.973,local_sdf_library
CMPD_CC84D1A1FE7C,Syringaresinol_4_-O-beta-D-glucoside.sdf,/structures/Syringaresinol_4_-O-beta-D-glucoside.sdf,sdf,exact_normalized_name,1.0,local_sdf_library
CMPD_9889FB4B4620,Syringic_acid.sdf,/structures/Syringic_acid.sdf,sdf,exact_normalized_name,1.0,local_sdf_library
CMPD_B8028618E0A2,syringic_aldehyde.sdf,/structures/syringic_aldehyde.sdf,sdf,fuzzy_normalized_name,0.933,local_sdf_library
CMPD_99A84DE78B54,Syringin.sdf,/structures/Syringin.sdf,sdf,exact_normalized_name,1.0,local_sdf_library
CMPD_8047B94E9129,Syringoside.sdf,/structures/Syringoside.sdf,sdf,exact_normalized_name,1.0,local_sdf_library
CMPD_4793A34322A0,T-cadinol.sdf,/structures/T-cadinol.sdf,sdf,fuzzy_normalized_name,0.933,local_sdf_library
CMPD_E335F1CB3F0B,t-Ferulic_acid.sdf,/structures/t-Ferulic_acid.sdf,sdf,exact_normalized_name,1.0,local_sdf_library
CMPD_5A65C854FDDA,tachioside.sdf,/structures/tachioside.sdf,sdf,exact_normalized_name,1.0,local_sdf_library
CMPD_AC13C9CA365B,tagatose.sdf,/structures/tagatose.sdf,sdf,exact_normalized_name,1.0,local_sdf_library
CMPD_A61124E8D0FE,Tagetenone_epoxide.sdf,/structures/Tagetenone_epoxide.sdf,sdf,exact_normalized_name,1.0,local_sdf_library
CMPD_B4E799F31498,Taiwanin_H.sdf,/structures/Taiwanin_H.sdf,sdf,exact_normalized_name,1.0,local_sdf_library
CMPD_56F783A60948,Tamarixetin.sdf,/structures/Tamarixetin.sdf,sdf,exact_normalized_name,1.0,local_sdf_library
CMPD_30033EB80937,tamarixin.sdf,/structures/tamarixin.sdf,sdf,exact_normalized_name,1.0,local_sdf_library
CMPD_66CB5640F600,tangeritin.sdf,/structures/tangeritin.sdf,sdf,exact_normalized_name,1.0,local_sdf_library
CMPD_8F1D0ABE8C7A,taraxasterol.sdf,/structures/taraxasterol.sdf,sdf,exact_normalized_name,1.0,local_sdf_library
CMPD_169235E38678,taraxasterol_acetate.sdf,/structures/taraxasterol_acetate.sdf,sdf,fuzzy_normalized_name,0.947,local_sdf_library
CMPD_169235E38678,taraxasteryl_acetate.sdf,/structures/taraxasteryl_acetate.sdf,sdf,exact_normalized_name,1.0,local_sdf_library
CMPD_2B8292D84BF9,Taraxerol.sdf,/structures/Taraxerol.sdf,sdf,exact_normalized_name,1.0,local_sdf_library
CMPD_D019FDD693EF,Taraxerone.sdf,/structures/Taraxerone.sdf,sdf,exact_normalized_name,1.0,local_sdf_library
CMPD_6D4AFE4C3123,Tartaric_acid.sdf,/structures/Tartaric_acid.sdf,sdf,exact_normalized_name,1.0,local_sdf_library
CMPD_B603155BC7F4,tau_Muurolol.sdf,/structures/tau_Muurolol.sdf,sdf,exact_normalized_name,1.0,local_sdf_library
CMPD_7729BCC80DE3,Taxifolin.sdf,/structures/Taxifolin.sdf,sdf,exact_normalized_name,1.0,local_sdf_library
CMPD_C0A3F04090A3,teferin.sdf,/structures/teferin.sdf,sdf,exact_normalized_name,1.0,local_sdf_library
CMPD_563AD0EDE80F,Tellimagrandin_I.sdf,/structures/Tellimagrandin_I.sdf,sdf,fuzzy_normalized_name,0.966,local_sdf_library
CMPD_B90B7BE6E00A,tellimoside.sdf,/structures/tellimoside.sdf,sdf,exact_normalized_name,1.0,local_sdf_library
CMPD_F3E61283DA95,tenaxin_II.sdf,/structures/tenaxin_II.sdf,sdf,exact_normalized_name,1.0,local_sdf_library
CMPD_1F4767F66E77,tephrinone.sdf,/structures/tephrinone.sdf,sdf,exact_normalized_name,1.0,local_sdf_library
CMPD_E4350BE8AFE4,tephrosin.sdf,/structures/tephrosin.sdf,sdf,exact_normalized_name,1.0,local_sdf_library
CMPD_549712BDFA29,Tergallic_acid_dilactone.sdf,/structures/Tergallic_acid_dilactone.sdf,sdf,exact_normalized_name,1.0,local_sdf_library
CMPD_53015DCB5511,terniflorin.sdf,/structures/terniflorin.sdf,sdf,exact_normalized_name,1.0,local_sdf_library
CMPD_7566DF64F69B,terpin-4-ol.sdf,/structures/terpin-4-ol.sdf,sdf,fuzzy_normalized_name,0.947,local_sdf_library
CMPD_94EB57C6307A,Terpinen-4-ol.sdf,/structures/Terpinen-4-ol.sdf,sdf,fuzzy_normalized_name,0.957,local_sdf_library
CMPD_94EB57C6307A,Terpinene-4-ol.sdf,/structures/Terpinene-4-ol.sdf,sdf,exact_normalized_name,1.0,local_sdf_library
CMPD_46AF5B17DF93,terpinenyl_acetate.sdf,/structures/terpinenyl_acetate.sdf,sdf,exact_normalized_name,1.0,local_sdf_library
CMPD_4A37DBF5D1A2,terpineol-4-ol.sdf,/structures/terpineol-4-ol.sdf,sdf,exact_normalized_name,1.0,local_sdf_library
CMPD_6D894C7D522E,terpineol-4.sdf,/structures/terpineol-4.sdf,sdf,exact_normalized_name,1.0,local_sdf_library
CMPD_236EEA695E0D,terpineol.sdf,/structures/terpineol.sdf,sdf,exact_normalized_name,1.0,local_sdf_library
CMPD_428A61BE1DDE,Terpinolene.sdf,/structures/Terpinolene.sdf,sdf,exact_normalized_name,1.0,local_sdf_library
CMPD_46AF5B17DF93,Terpinyl_acetate.sdf,/structures/Terpinyl_acetate.sdf,sdf,fuzzy_normalized_name,0.938,local_sdf_library
CMPD_7C174A5C9185,Tetraacetyl-d-xylonic_nitrile.sdf,/structures/Tetraacetyl-d-xylonic_nitrile.sdf,sdf,exact_normalized_name,1.0,local_sdf_library
CMPD_AF8D26105C61,Tetradecanal.sdf,/structures/Tetradecanal.sdf,sdf,exact_normalized_name,1.0,local_sdf_library
CMPD_5697C42CF4F1,tetradecane.sdf,/structures/tetradecane.sdf,sdf,exact_normalized_name,1.0,local_sdf_library
CMPD_E1447500C791,tetradecene.sdf,/structures/tetradecene.sdf,sdf,exact_normalized_name,1.0,local_sdf_library
CMPD_72C328B9B39A,Tetrahydroaplotaxene.sdf,/structures/Tetrahydroaplotaxene.sdf,sdf,exact_normalized_name,1.0,local_sdf_library
CMPD_48300207C520,Tetrahydrolavandulyl_acetate.sdf,/structures/Tetrahydrolavandulyl_acetate.sdf,sdf,fuzzy_normalized_name,0.963,local_sdf_library
CMPD_CA7DD4AB101F,tetrahydroxyflavone.sdf,/structures/tetrahydroxyflavone.sdf,sdf,exact_normalized_name,1.0,local_sdf_library
CMPD_55ECD0597B1A,teucladiol.sdf,/structures/teucladiol.sdf,sdf,exact_normalized_name,1.0,local_sdf_library
CMPD_33C7557F45C8,Thalassiolin_A.sdf,/structures/Thalassiolin_A.sdf,sdf,exact_normalized_name,1.0,local_sdf_library
CMPD_7C79C567582C,Thalassiolin_D.sdf,/structures/Thalassiolin_D.sdf,sdf,exact_normalized_name,1.0,local_sdf_library
CMPD_718889B77070,thebaine.sdf,/structures/thebaine.sdf,sdf,exact_normalized_name,1.0,local_sdf_library
CMPD_10D99209D4F6,Thesinine.sdf,/structures/Thesinine.sdf,sdf,exact_normalized_name,1.0,local_sdf_library
CMPD_B15B186F36EA,thevetiaflavone.sdf,/structures/thevetiaflavone.sdf,sdf,exact_normalized_name,1.0,local_sdf_library
CMPD_4F4F134A6B55,thiamine.sdf,/structures/thiamine.sdf,sdf,exact_normalized_name,1.0,local_sdf_library
CMPD_79F4CEB1728C,thiocyanate.sdf,/structures/thiocyanate.sdf,sdf,exact_normalized_name,1.0,local_sdf_library
CMPD_67655213A438,thiosulfuric_acid.sdf,/structures/thiosulfuric_acid.sdf,sdf,exact_normalized_name,1.0,local_sdf_library
CMPD_1878B09E8B00,threonic_acid.sdf,/structures/threonic_acid.sdf,sdf,exact_normalized_name,1.0,local_sdf_library
CMPD_810C621988FF,Threonine.sdf,/structures/Threonine.sdf,sdf,exact_normalized_name,1.0,local_sdf_library
CMPD_023D0A6C9D8F,Thujone.sdf,/structures/Thujone.sdf,sdf,exact_normalized_name,1.0,local_sdf_library
CMPD_0F177E1D500A,thujopsene.sdf,/structures/thujopsene.sdf,sdf,exact_normalized_name,1.0,local_sdf_library
CMPD_AD5955C85036,Thymine.sdf,/structures/Thymine.sdf,sdf,exact_normalized_name,1.0,local_sdf_library
CMPD_44330492A590,Thymine_2-desoxyribofuranoside.sdf,/structures/Thymine_2-desoxyribofuranoside.sdf,sdf,exact_normalized_name,1.0,local_sdf_library
CMPD_02DF994A58AC,Thymol.sdf,/structures/Thymol.sdf,sdf,exact_normalized_name,1.0,local_sdf_library
CMPD_DFD4E42CFD72,thymonin.sdf,/structures/thymonin.sdf,sdf,exact_normalized_name,1.0,local_sdf_library
CMPD_3F7449B1121B,thymoquinone.sdf,/structures/thymoquinone.sdf,sdf,exact_normalized_name,1.0,local_sdf_library
CMPD_7FC1DA27E097,tiliroside.sdf,/structures/tiliroside.sdf,sdf,exact_normalized_name,1.0,local_sdf_library
CMPD_7FC1DA27E097,Tilroside.sdf,/structures/Tilroside.sdf,sdf,fuzzy_normalized_name,0.947,local_sdf_library
CMPD_1588BC753035,Tingitanol_A.sdf,/structures/Tingitanol_A.sdf,sdf,exact_normalized_name,1.0,local_sdf_library
CMPD_040D246AC420,Tocopherol.sdf,/structures/Tocopherol.sdf,sdf,exact_normalized_name,1.0,local_sdf_library
CMPD_79988D66F119,tomentosin.sdf,/structures/tomentosin.sdf,sdf,exact_normalized_name,1.0,local_sdf_library
CMPD_045EB0F475EE,torilenol.sdf,/structures/torilenol.sdf,sdf,exact_normalized_name,1.0,local_sdf_library
CMPD_1AAE52FA572F,Tormentic_acid.sdf,/structures/Tormentic_acid.sdf,sdf,exact_normalized_name,1.0,local_sdf_library
CMPD_1377F52D2484,totarol.sdf,/structures/totarol.sdf,sdf,exact_normalized_name,1.0,local_sdf_library
CMPD_DA952736C9B2,tr-aconitic_acid.sdf,/structures/tr-aconitic_acid.sdf,sdf,exact_normalized_name,1.0,local_sdf_library
CMPD_243DA6583380,tr-coffeic_acid.sdf,/structures/tr-coffeic_acid.sdf,sdf,exact_normalized_name,1.0,local_sdf_library
CMPD_D6C7FDDFE4EF,Trachelanthamine.sdf,/structures/Trachelanthamine.sdf,sdf,exact_normalized_name,1.0,local_sdf_library
CMPD_53227063974E,Tragoponol.sdf,/structures/Tragoponol.sdf,sdf,exact_normalized_name,1.0,local_sdf_library
CMPD_B60D7D264376,trans-1_2-Limonene_oxide.sdf,/structures/trans-1_2-Limonene_oxide.sdf,sdf,exact_normalized_name,1.0,local_sdf_library
CMPD_C18F9BB83468,Trans-2-caren-4-ol.sdf,/structures/Trans-2-caren-4-ol.sdf,sdf,exact_normalized_name,1.0,local_sdf_library
CMPD_86FB57814846,Trans-2-hexanal.sdf,/structures/Trans-2-hexanal.sdf,sdf,exact_normalized_name,1.0,local_sdf_library
CMPD_86FB57814846,trans-2-Hexenal.sdf,/structures/trans-2-Hexenal.sdf,sdf,fuzzy_normalized_name,0.923,local_sdf_library
CMPD_9F06F80E21D4,trans-alpha-bergamotene.sdf,/structures/trans-alpha-bergamotene.sdf,sdf,exact_normalized_name,1.0,local_sdf_library
CMPD_368C3156F063,trans-anethole.sdf,/structures/trans-anethole.sdf,sdf,exact_normalized_name,1.0,local_sdf_library
CMPD_0F380C4D3884,trans-beta-Caryophyllene.sdf,/structures/trans-beta-Caryophyllene.sdf,sdf,fuzzy_normalized_name,0.9,local_sdf_library
CMPD_307168C8BCD9,trans-beta-Damascone.sdf,/structures/trans-beta-Damascone.sdf,sdf,exact_normalized_name,1.0,local_sdf_library
CMPD_F4C950F8B958,trans-beta-farnesene.sdf,/structures/trans-beta-farnesene.sdf,sdf,exact_normalized_name,1.0,local_sdf_library
CMPD_37ED50F1C332,trans-beta-Ionone.sdf,/structures/trans-beta-Ionone.sdf,sdf,exact_normalized_name,1.0,local_sdf_library
CMPD_59B91D23495D,trans-carveol.sdf,/structures/trans-carveol.sdf,sdf,exact_normalized_name,1.0,local_sdf_library
CMPD_0F380C4D3884,trans-caryophyllene.sdf,/structures/trans-caryophyllene.sdf,sdf,exact_normalized_name,1.0,local_sdf_library
CMPD_009AD39057EA,trans-caryophyllene_oxide.sdf,/structures/trans-caryophyllene_oxide.sdf,sdf,exact_normalized_name,1.0,local_sdf_library
CMPD_0443579A64C0,trans-Chrysanthenyl_acetate.sdf,/structures/trans-Chrysanthenyl_acetate.sdf,sdf,exact_normalized_name,1.0,local_sdf_library
CMPD_24C8F9247941,trans-cinnamic_acid.sdf,/structures/trans-cinnamic_acid.sdf,sdf,exact_normalized_name,1.0,local_sdf_library
CMPD_7AB4A6505503,trans-dihydrocarvone.sdf,/structures/trans-dihydrocarvone.sdf,sdf,exact_normalized_name,1.0,local_sdf_library
CMPD_09C3FBEC9C46,trans-ethylcinnamate.sdf,/structures/trans-ethylcinnamate.sdf,sdf,exact_normalized_name,1.0,local_sdf_library
CMPD_62D548D8BB28,trans-farnesol.sdf,/structures/trans-farnesol.sdf,sdf,exact_normalized_name,1.0,local_sdf_library
CMPD_5CFEA2DAAAC4,trans-Ferulic_acid.sdf,/structures/trans-Ferulic_acid.sdf,sdf,exact_normalized_name,1.0,local_sdf_library
CMPD_8CA716B2A9DC,trans-geraniol.sdf,/structures/trans-geraniol.sdf,sdf,exact_normalized_name,1.0,local_sdf_library
CMPD_ED4AB9A0F2DF,trans-Linalool_oxide__furanoid_.sdf,/structures/trans-Linalool_oxide__furanoid_.sdf,sdf,exact_normalized_name,1.0,local_sdf_library
CMPD_8C0957FBB2F7,trans-Longipinocarveol.sdf,/structures/trans-Longipinocarveol.sdf,sdf,exact_normalized_name,1.0,local_sdf_library
CMPD_09435A7D3159,Trans-methyl-isoeugenol.sdf,/structures/Trans-methyl-isoeugenol.sdf,sdf,exact_normalized_name,1.0,local_sdf_library
CMPD_09435A7D3159,Trans-methylisoeugenol.sdf,/structures/Trans-methylisoeugenol.sdf,sdf,exact_normalized_name,1.0,local_sdf_library
CMPD_E24664BF74F3,trans-nerolidol.sdf,/structures/trans-nerolidol.sdf,sdf,exact_normalized_name,1.0,local_sdf_library
CMPD_8074C366FF56,trans-p-Mentha-1_7__8-dien-2-ol.sdf,/structures/trans-p-Mentha-1_7__8-dien-2-ol.sdf,sdf,exact_normalized_name,1.0,local_sdf_library
CMPD_86761DEDAB74,trans-p-Mentha-2_8-dien-1-ol.sdf,/structures/trans-p-Mentha-2_8-dien-1-ol.sdf,sdf,fuzzy_normalized_name,0.976,local_sdf_library
CMPD_7741BA3CE4E3,trans-pinocarveol.sdf,/structures/trans-pinocarveol.sdf,sdf,exact_normalized_name,1.0,local_sdf_library
CMPD_975677BF9802,Trans-resveratrol-3-O-glucoside.sdf,/structures/Trans-resveratrol-3-O-glucoside.sdf,sdf,exact_normalized_name,1.0,local_sdf_library
CMPD_42845ABEE19F,trans-sabinene.sdf,/structures/trans-sabinene.sdf,sdf,exact_normalized_name,1.0,local_sdf_library
CMPD_2BD70E235CFA,Trans-sabinyl_acetate.sdf,/structures/Trans-sabinyl_acetate.sdf,sdf,exact_normalized_name,1.0,local_sdf_library
CMPD_3BB1B91E33AA,Trans-sesquisabinene_hydrate.sdf,/structures/Trans-sesquisabinene_hydrate.sdf,sdf,exact_normalized_name,1.0,local_sdf_library
CMPD_CDE6FD0DFA68,Trans-Thujone.sdf,/structures/Trans-Thujone.sdf,sdf,exact_normalized_name,1.0,local_sdf_library
CMPD_36C83E0B7290,Trans-tiliroside.sdf,/structures/Trans-tiliroside.sdf,sdf,exact_normalized_name,1.0,local_sdf_library
CMPD_CE2BB8122699,Trans-totarol.sdf,/structures/Trans-totarol.sdf,sdf,exact_normalized_name,1.0,local_sdf_library
CMPD_C99F72F316E2,trans-Vaccenic_acid.sdf,/structures/trans-Vaccenic_acid.sdf,sdf,exact_normalized_name,1.0,local_sdf_library
CMPD_1D7772B3B35D,trans-verbenol.sdf,/structures/trans-verbenol.sdf,sdf,exact_normalized_name,1.0,local_sdf_library
CMPD_F4C950F8B958,trans-β-farnesene.sdf,/structures/trans-β-farnesene.sdf,sdf,exact_normalized_name,1.0,local_sdf_library
CMPD_0F380C4D3884,trans_caryophyllene.sdf,/structures/trans_caryophyllene.sdf,sdf,exact_normalized_name,1.0,local_sdf_library
CMPD_5CFEA2DAAAC4,trans_ferulic_acid.sdf,/structures/trans_ferulic_acid.sdf,sdf,exact_normalized_name,1.0,local_sdf_library
CMPD_1EE04A4E7FB0,traumatic_acid.sdf,/structures/traumatic_acid.sdf,sdf,exact_normalized_name,1.0,local_sdf_library
CMPD_37E7B270E165,trehalose.sdf,/structures/trehalose.sdf,sdf,exact_normalized_name,1.0,local_sdf_library
CMPD_12CA4E0C84FD,tremulone.sdf,/structures/tremulone.sdf,sdf,exact_normalized_name,1.0,local_sdf_library
CMPD_3438FA48FEB9,tri-methyl-2-pentadecanone.sdf,/structures/tri-methyl-2-pentadecanone.sdf,sdf,exact_normalized_name,1.0,local_sdf_library
CMPD_A5CFD34F551C,Triazolo_1_5-a_pyrimidin-7-ol.sdf,/structures/Triazolo_1_5-a_pyrimidin-7-ol.sdf,sdf,exact_normalized_name,1.0,local_sdf_library
CMPD_B881AF970D8D,tribulusamide_C.sdf,/structures/tribulusamide_C.sdf,sdf,exact_normalized_name,1.0,local_sdf_library
CMPD_8D1BA4DF28E4,Tribulusterine.sdf,/structures/Tribulusterine.sdf,sdf,exact_normalized_name,1.0,local_sdf_library
CMPD_8C7200C14367,Tricin.sdf,/structures/Tricin.sdf,sdf,exact_normalized_name,1.0,local_sdf_library
CMPD_65868551A495,tricin_5-glucoside.sdf,/structures/tricin_5-glucoside.sdf,sdf,exact_normalized_name,1.0,local_sdf_library
CMPD_0F3889C21D4C,Tricin_7-O-beta-D-glucopyranoside.sdf,/structures/Tricin_7-O-beta-D-glucopyranoside.sdf,sdf,exact_normalized_name,1.0,local_sdf_library
CMPD_8C7200C14367,tricine.sdf,/structures/tricine.sdf,sdf,fuzzy_normalized_name,0.923,local_sdf_library
CMPD_075B96F8C910,tridecanal.sdf,/structures/tridecanal.sdf,sdf,exact_normalized_name,1.0,local_sdf_library
CMPD_21283A0857E2,Tridecane.sdf,/structures/Tridecane.sdf,sdf,exact_normalized_name,1.0,local_sdf_library
CMPD_5FC54F9C5374,Tridecanoic_acid.sdf,/structures/Tridecanoic_acid.sdf,sdf,exact_normalized_name,1.0,local_sdf_library
CMPD_2DDB8E05DD13,tridecene.sdf,/structures/tridecene.sdf,sdf,exact_normalized_name,1.0,local_sdf_library
CMPD_E2C7E416F147,Trifolirhizin.sdf,/structures/Trifolirhizin.sdf,sdf,exact_normalized_name,1.0,local_sdf_library
CMPD_D482C2FA4561,trihydroxyflavone.sdf,/structures/trihydroxyflavone.sdf,sdf,exact_normalized_name,1.0,local_sdf_library
CMPD_A2D15E82EDF3,trilobatin.sdf,/structures/trilobatin.sdf,sdf,exact_normalized_name,1.0,local_sdf_library
CMPD_3438FA48FEB9,trimethyl-2-pentadecanone.sdf,/structures/trimethyl-2-pentadecanone.sdf,sdf,exact_normalized_name,1.0,local_sdf_library
CMPD_E4144386DBAB,trimethylundecane.sdf,/structures/trimethylundecane.sdf,sdf,exact_normalized_name,1.0,local_sdf_library
CMPD_B5A02F8A7F2D,Trojanoside_H.sdf,/structures/Trojanoside_H.sdf,sdf,exact_normalized_name,1.0,local_sdf_library
CMPD_38620A2EDBBA,tropic_acid.sdf,/structures/tropic_acid.sdf,sdf,exact_normalized_name,1.0,local_sdf_library
CMPD_0F31C607371D,Tropone.sdf,/structures/Tropone.sdf,sdf,exact_normalized_name,1.0,local_sdf_library
CMPD_3DBBF139A20E,Troupin.sdf,/structures/Troupin.sdf,sdf,exact_normalized_name,1.0,local_sdf_library
CMPD_6F60330E357C,Trypacidin.sdf,/structures/Trypacidin.sdf,sdf,exact_normalized_name,1.0,local_sdf_library
CMPD_3136C650C779,Tryptophan.sdf,/structures/Tryptophan.sdf,sdf,exact_normalized_name,1.0,local_sdf_library
CMPD_6612A6EEDB9D,Tuberiferin.sdf,/structures/Tuberiferin.sdf,sdf,exact_normalized_name,1.0,local_sdf_library
CMPD_300890280359,Tubuloside_B.sdf,/structures/Tubuloside_B.sdf,sdf,exact_normalized_name,1.0,local_sdf_library
CMPD_465826B2DF30,turkesterone.sdf,/structures/turkesterone.sdf,sdf,exact_normalized_name,1.0,local_sdf_library
CMPD_E027EB97AA69,turneforcidine.sdf,/structures/turneforcidine.sdf,sdf,exact_normalized_name,1.0,local_sdf_library
CMPD_47791BA4032E,tyramine.sdf,/structures/tyramine.sdf,sdf,exact_normalized_name,1.0,local_sdf_library
CMPD_D126C72D12A4,tyrosol.sdf,/structures/tyrosol.sdf,sdf,exact_normalized_name,1.0,local_sdf_library
CMPD_7EDA29C4BFC0,Umbelliferon.sdf,/structures/Umbelliferon.sdf,sdf,exact_normalized_name,1.0,local_sdf_library
CMPD_9467D3B3061E,Umbelliferone.sdf,/structures/Umbelliferone.sdf,sdf,exact_normalized_name,1.0,local_sdf_library
CMPD_165297028D6F,Umbellulone.sdf,/structures/Umbellulone.sdf,sdf,exact_normalized_name,1.0,local_sdf_library
CMPD_B701017A47FA,Uncinacarpan.sdf,/structures/Uncinacarpan.sdf,sdf,exact_normalized_name,1.0,local_sdf_library
CMPD_33B5F3343196,Uncinanone_A.sdf,/structures/Uncinanone_A.sdf,sdf,exact_normalized_name,1.0,local_sdf_library
CMPD_DFC60CDDC299,Uncinanone_B.sdf,/structures/Uncinanone_B.sdf,sdf,exact_normalized_name,1.0,local_sdf_library
CMPD_1B9A9415ABB3,Uncinanone_C.sdf,/structures/Uncinanone_C.sdf,sdf,exact_normalized_name,1.0,local_sdf_library
CMPD_A85CBAC85811,Uncinanone_D.sdf,/structures/Uncinanone_D.sdf,sdf,exact_normalized_name,1.0,local_sdf_library
CMPD_6A3615D2BC1D,Uncinanone_E.sdf,/structures/Uncinanone_E.sdf,sdf,exact_normalized_name,1.0,local_sdf_library
CMPD_68C8DA7D9320,undec-10-ynoic_acid.sdf,/structures/undec-10-ynoic_acid.sdf,sdf,exact_normalized_name,1.0,local_sdf_library
CMPD_CEEB73556FEE,Undecane.sdf,/structures/Undecane.sdf,sdf,exact_normalized_name,1.0,local_sdf_library
CMPD_F6C62B69AEAD,Undecanoic_acid.sdf,/structures/Undecanoic_acid.sdf,sdf,exact_normalized_name,1.0,local_sdf_library
CMPD_6F052A1282C0,Undecanol.sdf,/structures/Undecanol.sdf,sdf,exact_normalized_name,1.0,local_sdf_library
CMPD_3287AB7B5FB2,undecanone.sdf,/structures/undecanone.sdf,sdf,exact_normalized_name,1.0,local_sdf_library
CMPD_6A4D68376105,ungeremine.sdf,/structures/ungeremine.sdf,sdf,exact_normalized_name,1.0,local_sdf_library
CMPD_BE98FBB5FEF1,Uracil.sdf,/structures/Uracil.sdf,sdf,exact_normalized_name,1.0,local_sdf_library
CMPD_2FAF3B6C245C,Urgineaglyceride_A.sdf,/structures/Urgineaglyceride_A.sdf,sdf,exact_normalized_name,1.0,local_sdf_library
CMPD_2FB4F05208A1,Uridine.sdf,/structures/Uridine.sdf,sdf,exact_normalized_name,1.0,local_sdf_library
CMPD_941272552F6A,Urs-12-ene-1_3_11_15-tetraol.sdf,/structures/Urs-12-ene-1_3_11_15-tetraol.sdf,sdf,exact_normalized_name,1.0,local_sdf_library
CMPD_F1AEDF4A3678,Urs-12-ene-3_16-diol.sdf,/structures/Urs-12-ene-3_16-diol.sdf,sdf,exact_normalized_name,1.0,local_sdf_library
CMPD_F261340DFF5E,Urs-12-ene-3beta_7beta_15alpha_28-tetrol.sdf,/structures/Urs-12-ene-3beta_7beta_15alpha_28-tetrol.sdf,sdf,fuzzy_normalized_name,0.912,local_sdf_library
CMPD_DD71E86F259F,Ursane.sdf,/structures/Ursane.sdf,sdf,exact_normalized_name,1.0,local_sdf_library
CMPD_0560A36224BA,Ursolic_acid.sdf,/structures/Ursolic_acid.sdf,sdf,exact_normalized_name,1.0,local_sdf_library
CMPD_BA2D5D67CD3D,ursolic_aldehyde.sdf,/structures/ursolic_aldehyde.sdf,sdf,exact_normalized_name,1.0,local_sdf_library
CMPD_C1622DC812C0,Ursuolic_acid.sdf,/structures/Ursuolic_acid.sdf,sdf,exact_normalized_name,1.0,local_sdf_library
CMPD_02C6A71FC167,Usnic_acid.sdf,/structures/Usnic_acid.sdf,sdf,exact_normalized_name,1.0,local_sdf_library
CMPD_3E29C305BC35,uvaol.sdf,/structures/uvaol.sdf,sdf,exact_normalized_name,1.0,local_sdf_library
CMPD_0D1E5186BA66,uzarigenin.sdf,/structures/uzarigenin.sdf,sdf,exact_normalized_name,1.0,local_sdf_library
CMPD_81646397A69D,Valencene.sdf,/structures/Valencene.sdf,sdf,exact_normalized_name,1.0,local_sdf_library
CMPD_02CEFC720571,valeranone.sdf,/structures/valeranone.sdf,sdf,exact_normalized_name,1.0,local_sdf_library
CMPD_312EEBAAFB95,Valerophenone.sdf,/structures/Valerophenone.sdf,sdf,exact_normalized_name,1.0,local_sdf_library
CMPD_ED40E281CA3A,valine.sdf,/structures/valine.sdf,sdf,exact_normalized_name,1.0,local_sdf_library
CMPD_7D0A0B8D3182,valoneic_acid.sdf,/structures/valoneic_acid.sdf,sdf,exact_normalized_name,1.0,local_sdf_library
CMPD_EF421B22AD89,valtrate.sdf,/structures/valtrate.sdf,sdf,exact_normalized_name,1.0,local_sdf_library
CMPD_9CDA55BCC70E,vanilic_acid.sdf,/structures/vanilic_acid.sdf,sdf,fuzzy_normalized_name,0.957,local_sdf_library
CMPD_2BDA0D46B475,vanillic_acid-4-O-beta-D-glucopyranoside.sdf,/structures/vanillic_acid-4-O-beta-D-glucopyranoside.sdf,sdf,exact_normalized_name,1.0,local_sdf_library
CMPD_9CDA55BCC70E,Vanillic_acid.sdf,/structures/Vanillic_acid.sdf,sdf,exact_normalized_name,1.0,local_sdf_library
CMPD_599E9EF3575A,Vanillic_aldehyde.sdf,/structures/Vanillic_aldehyde.sdf,sdf,exact_normalized_name,1.0,local_sdf_library
CMPD_6A323D7F7D8E,Vanillin.sdf,/structures/Vanillin.sdf,sdf,exact_normalized_name,1.0,local_sdf_library
CMPD_60D88DA19416,vasicine.sdf,/structures/vasicine.sdf,sdf,exact_normalized_name,1.0,local_sdf_library
CMPD_4E0EBA8E57FB,vasicinol.sdf,/structures/vasicinol.sdf,sdf,exact_normalized_name,1.0,local_sdf_library
CMPD_7279DF58C089,vasicinone.sdf,/structures/vasicinone.sdf,sdf,exact_normalized_name,1.0,local_sdf_library
CMPD_D87682C14967,Velutin.sdf,/structures/Velutin.sdf,sdf,exact_normalized_name,1.0,local_sdf_library
CMPD_3ECB764CAC8F,veratrol.sdf,/structures/veratrol.sdf,sdf,exact_normalized_name,1.0,local_sdf_library
CMPD_E14395031F78,veratrole.sdf,/structures/veratrole.sdf,sdf,exact_normalized_name,1.0,local_sdf_library
CMPD_55FE6DF8D112,Verbascoside.sdf,/structures/Verbascoside.sdf,sdf,exact_normalized_name,1.0,local_sdf_library
CMPD_3731A002011C,Verbenalin.sdf,/structures/Verbenalin.sdf,sdf,exact_normalized_name,1.0,local_sdf_library
CMPD_E5BDA7E0175C,Verbenene.sdf,/structures/Verbenene.sdf,sdf,exact_normalized_name,1.0,local_sdf_library
CMPD_449C56685417,Verbenol.sdf,/structures/Verbenol.sdf,sdf,exact_normalized_name,1.0,local_sdf_library
CMPD_6E7497A5D61B,verbenone.sdf,/structures/verbenone.sdf,sdf,exact_normalized_name,1.0,local_sdf_library
CMPD_B3037344AC55,Verbenyl_angelate.sdf,/structures/Verbenyl_angelate.sdf,sdf,exact_normalized_name,1.0,local_sdf_library
CMPD_C45FD0F5BB7C,vernolic_acid.sdf,/structures/vernolic_acid.sdf,sdf,exact_normalized_name,1.0,local_sdf_library
CMPD_D96AD91297DF,Verruculogen.sdf,/structures/Verruculogen.sdf,sdf,exact_normalized_name,1.0,local_sdf_library
CMPD_8435B9825AFF,vescalin.sdf,/structures/vescalin.sdf,sdf,fuzzy_normalized_name,0.889,local_sdf_library
CMPD_191C8D4C6602,vetivenic_acid.sdf,/structures/vetivenic_acid.sdf,sdf,exact_normalized_name,1.0,local_sdf_library
CMPD_12BEFAA10FF6,viburtinal.sdf,/structures/viburtinal.sdf,sdf,exact_normalized_name,1.0,local_sdf_library
CMPD_8146045BD211,Viburtinoside_I.sdf,/structures/Viburtinoside_I.sdf,sdf,exact_normalized_name,1.0,local_sdf_library
CMPD_33D3ACF9BD42,vicenin-1.sdf,/structures/vicenin-1.sdf,sdf,exact_normalized_name,1.0,local_sdf_library
CMPD_AFD8DED88BBB,vicenin-2.sdf,/structures/vicenin-2.sdf,sdf,exact_normalized_name,1.0,local_sdf_library
CMPD_1A6088025E25,Vicenin-3.sdf,/structures/Vicenin-3.sdf,sdf,exact_normalized_name,1.0,local_sdf_library
CMPD_1A6088025E25,vicenin.sdf,/structures/vicenin.sdf,sdf,fuzzy_normalized_name,0.933,local_sdf_library
CMPD_1B90C465A429,Vicenin_II.sdf,/structures/Vicenin_II.sdf,sdf,exact_normalized_name,1.0,local_sdf_library
CMPD_D207FE5FF4B0,villosin.sdf,/structures/villosin.sdf,sdf,exact_normalized_name,1.0,local_sdf_library
CMPD_C8BAA7A49B37,violanthin.sdf,/structures/violanthin.sdf,sdf,exact_normalized_name,1.0,local_sdf_library
CMPD_F7851D43FCA2,Violaxanthin.sdf,/structures/Violaxanthin.sdf,sdf,exact_normalized_name,1.0,local_sdf_library
CMPD_05212201D97B,Viridiflorol.sdf,/structures/Viridiflorol.sdf,sdf,exact_normalized_name,1.0,local_sdf_library
CMPD_AA3FF7875815,viscic_acid.sdf,/structures/viscic_acid.sdf,sdf,exact_normalized_name,1.0,local_sdf_library
CMPD_60D63AB37E68,Visnagin.sdf,/structures/Visnagin.sdf,sdf,exact_normalized_name,1.0,local_sdf_library
CMPD_184D325314FD,vitamin_B.sdf,/structures/vitamin_B.sdf,sdf,exact_normalized_name,1.0,local_sdf_library
CMPD_54164C3DB2C5,vitamin_B1.sdf,/structures/vitamin_B1.sdf,sdf,exact_normalized_name,1.0,local_sdf_library
CMPD_3D76B76DDB2D,Vitamin_C.sdf,/structures/Vitamin_C.sdf,sdf,fuzzy_normalized_name,0.941,local_sdf_library
CMPD_1F2BDB8C99B4,Vitamin_E.sdf,/structures/Vitamin_E.sdf,sdf,exact_normalized_name,1.0,local_sdf_library
CMPD_7F225510AFB1,vitamins_A.sdf,/structures/vitamins_A.sdf,sdf,exact_normalized_name,1.0,local_sdf_library
CMPD_1D16E1926EF1,vitamins_B2.sdf,/structures/vitamins_B2.sdf,sdf,exact_normalized_name,1.0,local_sdf_library
CMPD_B992398E5CC2,vitamins_B3.sdf,/structures/vitamins_B3.sdf,sdf,exact_normalized_name,1.0,local_sdf_library
CMPD_0768DB3FD0F7,vitexin.sdf,/structures/vitexin.sdf,sdf,exact_normalized_name,1.0,local_sdf_library
CMPD_11C375D50DC8,Vitexin_2-O-beta-D-glucopyranoside.sdf,/structures/Vitexin_2-O-beta-D-glucopyranoside.sdf,sdf,exact_normalized_name,1.0,local_sdf_library
CMPD_C699A5F43E45,vitexin_2__-O-rhamnoside.sdf,/structures/vitexin_2__-O-rhamnoside.sdf,sdf,exact_normalized_name,1.0,local_sdf_library
CMPD_B466E6DDD588,Vitexin_4-O-glucoside.sdf,/structures/Vitexin_4-O-glucoside.sdf,sdf,exact_normalized_name,1.0,local_sdf_library
CMPD_C699A5F43E45,Vitexin_4__-O-rhamnoside.sdf,/structures/Vitexin_4__-O-rhamnoside.sdf,sdf,fuzzy_normalized_name,0.947,local_sdf_library
CMPD_F375674EB200,vulgarone_B.sdf,/structures/vulgarone_B.sdf,sdf,exact_normalized_name,1.0,local_sdf_library
CMPD_408004C7EB0C,Wallichoside.sdf,/structures/Wallichoside.sdf,sdf,exact_normalized_name,1.0,local_sdf_library
CMPD_0083E66DBD00,withaferin_A.sdf,/structures/withaferin_A.sdf,sdf,exact_normalized_name,1.0,local_sdf_library
CMPD_C920B4BA27CC,Withanolide.sdf,/structures/Withanolide.sdf,sdf,exact_normalized_name,1.0,local_sdf_library
CMPD_C6E9E371B324,withanolide_F.sdf,/structures/withanolide_F.sdf,sdf,exact_normalized_name,1.0,local_sdf_library
CMPD_13BA32916CE6,wogonin.sdf,/structures/wogonin.sdf,sdf,exact_normalized_name,1.0,local_sdf_library
CMPD_042501BF7E8D,Xanthomicrol.sdf,/structures/Xanthomicrol.sdf,sdf,exact_normalized_name,1.0,local_sdf_library
CMPD_5576E1C05D07,Xanthotoxin.sdf,/structures/Xanthotoxin.sdf,sdf,exact_normalized_name,1.0,local_sdf_library
CMPD_5061A7BA894E,Xanthotoxol.sdf,/structures/Xanthotoxol.sdf,sdf,exact_normalized_name,1.0,local_sdf_library
CMPD_A9EE4CAF4799,xylitol.sdf,/structures/xylitol.sdf,sdf,exact_normalized_name,1.0,local_sdf_library
CMPD_2B5999D688D1,Xylose.sdf,/structures/Xylose.sdf,sdf,exact_normalized_name,1.0,local_sdf_library
CMPD_C29AD50BD2B4,youssoufene_A1.sdf,/structures/youssoufene_A1.sdf,sdf,exact_normalized_name,1.0,local_sdf_library
CMPD_01716EA3349B,Youssoufene_A2.sdf,/structures/Youssoufene_A2.sdf,sdf,fuzzy_normalized_name,0.963,local_sdf_library
CMPD_2E1EF7B59C44,Youssoufene_B3.sdf,/structures/Youssoufene_B3.sdf,sdf,fuzzy_normalized_name,0.963,local_sdf_library
CMPD_90A91F1DE23E,Youssoufene_B4.sdf,/structures/Youssoufene_B4.sdf,sdf,fuzzy_normalized_name,0.963,local_sdf_library
CMPD_F0D51A24278C,Z-10-pentadecen-1-ol.sdf,/structures/Z-10-pentadecen-1-ol.sdf,sdf,exact_normalized_name,1.0,local_sdf_library
CMPD_EFE5E1B22951,Z-10-tetradecen-1-ol_acetate.sdf,/structures/Z-10-tetradecen-1-ol_acetate.sdf,sdf,exact_normalized_name,1.0,local_sdf_library
CMPD_885F99F0ED94,Z-3_13-octadecadienol.sdf,/structures/Z-3_13-octadecadienol.sdf,sdf,exact_normalized_name,1.0,local_sdf_library
CMPD_274A584293A6,Z-beta-ocimene.sdf,/structures/Z-beta-ocimene.sdf,sdf,exact_normalized_name,1.0,local_sdf_library
CMPD_3FCE840581C4,Z-caryophyllene.sdf,/structures/Z-caryophyllene.sdf,sdf,exact_normalized_name,1.0,local_sdf_library
CMPD_43EC67D75890,Z-jasmone.sdf,/structures/Z-jasmone.sdf,sdf,exact_normalized_name,1.0,local_sdf_library
CMPD_04C7235C4713,Z-ocimenone.sdf,/structures/Z-ocimenone.sdf,sdf,exact_normalized_name,1.0,local_sdf_library
CMPD_83A31A2998F9,Z-piperitone_oxide.sdf,/structures/Z-piperitone_oxide.sdf,sdf,exact_normalized_name,1.0,local_sdf_library
CMPD_3B0582E61D31,zaluzanin_D.sdf,/structures/zaluzanin_D.sdf,sdf,exact_normalized_name,1.0,local_sdf_library
CMPD_864B05FF60DA,zapoterin.sdf,/structures/zapoterin.sdf,sdf,exact_normalized_name,1.0,local_sdf_library
CMPD_CB6F41619C29,Zapotin.sdf,/structures/Zapotin.sdf,sdf,exact_normalized_name,1.0,local_sdf_library
CMPD_0484DCD3E3DD,Zingiberene.sdf,/structures/Zingiberene.sdf,sdf,exact_normalized_name,1.0,local_sdf_library
CMPD_4468D917BDAC,zingiberenol.sdf,/structures/zingiberenol.sdf,sdf,exact_normalized_name,1.0,local_sdf_library
CMPD_D03A45E938F8,Zygophyloside_E.sdf,/structures/Zygophyloside_E.sdf,sdf,fuzzy_normalized_name,0.966,local_sdf_library
CMPD_3E6FBBBD492D,Zygophyloside_G.sdf,/structures/Zygophyloside_G.sdf,sdf,fuzzy_normalized_name,0.966,local_sdf_library
CMPD_6538A55A3DE1,Zygophyloside_H.sdf,/structures/Zygophyloside_H.sdf,sdf,fuzzy_normalized_name,0.966,local_sdf_library
CMPD_82B0D1D397CD,zymosterol.sdf,/structures/zymosterol.sdf,sdf,exact_normalized_name,1.0,local_sdf_library
CMPD_1C697DBBB24A,ß-boswellic_acid.sdf,/structures/ß-boswellic_acid.sdf,sdf,exact_normalized_name,1.0,local_sdf_library
CMPD_05BCA8B37376,α-amyrin.sdf,/structures/α-amyrin.sdf,sdf,exact_normalized_name,1.0,local_sdf_library
CMPD_5CD4A9AB7EEE,α-calacorene.sdf,/structures/α-calacorene.sdf,sdf,exact_normalized_name,1.0,local_sdf_library
CMPD_2582CEDDB645,α-elemol.sdf,/structures/α-elemol.sdf,sdf,exact_normalized_name,1.0,local_sdf_library
CMPD_209234EBC4BC,α-eudesmol.sdf,/structures/α-eudesmol.sdf,sdf,exact_normalized_name,1.0,local_sdf_library
CMPD_952CD17D0B54,α-fenchone.sdf,/structures/α-fenchone.sdf,sdf,exact_normalized_name,1.0,local_sdf_library
CMPD_0077FA216F22,α-guaiene.sdf,/structures/α-guaiene.sdf,sdf,exact_normalized_name,1.0,local_sdf_library
CMPD_937E22E64717,α-Himachalene.sdf,/structures/α-Himachalene.sdf,sdf,exact_normalized_name,1.0,local_sdf_library
CMPD_B83D85D68924,α-humulene.sdf,/structures/α-humulene.sdf,sdf,exact_normalized_name,1.0,local_sdf_library
CMPD_25FC06801E6E,α-Linolenic_acid.sdf,/structures/α-Linolenic_acid.sdf,sdf,exact_normalized_name,1.0,local_sdf_library
CMPD_01C55654AE2B,α-pinene.sdf,/structures/α-pinene.sdf,sdf,exact_normalized_name,1.0,local_sdf_library
CMPD_467BE1C39C22,α-Sitosterol.sdf,/structures/α-Sitosterol.sdf,sdf,exact_normalized_name,1.0,local_sdf_library
CMPD_55D574907D68,α-Spinasterol.sdf,/structures/α-Spinasterol.sdf,sdf,exact_normalized_name,1.0,local_sdf_library
CMPD_35D655449AC9,α-terpinene.sdf,/structures/α-terpinene.sdf,sdf,exact_normalized_name,1.0,local_sdf_library
CMPD_1F50F707EFB9,α-Terpineol.sdf,/structures/α-Terpineol.sdf,sdf,exact_normalized_name,1.0,local_sdf_library
CMPD_759A7BE0F6C2,α-terpinyl_acetate.sdf,/structures/α-terpinyl_acetate.sdf,sdf,fuzzy_normalized_name,0.952,local_sdf_library
CMPD_90241C63F538,α-thujene.sdf,/structures/α-thujene.sdf,sdf,exact_normalized_name,1.0,local_sdf_library
CMPD_01C55654AE2B,α_pinene.sdf,/structures/α_pinene.sdf,sdf,exact_normalized_name,1.0,local_sdf_library
CMPD_282083E0AFCB,α_tocopherol.sdf,/structures/α_tocopherol.sdf,sdf,exact_normalized_name,1.0,local_sdf_library
CMPD_2AD94585B8D7,β-bourbonene.sdf,/structures/β-bourbonene.sdf,sdf,exact_normalized_name,1.0,local_sdf_library
CMPD_04AD8851E404,β-caryophyllene.sdf,/structures/β-caryophyllene.sdf,sdf,exact_normalized_name,1.0,local_sdf_library
CMPD_614BAB9A8580,β-caryophyllene_oxide.sdf,/structures/β-caryophyllene_oxide.sdf,sdf,exact_normalized_name,1.0,local_sdf_library
CMPD_729A5BF6F40D,β-Cubebene.sdf,/structures/β-Cubebene.sdf,sdf,exact_normalized_name,1.0,local_sdf_library
CMPD_DDE690D9503A,β-dihydro_agarofuran.sdf,/structures/β-dihydro_agarofuran.sdf,sdf,exact_normalized_name,1.0,local_sdf_library
CMPD_368B1CE5E9F5,β-Elemene.sdf,/structures/β-Elemene.sdf,sdf,exact_normalized_name,1.0,local_sdf_library
CMPD_9111E050A6ED,β-eudesmol.sdf,/structures/β-eudesmol.sdf,sdf,exact_normalized_name,1.0,local_sdf_library
CMPD_ACC1281DF6E3,β-glucose.sdf,/structures/β-glucose.sdf,sdf,fuzzy_normalized_name,0.917,local_sdf_library
CMPD_037380FE106F,β-ionone.sdf,/structures/β-ionone.sdf,sdf,exact_normalized_name,1.0,local_sdf_library
CMPD_998FEEF8C108,β-phellandrene.sdf,/structures/β-phellandrene.sdf,sdf,exact_normalized_name,1.0,local_sdf_library
CMPD_2DF7AFDF548B,β-pinene.sdf,/structures/β-pinene.sdf,sdf,exact_normalized_name,1.0,local_sdf_library
CMPD_A62B73E39601,β-selinene.sdf,/structures/β-selinene.sdf,sdf,exact_normalized_name,1.0,local_sdf_library
CMPD_5973651E7281,β-sesquiphellandrene.sdf,/structures/β-sesquiphellandrene.sdf,sdf,exact_normalized_name,1.0,local_sdf_library
CMPD_5C49A6EAB5DA,β-Sitosterol.sdf,/structures/β-Sitosterol.sdf,sdf,exact_normalized_name,1.0,local_sdf_library
CMPD_1C3186E267B1,β-sitosterol_3-O-acetate.sdf,/structures/β-sitosterol_3-O-acetate.sdf,sdf,fuzzy_normalized_name,0.905,local_sdf_library
CMPD_8A3EB4E42636,β-Thujone.sdf,/structures/β-Thujone.sdf,sdf,fuzzy_normalized_name,0.909,local_sdf_library
CMPD_9105099B2C4A,β-tocopherol.sdf,/structures/β-tocopherol.sdf,sdf,fuzzy_normalized_name,0.897,local_sdf_library
CMPD_3048506AD093,β_bisabolene.sdf,/structures/β_bisabolene.sdf,sdf,exact_normalized_name,1.0,local_sdf_library
CMPD_C2366418C71B,β_D_glucopyranoside.sdf,/structures/β_D_glucopyranoside.sdf,sdf,fuzzy_normalized_name,0.9,local_sdf_library
CMPD_2DF7AFDF548B,β_pinene.sdf,/structures/β_pinene.sdf,sdf,exact_normalized_name,1.0,local_sdf_library
CMPD_5C49A6EAB5DA,β_sitosterol.sdf,/structures/β_sitosterol.sdf,sdf,exact_normalized_name,1.0,local_sdf_library
CMPD_2144D035AE00,γ-Cadinene.sdf,/structures/γ-Cadinene.sdf,sdf,exact_normalized_name,1.0,local_sdf_library
CMPD_8A44CBFAA8E8,γ-Elemene.sdf,/structures/γ-Elemene.sdf,sdf,exact_normalized_name,1.0,local_sdf_library
CMPD_C4665D623E06,γ-Himachalene.sdf,/structures/γ-Himachalene.sdf,sdf,exact_normalized_name,1.0,local_sdf_library
CMPD_D12B3FC39ED6,γ-patchoulene.sdf,/structures/γ-patchoulene.sdf,sdf,exact_normalized_name,1.0,local_sdf_library
CMPD_5FADFE12DE56,γ-terpinene.sdf,/structures/γ-terpinene.sdf,sdf,exact_normalized_name,1.0,local_sdf_library
CMPD_040D246AC420,γ-tocopherol.sdf,/structures/γ-tocopherol.sdf,sdf,exact_normalized_name,1.0,local_sdf_library
CMPD_699482D0D158,γ_muurolene.sdf,/structures/γ_muurolene.sdf,sdf,exact_normalized_name,1.0,local_sdf_library
CMPD_87667A7D21E4,δ-3-carene.sdf,/structures/δ-3-carene.sdf,sdf,fuzzy_normalized_name,0.957,local_sdf_library
CMPD_0F2DBF71D488,δ-Cadinene.sdf,/structures/δ-Cadinene.sdf,sdf,exact_normalized_name,1.0,local_sdf_library
CMPD_662BBE7274B0,δ-elemene.sdf,/structures/δ-elemene.sdf,sdf,exact_normalized_name,1.0,local_sdf_library
CMPD_87667A7D21E4,Δ3-carene.sdf,/structures/Δ3-carene.sdf,sdf,fuzzy_normalized_name,0.957,local_sdf_library
CMPD_4B1C0AF86BE1,Δ7_campesterol.sdf,/structures/Δ7_campesterol.sdf,sdf,exact_normalized_name,1.0,local_sdf_library
CMPD_9105099B2C4A,δ_tocopherol.sdf,/structures/δ_tocopherol.sdf,sdf,exact_normalized_name,1.0,local_sdf_library
